VPR FPGA Placement and Routing.
Version: 8.1.0-dev+25e723a24-dirty
Revision: 8.0.0-5699-g25e723a24-dirty
Compiled: 2022-07-20T00:22:19
Compiler: GNU 11.2.0 on Linux-5.15.0-1014-azure x86_64
Build Info: Release IPO PGO VTR_ASSERT_LEVEL=2

University of Toronto
verilogtorouting.org
vtr-users@googlegroups.com
This is free open source code under MIT license.

VPR was run with the following command-line:
/home/cl4/opt/f4pga/xc7/conda/envs/xc7/bin/vpr /home/cl4/opt/f4pga/xc7/share/f4pga/arch/xc7z010_test/arch.timing.xml zybo_top.eblif --max_router_iterations 500 --routing_failure_predictor off --router_high_fanout_threshold -1 --constant_net_method route --route_chan_width 500 --router_heap bucket --clock_modeling route --place_delta_delay_matrix_calculation_method dijkstra --place_delay_model delta --router_lookahead extended_map --check_route quick --strict_checks off --allow_dangling_combinational_nodes on --disable_errors check_unbuffered_edges:check_route --congested_routing_iteration_threshold 0.8 --incremental_reroute_delay_ripup off --base_cost_type delay_normalized_length_bounded --bb_factor 10 --acc_fac 0.7 --astar_fac 1.8 --initial_pres_fac 2.828 --pres_fac_mult 1.2 --check_rr_graph off --suppress_warnings noisy_warnings-xc7z010_test_place.log,sum_pin_class:check_unbuffered_edges:load_rr_indexed_data_T_values:check_rr_node:trans_per_R:check_route:set_rr_graph_tool_comment:calculate_average_switch --device xc7z010-test --read_rr_graph /home/cl4/opt/f4pga/xc7/share/f4pga/arch/xc7z010_test/rr_graph_xc7z010_test.rr_graph.real.bin --read_router_lookahead /home/cl4/opt/f4pga/xc7/share/f4pga/arch/xc7z010_test/rr_graph_xc7z010_test.lookahead.bin --read_placement_delay_lookup /home/cl4/opt/f4pga/xc7/share/f4pga/arch/xc7z010_test/rr_graph_xc7z010_test.place_delay.bin --sdc_file zybo_top.sdc --fix_clusters constraints.place --place

Using up to 1 parallel worker(s)

Architecture file: /home/cl4/opt/f4pga/xc7/share/f4pga/arch/xc7z010_test/arch.timing.xml
Circuit name: zybo_top

# Loading Architecture Description
Warning 1: Model 'CE_VCC' output port 'VCC' has no timing specification (no clock specified to create a sequential output port, not combinationally connected to any inputs, not a clock output)
Warning 2: Model 'SR_GND' output port 'GND' has no timing specification (no clock specified to create a sequential output port, not combinationally connected to any inputs, not a clock output)
Warning 3: Model 'NO_FF' input port 'D' has no timing specification (no clock specified to create a sequential input port, not combinationally connected to any outputs, not a clock input)
Warning 4: Model 'NO_DRAM' input port 'A' has no timing specification (no clock specified to create a sequential input port, not combinationally connected to any outputs, not a clock input)
Warning 5: Model 'RAMB18E1_VPR' input port 'ADDRBTIEHIGH' has no timing specification (no clock specified to create a sequential input port, not combinationally connected to any outputs, not a clock input)
Warning 6: Model 'RAMB18E1_VPR' input port 'ADDRATIEHIGH' has no timing specification (no clock specified to create a sequential input port, not combinationally connected to any outputs, not a clock input)
Warning 7: Model 'RAMB36E1_PRIM' input port 'CASCADEINB' has no timing specification (no clock specified to create a sequential input port, not combinationally connected to any outputs, not a clock input)
Warning 8: Model 'RAMB36E1_PRIM' input port 'CASCADEINA' has no timing specification (no clock specified to create a sequential input port, not combinationally connected to any outputs, not a clock input)
Warning 9: Model 'RAMB36E1_PRIM' output port 'CASCADEOUTB' has no timing specification (no clock specified to create a sequential output port, not combinationally connected to any inputs, not a clock output)
Warning 10: Model 'RAMB36E1_PRIM' output port 'CASCADEOUTA' has no timing specification (no clock specified to create a sequential output port, not combinationally connected to any inputs, not a clock output)
Warning 11: Model 'OSERDESE2_VPR' input port 'SHIFTIN2' has no timing specification (no clock specified to create a sequential input port, not combinationally connected to any outputs, not a clock input)
Warning 12: Model 'OSERDESE2_VPR' input port 'SHIFTIN1' has no timing specification (no clock specified to create a sequential input port, not combinationally connected to any outputs, not a clock input)
Warning 13: Model 'OSERDESE2_VPR' input port 'TBYTEIN' has no timing specification (no clock specified to create a sequential input port, not combinationally connected to any outputs, not a clock input)
Warning 14: Model 'OSERDESE2_VPR' output port 'SHIFTOUT2' has no timing specification (no clock specified to create a sequential output port, not combinationally connected to any inputs, not a clock output)
Warning 15: Model 'OSERDESE2_VPR' output port 'SHIFTOUT1' has no timing specification (no clock specified to create a sequential output port, not combinationally connected to any inputs, not a clock output)
Warning 16: Model 'ODDR_VPR' input port 'SR' has no timing specification (no clock specified to create a sequential input port, not combinationally connected to any outputs, not a clock input)
Warning 17: Model 'IDELAYE2_VPR' input port 'LDPIPEEN' has no timing specification (no clock specified to create a sequential input port, not combinationally connected to any outputs, not a clock input)
Warning 18: Model 'IDELAYE2_VPR' input port 'IDATAIN' has no timing specification (no clock specified to create a sequential input port, not combinationally connected to any outputs, not a clock input)
Warning 19: Model 'IDELAYE2_VPR' input port 'DATAIN' has no timing specification (no clock specified to create a sequential input port, not combinationally connected to any outputs, not a clock input)
Warning 20: Model 'IDELAYE2_VPR' input port 'CNTVALUEIN4' has no timing specification (no clock specified to create a sequential input port, not combinationally connected to any outputs, not a clock input)
Warning 21: Model 'IDELAYE2_VPR' input port 'CNTVALUEIN3' has no timing specification (no clock specified to create a sequential input port, not combinationally connected to any outputs, not a clock input)
Warning 22: Model 'IDELAYE2_VPR' input port 'CNTVALUEIN2' has no timing specification (no clock specified to create a sequential input port, not combinationally connected to any outputs, not a clock input)
Warning 23: Model 'IDELAYE2_VPR' input port 'CNTVALUEIN1' has no timing specification (no clock specified to create a sequential input port, not combinationally connected to any outputs, not a clock input)
Warning 24: Model 'IDELAYE2_VPR' input port 'CNTVALUEIN0' has no timing specification (no clock specified to create a sequential input port, not combinationally connected to any outputs, not a clock input)
Warning 25: Model 'IDELAYE2_VPR' input port 'CINVCTRL' has no timing specification (no clock specified to create a sequential input port, not combinationally connected to any outputs, not a clock input)
Warning 26: Model 'IDELAYE2_VPR' output port 'DATAOUT' has no timing specification (no clock specified to create a sequential output port, not combinationally connected to any inputs, not a clock output)
Warning 27: Model 'IDELAYE2_VPR' output port 'CNTVALUEOUT4' has no timing specification (no clock specified to create a sequential output port, not combinationally connected to any inputs, not a clock output)
Warning 28: Model 'IDELAYE2_VPR' output port 'CNTVALUEOUT3' has no timing specification (no clock specified to create a sequential output port, not combinationally connected to any inputs, not a clock output)
Warning 29: Model 'IDELAYE2_VPR' output port 'CNTVALUEOUT2' has no timing specification (no clock specified to create a sequential output port, not combinationally connected to any inputs, not a clock output)
Warning 30: Model 'IDELAYE2_VPR' output port 'CNTVALUEOUT1' has no timing specification (no clock specified to create a sequential output port, not combinationally connected to any inputs, not a clock output)
Warning 31: Model 'IDELAYE2_VPR' output port 'CNTVALUEOUT0' has no timing specification (no clock specified to create a sequential output port, not combinationally connected to any inputs, not a clock output)
Warning 32: Model 'ISERDESE2_NO_IDELAY_VPR' input port 'SHIFTIN2' has no timing specification (no clock specified to create a sequential input port, not combinationally connected to any outputs, not a clock input)
Warning 33: Model 'ISERDESE2_NO_IDELAY_VPR' input port 'SHIFTIN1' has no timing specification (no clock specified to create a sequential input port, not combinationally connected to any outputs, not a clock input)
Warning 34: Model 'ISERDESE2_NO_IDELAY_VPR' input port 'DYNCLKSEL' has no timing specification (no clock specified to create a sequential input port, not combinationally connected to any outputs, not a clock input)
Warning 35: Model 'ISERDESE2_NO_IDELAY_VPR' input port 'DYNCLKDIVSEL' has no timing specification (no clock specified to create a sequential input port, not combinationally connected to any outputs, not a clock input)
Warning 36: Model 'ISERDESE2_NO_IDELAY_VPR' input port 'DYNCLKDIVPSEL' has no timing specification (no clock specified to create a sequential input port, not combinationally connected to any outputs, not a clock input)
Warning 37: Model 'ISERDESE2_NO_IDELAY_VPR' output port 'SHIFTOUT2' has no timing specification (no clock specified to create a sequential output port, not combinationally connected to any inputs, not a clock output)
Warning 38: Model 'ISERDESE2_NO_IDELAY_VPR' output port 'SHIFTOUT1' has no timing specification (no clock specified to create a sequential output port, not combinationally connected to any inputs, not a clock output)
Warning 39: Model 'ISERDESE2_IDELAY_VPR' input port 'SHIFTIN2' has no timing specification (no clock specified to create a sequential input port, not combinationally connected to any outputs, not a clock input)
Warning 40: Model 'ISERDESE2_IDELAY_VPR' input port 'SHIFTIN1' has no timing specification (no clock specified to create a sequential input port, not combinationally connected to any outputs, not a clock input)
Warning 41: Model 'ISERDESE2_IDELAY_VPR' input port 'DYNCLKSEL' has no timing specification (no clock specified to create a sequential input port, not combinationally connected to any outputs, not a clock input)
Warning 42: Model 'ISERDESE2_IDELAY_VPR' input port 'DYNCLKDIVSEL' has no timing specification (no clock specified to create a sequential input port, not combinationally connected to any outputs, not a clock input)
Warning 43: Model 'ISERDESE2_IDELAY_VPR' input port 'DYNCLKDIVPSEL' has no timing specification (no clock specified to create a sequential input port, not combinationally connected to any outputs, not a clock input)
Warning 44: Model 'ISERDESE2_IDELAY_VPR' output port 'SHIFTOUT2' has no timing specification (no clock specified to create a sequential output port, not combinationally connected to any inputs, not a clock output)
Warning 45: Model 'ISERDESE2_IDELAY_VPR' output port 'SHIFTOUT1' has no timing specification (no clock specified to create a sequential output port, not combinationally connected to any inputs, not a clock output)
Warning 46: Model 'IDDR_VPR' input port 'SR' has no timing specification (no clock specified to create a sequential input port, not combinationally connected to any outputs, not a clock input)
Warning 47: Model 'BUFGCTRL_VPR' input port 'S1' has no timing specification (no clock specified to create a sequential input port, not combinationally connected to any outputs, not a clock input)
Warning 48: Model 'BUFGCTRL_VPR' input port 'S0' has no timing specification (no clock specified to create a sequential input port, not combinationally connected to any outputs, not a clock input)
Warning 49: Model 'BUFGCTRL_VPR' input port 'IGNORE1' has no timing specification (no clock specified to create a sequential input port, not combinationally connected to any outputs, not a clock input)
Warning 50: Model 'BUFGCTRL_VPR' input port 'IGNORE0' has no timing specification (no clock specified to create a sequential input port, not combinationally connected to any outputs, not a clock input)
Warning 51: Model 'BUFGCTRL_VPR' input port 'CE1' has no timing specification (no clock specified to create a sequential input port, not combinationally connected to any outputs, not a clock input)
Warning 52: Model 'BUFGCTRL_VPR' input port 'CE0' has no timing specification (no clock specified to create a sequential input port, not combinationally connected to any outputs, not a clock input)
Warning 53: Model 'PLLE2_ADV_VPR' input port 'PWRDWN' has no timing specification (no clock specified to create a sequential input port, not combinationally connected to any outputs, not a clock input)
Warning 54: Model 'PLLE2_ADV_VPR' input port 'CLKINSEL' has no timing specification (no clock specified to create a sequential input port, not combinationally connected to any outputs, not a clock input)
Warning 55: Model 'IDELAYCTRL' input port 'RST' has no timing specification (no clock specified to create a sequential input port, not combinationally connected to any outputs, not a clock input)
Warning 56: Model 'IDELAYCTRL' output port 'RDY' has no timing specification (no clock specified to create a sequential output port, not combinationally connected to any inputs, not a clock output)
Warning 57: Model 'PS7_VPR' input port 'SAXIHP3WVALID' has no timing specification (no clock specified to create a sequential input port, not combinationally connected to any outputs, not a clock input)
Warning 58: Model 'PS7_VPR' input port 'SAXIHP3WSTRB' has no timing specification (no clock specified to create a sequential input port, not combinationally connected to any outputs, not a clock input)
Warning 59: Model 'PS7_VPR' input port 'SAXIHP3WRISSUECAP1EN' has no timing specification (no clock specified to create a sequential input port, not combinationally connected to any outputs, not a clock input)
Warning 60: Model 'PS7_VPR' input port 'SAXIHP3WLAST' has no timing specification (no clock specified to create a sequential input port, not combinationally connected to any outputs, not a clock input)
Warning 61: Model 'PS7_VPR' input port 'SAXIHP3WID' has no timing specification (no clock specified to create a sequential input port, not combinationally connected to any outputs, not a clock input)
Warning 62: Model 'PS7_VPR' input port 'SAXIHP3WDATA' has no timing specification (no clock specified to create a sequential input port, not combinationally connected to any outputs, not a clock input)
Warning 63: Model 'PS7_VPR' input port 'SAXIHP3RREADY' has no timing specification (no clock specified to create a sequential input port, not combinationally connected to any outputs, not a clock input)
Warning 64: Model 'PS7_VPR' input port 'SAXIHP3RDISSUECAP1EN' has no timing specification (no clock specified to create a sequential input port, not combinationally connected to any outputs, not a clock input)
Warning 65: Model 'PS7_VPR' input port 'SAXIHP3BREADY' has no timing specification (no clock specified to create a sequential input port, not combinationally connected to any outputs, not a clock input)
Warning 66: Model 'PS7_VPR' input port 'SAXIHP3AWVALID' has no timing specification (no clock specified to create a sequential input port, not combinationally connected to any outputs, not a clock input)
Warning 67: Model 'PS7_VPR' input port 'SAXIHP3AWSIZE' has no timing specification (no clock specified to create a sequential input port, not combinationally connected to any outputs, not a clock input)
Warning 68: Model 'PS7_VPR' input port 'SAXIHP3AWQOS' has no timing specification (no clock specified to create a sequential input port, not combinationally connected to any outputs, not a clock input)
Warning 69: Model 'PS7_VPR' input port 'SAXIHP3AWPROT' has no timing specification (no clock specified to create a sequential input port, not combinationally connected to any outputs, not a clock input)
Warning 70: Model 'PS7_VPR' input port 'SAXIHP3AWLOCK' has no timing specification (no clock specified to create a sequential input port, not combinationally connected to any outputs, not a clock input)
Warning 71: Model 'PS7_VPR' input port 'SAXIHP3AWLEN' has no timing specification (no clock specified to create a sequential input port, not combinationally connected to any outputs, not a clock input)
Warning 72: Model 'PS7_VPR' input port 'SAXIHP3AWID' has no timing specification (no clock specified to create a sequential input port, not combinationally connected to any outputs, not a clock input)
Warning 73: Model 'PS7_VPR' input port 'SAXIHP3AWCACHE' has no timing specification (no clock specified to create a sequential input port, not combinationally connected to any outputs, not a clock input)
Warning 74: Model 'PS7_VPR' input port 'SAXIHP3AWBURST' has no timing specification (no clock specified to create a sequential input port, not combinationally connected to any outputs, not a clock input)
Warning 75: Model 'PS7_VPR' input port 'SAXIHP3AWADDR' has no timing specification (no clock specified to create a sequential input port, not combinationally connected to any outputs, not a clock input)
Warning 76: Model 'PS7_VPR' input port 'SAXIHP3ARVALID' has no timing specification (no clock specified to create a sequential input port, not combinationally connected to any outputs, not a clock input)
Warning 77: Model 'PS7_VPR' input port 'SAXIHP3ARSIZE' has no timing specification (no clock specified to create a sequential input port, not combinationally connected to any outputs, not a clock input)
Warning 78: Model 'PS7_VPR' input port 'SAXIHP3ARQOS' has no timing specification (no clock specified to create a sequential input port, not combinationally connected to any outputs, not a clock input)
Warning 79: Model 'PS7_VPR' input port 'SAXIHP3ARPROT' has no timing specification (no clock specified to create a sequential input port, not combinationally connected to any outputs, not a clock input)
Warning 80: Model 'PS7_VPR' input port 'SAXIHP3ARLOCK' has no timing specification (no clock specified to create a sequential input port, not combinationally connected to any outputs, not a clock input)
Warning 81: Model 'PS7_VPR' input port 'SAXIHP3ARLEN' has no timing specification (no clock specified to create a sequential input port, not combinationally connected to any outputs, not a clock input)
Warning 82: Model 'PS7_VPR' input port 'SAXIHP3ARID' has no timing specification (no clock specified to create a sequential input port, not combinationally connected to any outputs, not a clock input)
Warning 83: Model 'PS7_VPR' input port 'SAXIHP3ARCACHE' has no timing specification (no clock specified to create a sequential input port, not combinationally connected to any outputs, not a clock input)
Warning 84: Model 'PS7_VPR' input port 'SAXIHP3ARBURST' has no timing specification (no clock specified to create a sequential input port, not combinationally connected to any outputs, not a clock input)
Warning 85: Model 'PS7_VPR' input port 'SAXIHP3ARADDR' has no timing specification (no clock specified to create a sequential input port, not combinationally connected to any outputs, not a clock input)
Warning 86: Model 'PS7_VPR' input port 'SAXIHP3ACLK' has no timing specification (no clock specified to create a sequential input port, not combinationally connected to any outputs, not a clock input)
Warning 87: Model 'PS7_VPR' input port 'SAXIHP2WVALID' has no timing specification (no clock specified to create a sequential input port, not combinationally connected to any outputs, not a clock input)
Warning 88: Model 'PS7_VPR' input port 'SAXIHP2WSTRB' has no timing specification (no clock specified to create a sequential input port, not combinationally connected to any outputs, not a clock input)
Warning 89: Model 'PS7_VPR' input port 'SAXIHP2WRISSUECAP1EN' has no timing specification (no clock specified to create a sequential input port, not combinationally connected to any outputs, not a clock input)
Warning 90: Model 'PS7_VPR' input port 'SAXIHP2WLAST' has no timing specification (no clock specified to create a sequential input port, not combinationally connected to any outputs, not a clock input)
Warning 91: Model 'PS7_VPR' input port 'SAXIHP2WID' has no timing specification (no clock specified to create a sequential input port, not combinationally connected to any outputs, not a clock input)
Warning 92: Model 'PS7_VPR' input port 'SAXIHP2WDATA' has no timing specification (no clock specified to create a sequential input port, not combinationally connected to any outputs, not a clock input)
Warning 93: Model 'PS7_VPR' input port 'SAXIHP2RREADY' has no timing specification (no clock specified to create a sequential input port, not combinationally connected to any outputs, not a clock input)
Warning 94: Model 'PS7_VPR' input port 'SAXIHP2RDISSUECAP1EN' has no timing specification (no clock specified to create a sequential input port, not combinationally connected to any outputs, not a clock input)
Warning 95: Model 'PS7_VPR' input port 'SAXIHP2BREADY' has no timing specification (no clock specified to create a sequential input port, not combinationally connected to any outputs, not a clock input)
Warning 96: Model 'PS7_VPR' input port 'SAXIHP2AWVALID' has no timing specification (no clock specified to create a sequential input port, not combinationally connected to any outputs, not a clock input)
Warning 97: Model 'PS7_VPR' input port 'SAXIHP2AWSIZE' has no timing specification (no clock specified to create a sequential input port, not combinationally connected to any outputs, not a clock input)
Warning 98: Model 'PS7_VPR' input port 'SAXIHP2AWQOS' has no timing specification (no clock specified to create a sequential input port, not combinationally connected to any outputs, not a clock input)
Warning 99: Model 'PS7_VPR' input port 'SAXIHP2AWPROT' has no timing specification (no clock specified to create a sequential input port, not combinationally connected to any outputs, not a clock input)
Warning 100: Model 'PS7_VPR' input port 'SAXIHP2AWLOCK' has no timing specification (no clock specified to create a sequential input port, not combinationally connected to any outputs, not a clock input)
Warning 101: Model 'PS7_VPR' input port 'SAXIHP2AWLEN' has no timing specification (no clock specified to create a sequential input port, not combinationally connected to any outputs, not a clock input)
Warning 102: Model 'PS7_VPR' input port 'SAXIHP2AWID' has no timing specification (no clock specified to create a sequential input port, not combinationally connected to any outputs, not a clock input)
Warning 103: Model 'PS7_VPR' input port 'SAXIHP2AWCACHE' has no timing specification (no clock specified to create a sequential input port, not combinationally connected to any outputs, not a clock input)
Warning 104: Model 'PS7_VPR' input port 'SAXIHP2AWBURST' has no timing specification (no clock specified to create a sequential input port, not combinationally connected to any outputs, not a clock input)
Warning 105: Model 'PS7_VPR' input port 'SAXIHP2AWADDR' has no timing specification (no clock specified to create a sequential input port, not combinationally connected to any outputs, not a clock input)
Warning 106: Model 'PS7_VPR' input port 'SAXIHP2ARVALID' has no timing specification (no clock specified to create a sequential input port, not combinationally connected to any outputs, not a clock input)
Warning 107: Model 'PS7_VPR' input port 'SAXIHP2ARSIZE' has no timing specification (no clock specified to create a sequential input port, not combinationally connected to any outputs, not a clock input)
Warning 108: Model 'PS7_VPR' input port 'SAXIHP2ARQOS' has no timing specification (no clock specified to create a sequential input port, not combinationally connected to any outputs, not a clock input)
Warning 109: Model 'PS7_VPR' input port 'SAXIHP2ARPROT' has no timing specification (no clock specified to create a sequential input port, not combinationally connected to any outputs, not a clock input)
Warning 110: Model 'PS7_VPR' input port 'SAXIHP2ARLOCK' has no timing specification (no clock specified to create a sequential input port, not combinationally connected to any outputs, not a clock input)
Warning 111: Model 'PS7_VPR' input port 'SAXIHP2ARLEN' has no timing specification (no clock specified to create a sequential input port, not combinationally connected to any outputs, not a clock input)
Warning 112: Model 'PS7_VPR' input port 'SAXIHP2ARID' has no timing specification (no clock specified to create a sequential input port, not combinationally connected to any outputs, not a clock input)
Warning 113: Model 'PS7_VPR' input port 'SAXIHP2ARCACHE' has no timing specification (no clock specified to create a sequential input port, not combinationally connected to any outputs, not a clock input)
Warning 114: Model 'PS7_VPR' input port 'SAXIHP2ARBURST' has no timing specification (no clock specified to create a sequential input port, not combinationally connected to any outputs, not a clock input)
Warning 115: Model 'PS7_VPR' input port 'SAXIHP2ARADDR' has no timing specification (no clock specified to create a sequential input port, not combinationally connected to any outputs, not a clock input)
Warning 116: Model 'PS7_VPR' input port 'SAXIHP2ACLK' has no timing specification (no clock specified to create a sequential input port, not combinationally connected to any outputs, not a clock input)
Warning 117: Model 'PS7_VPR' input port 'SAXIHP1WVALID' has no timing specification (no clock specified to create a sequential input port, not combinationally connected to any outputs, not a clock input)
Warning 118: Model 'PS7_VPR' input port 'SAXIHP1WSTRB' has no timing specification (no clock specified to create a sequential input port, not combinationally connected to any outputs, not a clock input)
Warning 119: Model 'PS7_VPR' input port 'SAXIHP1WRISSUECAP1EN' has no timing specification (no clock specified to create a sequential input port, not combinationally connected to any outputs, not a clock input)
Warning 120: Model 'PS7_VPR' input port 'SAXIHP1WLAST' has no timing specification (no clock specified to create a sequential input port, not combinationally connected to any outputs, not a clock input)
Warning 121: Model 'PS7_VPR' input port 'SAXIHP1WID' has no timing specification (no clock specified to create a sequential input port, not combinationally connected to any outputs, not a clock input)
Warning 122: Model 'PS7_VPR' input port 'SAXIHP1WDATA' has no timing specification (no clock specified to create a sequential input port, not combinationally connected to any outputs, not a clock input)
Warning 123: Model 'PS7_VPR' input port 'SAXIHP1RREADY' has no timing specification (no clock specified to create a sequential input port, not combinationally connected to any outputs, not a clock input)
Warning 124: Model 'PS7_VPR' input port 'SAXIHP1RDISSUECAP1EN' has no timing specification (no clock specified to create a sequential input port, not combinationally connected to any outputs, not a clock input)
Warning 125: Model 'PS7_VPR' input port 'SAXIHP1BREADY' has no timing specification (no clock specified to create a sequential input port, not combinationally connected to any outputs, not a clock input)
Warning 126: Model 'PS7_VPR' input port 'SAXIHP1AWVALID' has no timing specification (no clock specified to create a sequential input port, not combinationally connected to any outputs, not a clock input)
Warning 127: Model 'PS7_VPR' input port 'SAXIHP1AWSIZE' has no timing specification (no clock specified to create a sequential input port, not combinationally connected to any outputs, not a clock input)
Warning 128: Model 'PS7_VPR' input port 'SAXIHP1AWQOS' has no timing specification (no clock specified to create a sequential input port, not combinationally connected to any outputs, not a clock input)
Warning 129: Model 'PS7_VPR' input port 'SAXIHP1AWPROT' has no timing specification (no clock specified to create a sequential input port, not combinationally connected to any outputs, not a clock input)
Warning 130: Model 'PS7_VPR' input port 'SAXIHP1AWLOCK' has no timing specification (no clock specified to create a sequential input port, not combinationally connected to any outputs, not a clock input)
Warning 131: Model 'PS7_VPR' input port 'SAXIHP1AWLEN' has no timing specification (no clock specified to create a sequential input port, not combinationally connected to any outputs, not a clock input)
Warning 132: Model 'PS7_VPR' input port 'SAXIHP1AWID' has no timing specification (no clock specified to create a sequential input port, not combinationally connected to any outputs, not a clock input)
Warning 133: Model 'PS7_VPR' input port 'SAXIHP1AWCACHE' has no timing specification (no clock specified to create a sequential input port, not combinationally connected to any outputs, not a clock input)
Warning 134: Model 'PS7_VPR' input port 'SAXIHP1AWBURST' has no timing specification (no clock specified to create a sequential input port, not combinationally connected to any outputs, not a clock input)
Warning 135: Model 'PS7_VPR' input port 'SAXIHP1AWADDR' has no timing specification (no clock specified to create a sequential input port, not combinationally connected to any outputs, not a clock input)
Warning 136: Model 'PS7_VPR' input port 'SAXIHP1ARVALID' has no timing specification (no clock specified to create a sequential input port, not combinationally connected to any outputs, not a clock input)
Warning 137: Model 'PS7_VPR' input port 'SAXIHP1ARSIZE' has no timing specification (no clock specified to create a sequential input port, not combinationally connected to any outputs, not a clock input)
Warning 138: Model 'PS7_VPR' input port 'SAXIHP1ARQOS' has no timing specification (no clock specified to create a sequential input port, not combinationally connected to any outputs, not a clock input)
Warning 139: Model 'PS7_VPR' input port 'SAXIHP1ARPROT' has no timing specification (no clock specified to create a sequential input port, not combinationally connected to any outputs, not a clock input)
Warning 140: Model 'PS7_VPR' input port 'SAXIHP1ARLOCK' has no timing specification (no clock specified to create a sequential input port, not combinationally connected to any outputs, not a clock input)
Warning 141: Model 'PS7_VPR' input port 'SAXIHP1ARLEN' has no timing specification (no clock specified to create a sequential input port, not combinationally connected to any outputs, not a clock input)
Warning 142: Model 'PS7_VPR' input port 'SAXIHP1ARID' has no timing specification (no clock specified to create a sequential input port, not combinationally connected to any outputs, not a clock input)
Warning 143: Model 'PS7_VPR' input port 'SAXIHP1ARCACHE' has no timing specification (no clock specified to create a sequential input port, not combinationally connected to any outputs, not a clock input)
Warning 144: Model 'PS7_VPR' input port 'SAXIHP1ARBURST' has no timing specification (no clock specified to create a sequential input port, not combinationally connected to any outputs, not a clock input)
Warning 145: Model 'PS7_VPR' input port 'SAXIHP1ARADDR' has no timing specification (no clock specified to create a sequential input port, not combinationally connected to any outputs, not a clock input)
Warning 146: Model 'PS7_VPR' input port 'SAXIHP1ACLK' has no timing specification (no clock specified to create a sequential input port, not combinationally connected to any outputs, not a clock input)
Warning 147: Model 'PS7_VPR' input port 'SAXIHP0WVALID' has no timing specification (no clock specified to create a sequential input port, not combinationally connected to any outputs, not a clock input)
Warning 148: Model 'PS7_VPR' input port 'SAXIHP0WSTRB' has no timing specification (no clock specified to create a sequential input port, not combinationally connected to any outputs, not a clock input)
Warning 149: Model 'PS7_VPR' input port 'SAXIHP0WRISSUECAP1EN' has no timing specification (no clock specified to create a sequential input port, not combinationally connected to any outputs, not a clock input)
Warning 150: Model 'PS7_VPR' input port 'SAXIHP0WLAST' has no timing specification (no clock specified to create a sequential input port, not combinationally connected to any outputs, not a clock input)
Warning 151: Model 'PS7_VPR' input port 'SAXIHP0WID' has no timing specification (no clock specified to create a sequential input port, not combinationally connected to any outputs, not a clock input)
Warning 152: Model 'PS7_VPR' input port 'SAXIHP0WDATA' has no timing specification (no clock specified to create a sequential input port, not combinationally connected to any outputs, not a clock input)
Warning 153: Model 'PS7_VPR' input port 'SAXIHP0RREADY' has no timing specification (no clock specified to create a sequential input port, not combinationally connected to any outputs, not a clock input)
Warning 154: Model 'PS7_VPR' input port 'SAXIHP0RDISSUECAP1EN' has no timing specification (no clock specified to create a sequential input port, not combinationally connected to any outputs, not a clock input)
Warning 155: Model 'PS7_VPR' input port 'SAXIHP0BREADY' has no timing specification (no clock specified to create a sequential input port, not combinationally connected to any outputs, not a clock input)
Warning 156: Model 'PS7_VPR' input port 'SAXIHP0AWVALID' has no timing specification (no clock specified to create a sequential input port, not combinationally connected to any outputs, not a clock input)
Warning 157: Model 'PS7_VPR' input port 'SAXIHP0AWSIZE' has no timing specification (no clock specified to create a sequential input port, not combinationally connected to any outputs, not a clock input)
Warning 158: Model 'PS7_VPR' input port 'SAXIHP0AWQOS' has no timing specification (no clock specified to create a sequential input port, not combinationally connected to any outputs, not a clock input)
Warning 159: Model 'PS7_VPR' input port 'SAXIHP0AWPROT' has no timing specification (no clock specified to create a sequential input port, not combinationally connected to any outputs, not a clock input)
Warning 160: Model 'PS7_VPR' input port 'SAXIHP0AWLOCK' has no timing specification (no clock specified to create a sequential input port, not combinationally connected to any outputs, not a clock input)
Warning 161: Model 'PS7_VPR' input port 'SAXIHP0AWLEN' has no timing specification (no clock specified to create a sequential input port, not combinationally connected to any outputs, not a clock input)
Warning 162: Model 'PS7_VPR' input port 'SAXIHP0AWID' has no timing specification (no clock specified to create a sequential input port, not combinationally connected to any outputs, not a clock input)
Warning 163: Model 'PS7_VPR' input port 'SAXIHP0AWCACHE' has no timing specification (no clock specified to create a sequential input port, not combinationally connected to any outputs, not a clock input)
Warning 164: Model 'PS7_VPR' input port 'SAXIHP0AWBURST' has no timing specification (no clock specified to create a sequential input port, not combinationally connected to any outputs, not a clock input)
Warning 165: Model 'PS7_VPR' input port 'SAXIHP0AWADDR' has no timing specification (no clock specified to create a sequential input port, not combinationally connected to any outputs, not a clock input)
Warning 166: Model 'PS7_VPR' input port 'SAXIHP0ARVALID' has no timing specification (no clock specified to create a sequential input port, not combinationally connected to any outputs, not a clock input)
Warning 167: Model 'PS7_VPR' input port 'SAXIHP0ARSIZE' has no timing specification (no clock specified to create a sequential input port, not combinationally connected to any outputs, not a clock input)
Warning 168: Model 'PS7_VPR' input port 'SAXIHP0ARQOS' has no timing specification (no clock specified to create a sequential input port, not combinationally connected to any outputs, not a clock input)
Warning 169: Model 'PS7_VPR' input port 'SAXIHP0ARPROT' has no timing specification (no clock specified to create a sequential input port, not combinationally connected to any outputs, not a clock input)
Warning 170: Model 'PS7_VPR' input port 'SAXIHP0ARLOCK' has no timing specification (no clock specified to create a sequential input port, not combinationally connected to any outputs, not a clock input)
Warning 171: Model 'PS7_VPR' input port 'SAXIHP0ARLEN' has no timing specification (no clock specified to create a sequential input port, not combinationally connected to any outputs, not a clock input)
Warning 172: Model 'PS7_VPR' input port 'SAXIHP0ARID' has no timing specification (no clock specified to create a sequential input port, not combinationally connected to any outputs, not a clock input)
Warning 173: Model 'PS7_VPR' input port 'SAXIHP0ARCACHE' has no timing specification (no clock specified to create a sequential input port, not combinationally connected to any outputs, not a clock input)
Warning 174: Model 'PS7_VPR' input port 'SAXIHP0ARBURST' has no timing specification (no clock specified to create a sequential input port, not combinationally connected to any outputs, not a clock input)
Warning 175: Model 'PS7_VPR' input port 'SAXIHP0ARADDR' has no timing specification (no clock specified to create a sequential input port, not combinationally connected to any outputs, not a clock input)
Warning 176: Model 'PS7_VPR' input port 'SAXIHP0ACLK' has no timing specification (no clock specified to create a sequential input port, not combinationally connected to any outputs, not a clock input)
Warning 177: Model 'PS7_VPR' input port 'SAXIGP1WVALID' has no timing specification (no clock specified to create a sequential input port, not combinationally connected to any outputs, not a clock input)
Warning 178: Model 'PS7_VPR' input port 'SAXIGP1WSTRB' has no timing specification (no clock specified to create a sequential input port, not combinationally connected to any outputs, not a clock input)
Warning 179: Model 'PS7_VPR' input port 'SAXIGP1WLAST' has no timing specification (no clock specified to create a sequential input port, not combinationally connected to any outputs, not a clock input)
Warning 180: Model 'PS7_VPR' input port 'SAXIGP1WID' has no timing specification (no clock specified to create a sequential input port, not combinationally connected to any outputs, not a clock input)
Warning 181: Model 'PS7_VPR' input port 'SAXIGP1WDATA' has no timing specification (no clock specified to create a sequential input port, not combinationally connected to any outputs, not a clock input)
Warning 182: Model 'PS7_VPR' input port 'SAXIGP1RREADY' has no timing specification (no clock specified to create a sequential input port, not combinationally connected to any outputs, not a clock input)
Warning 183: Model 'PS7_VPR' input port 'SAXIGP1BREADY' has no timing specification (no clock specified to create a sequential input port, not combinationally connected to any outputs, not a clock input)
Warning 184: Model 'PS7_VPR' input port 'SAXIGP1AWVALID' has no timing specification (no clock specified to create a sequential input port, not combinationally connected to any outputs, not a clock input)
Warning 185: Model 'PS7_VPR' input port 'SAXIGP1AWSIZE' has no timing specification (no clock specified to create a sequential input port, not combinationally connected to any outputs, not a clock input)
Warning 186: Model 'PS7_VPR' input port 'SAXIGP1AWQOS' has no timing specification (no clock specified to create a sequential input port, not combinationally connected to any outputs, not a clock input)
Warning 187: Model 'PS7_VPR' input port 'SAXIGP1AWPROT' has no timing specification (no clock specified to create a sequential input port, not combinationally connected to any outputs, not a clock input)
Warning 188: Model 'PS7_VPR' input port 'SAXIGP1AWLOCK' has no timing specification (no clock specified to create a sequential input port, not combinationally connected to any outputs, not a clock input)
Warning 189: Model 'PS7_VPR' input port 'SAXIGP1AWLEN' has no timing specification (no clock specified to create a sequential input port, not combinationally connected to any outputs, not a clock input)
Warning 190: Model 'PS7_VPR' input port 'SAXIGP1AWID' has no timing specification (no clock specified to create a sequential input port, not combinationally connected to any outputs, not a clock input)
Warning 191: Model 'PS7_VPR' input port 'SAXIGP1AWCACHE' has no timing specification (no clock specified to create a sequential input port, not combinationally connected to any outputs, not a clock input)
Warning 192: Model 'PS7_VPR' input port 'SAXIGP1AWBURST' has no timing specification (no clock specified to create a sequential input port, not combinationally connected to any outputs, not a clock input)
Warning 193: Model 'PS7_VPR' input port 'SAXIGP1AWADDR' has no timing specification (no clock specified to create a sequential input port, not combinationally connected to any outputs, not a clock input)
Warning 194: Model 'PS7_VPR' input port 'SAXIGP1ARVALID' has no timing specification (no clock specified to create a sequential input port, not combinationally connected to any outputs, not a clock input)
Warning 195: Model 'PS7_VPR' input port 'SAXIGP1ARSIZE' has no timing specification (no clock specified to create a sequential input port, not combinationally connected to any outputs, not a clock input)
Warning 196: Model 'PS7_VPR' input port 'SAXIGP1ARQOS' has no timing specification (no clock specified to create a sequential input port, not combinationally connected to any outputs, not a clock input)
Warning 197: Model 'PS7_VPR' input port 'SAXIGP1ARPROT' has no timing specification (no clock specified to create a sequential input port, not combinationally connected to any outputs, not a clock input)
Warning 198: Model 'PS7_VPR' input port 'SAXIGP1ARLOCK' has no timing specification (no clock specified to create a sequential input port, not combinationally connected to any outputs, not a clock input)
Warning 199: Model 'PS7_VPR' input port 'SAXIGP1ARLEN' has no timing specification (no clock specified to create a sequential input port, not combinationally connected to any outputs, not a clock input)
Warning 200: Model 'PS7_VPR' input port 'SAXIGP1ARID' has no timing specification (no clock specified to create a sequential input port, not combinationally connected to any outputs, not a clock input)
Warning 201: Model 'PS7_VPR' input port 'SAXIGP1ARCACHE' has no timing specification (no clock specified to create a sequential input port, not combinationally connected to any outputs, not a clock input)
Warning 202: Model 'PS7_VPR' input port 'SAXIGP1ARBURST' has no timing specification (no clock specified to create a sequential input port, not combinationally connected to any outputs, not a clock input)
Warning 203: Model 'PS7_VPR' input port 'SAXIGP1ARADDR' has no timing specification (no clock specified to create a sequential input port, not combinationally connected to any outputs, not a clock input)
Warning 204: Model 'PS7_VPR' input port 'SAXIGP1ACLK' has no timing specification (no clock specified to create a sequential input port, not combinationally connected to any outputs, not a clock input)
Warning 205: Model 'PS7_VPR' input port 'SAXIGP0WVALID' has no timing specification (no clock specified to create a sequential input port, not combinationally connected to any outputs, not a clock input)
Warning 206: Model 'PS7_VPR' input port 'SAXIGP0WSTRB' has no timing specification (no clock specified to create a sequential input port, not combinationally connected to any outputs, not a clock input)
Warning 207: Model 'PS7_VPR' input port 'SAXIGP0WLAST' has no timing specification (no clock specified to create a sequential input port, not combinationally connected to any outputs, not a clock input)
Warning 208: Model 'PS7_VPR' input port 'SAXIGP0WID' has no timing specification (no clock specified to create a sequential input port, not combinationally connected to any outputs, not a clock input)
Warning 209: Model 'PS7_VPR' input port 'SAXIGP0WDATA' has no timing specification (no clock specified to create a sequential input port, not combinationally connected to any outputs, not a clock input)
Warning 210: Model 'PS7_VPR' input port 'SAXIGP0RREADY' has no timing specification (no clock specified to create a sequential input port, not combinationally connected to any outputs, not a clock input)
Warning 211: Model 'PS7_VPR' input port 'SAXIGP0BREADY' has no timing specification (no clock specified to create a sequential input port, not combinationally connected to any outputs, not a clock input)
Warning 212: Model 'PS7_VPR' input port 'SAXIGP0AWVALID' has no timing specification (no clock specified to create a sequential input port, not combinationally connected to any outputs, not a clock input)
Warning 213: Model 'PS7_VPR' input port 'SAXIGP0AWSIZE' has no timing specification (no clock specified to create a sequential input port, not combinationally connected to any outputs, not a clock input)
Warning 214: Model 'PS7_VPR' input port 'SAXIGP0AWQOS' has no timing specification (no clock specified to create a sequential input port, not combinationally connected to any outputs, not a clock input)
Warning 215: Model 'PS7_VPR' input port 'SAXIGP0AWPROT' has no timing specification (no clock specified to create a sequential input port, not combinationally connected to any outputs, not a clock input)
Warning 216: Model 'PS7_VPR' input port 'SAXIGP0AWLOCK' has no timing specification (no clock specified to create a sequential input port, not combinationally connected to any outputs, not a clock input)
Warning 217: Model 'PS7_VPR' input port 'SAXIGP0AWLEN' has no timing specification (no clock specified to create a sequential input port, not combinationally connected to any outputs, not a clock input)
Warning 218: Model 'PS7_VPR' input port 'SAXIGP0AWID' has no timing specification (no clock specified to create a sequential input port, not combinationally connected to any outputs, not a clock input)
Warning 219: Model 'PS7_VPR' input port 'SAXIGP0AWCACHE' has no timing specification (no clock specified to create a sequential input port, not combinationally connected to any outputs, not a clock input)
Warning 220: Model 'PS7_VPR' input port 'SAXIGP0AWBURST' has no timing specification (no clock specified to create a sequential input port, not combinationally connected to any outputs, not a clock input)
Warning 221: Model 'PS7_VPR' input port 'SAXIGP0AWADDR' has no timing specification (no clock specified to create a sequential input port, not combinationally connected to any outputs, not a clock input)
Warning 222: Model 'PS7_VPR' input port 'SAXIGP0ARVALID' has no timing specification (no clock specified to create a sequential input port, not combinationally connected to any outputs, not a clock input)
Warning 223: Model 'PS7_VPR' input port 'SAXIGP0ARSIZE' has no timing specification (no clock specified to create a sequential input port, not combinationally connected to any outputs, not a clock input)
Warning 224: Model 'PS7_VPR' input port 'SAXIGP0ARQOS' has no timing specification (no clock specified to create a sequential input port, not combinationally connected to any outputs, not a clock input)
Warning 225: Model 'PS7_VPR' input port 'SAXIGP0ARPROT' has no timing specification (no clock specified to create a sequential input port, not combinationally connected to any outputs, not a clock input)
Warning 226: Model 'PS7_VPR' input port 'SAXIGP0ARLOCK' has no timing specification (no clock specified to create a sequential input port, not combinationally connected to any outputs, not a clock input)
Warning 227: Model 'PS7_VPR' input port 'SAXIGP0ARLEN' has no timing specification (no clock specified to create a sequential input port, not combinationally connected to any outputs, not a clock input)
Warning 228: Model 'PS7_VPR' input port 'SAXIGP0ARID' has no timing specification (no clock specified to create a sequential input port, not combinationally connected to any outputs, not a clock input)
Warning 229: Model 'PS7_VPR' input port 'SAXIGP0ARCACHE' has no timing specification (no clock specified to create a sequential input port, not combinationally connected to any outputs, not a clock input)
Warning 230: Model 'PS7_VPR' input port 'SAXIGP0ARBURST' has no timing specification (no clock specified to create a sequential input port, not combinationally connected to any outputs, not a clock input)
Warning 231: Model 'PS7_VPR' input port 'SAXIGP0ARADDR' has no timing specification (no clock specified to create a sequential input port, not combinationally connected to any outputs, not a clock input)
Warning 232: Model 'PS7_VPR' input port 'SAXIGP0ACLK' has no timing specification (no clock specified to create a sequential input port, not combinationally connected to any outputs, not a clock input)
Warning 233: Model 'PS7_VPR' input port 'SAXIACPWVALID' has no timing specification (no clock specified to create a sequential input port, not combinationally connected to any outputs, not a clock input)
Warning 234: Model 'PS7_VPR' input port 'SAXIACPWSTRB' has no timing specification (no clock specified to create a sequential input port, not combinationally connected to any outputs, not a clock input)
Warning 235: Model 'PS7_VPR' input port 'SAXIACPWLAST' has no timing specification (no clock specified to create a sequential input port, not combinationally connected to any outputs, not a clock input)
Warning 236: Model 'PS7_VPR' input port 'SAXIACPWID' has no timing specification (no clock specified to create a sequential input port, not combinationally connected to any outputs, not a clock input)
Warning 237: Model 'PS7_VPR' input port 'SAXIACPWDATA' has no timing specification (no clock specified to create a sequential input port, not combinationally connected to any outputs, not a clock input)
Warning 238: Model 'PS7_VPR' input port 'SAXIACPRREADY' has no timing specification (no clock specified to create a sequential input port, not combinationally connected to any outputs, not a clock input)
Warning 239: Model 'PS7_VPR' input port 'SAXIACPBREADY' has no timing specification (no clock specified to create a sequential input port, not combinationally connected to any outputs, not a clock input)
Warning 240: Model 'PS7_VPR' input port 'SAXIACPAWVALID' has no timing specification (no clock specified to create a sequential input port, not combinationally connected to any outputs, not a clock input)
Warning 241: Model 'PS7_VPR' input port 'SAXIACPAWUSER' has no timing specification (no clock specified to create a sequential input port, not combinationally connected to any outputs, not a clock input)
Warning 242: Model 'PS7_VPR' input port 'SAXIACPAWSIZE' has no timing specification (no clock specified to create a sequential input port, not combinationally connected to any outputs, not a clock input)
Warning 243: Model 'PS7_VPR' input port 'SAXIACPAWQOS' has no timing specification (no clock specified to create a sequential input port, not combinationally connected to any outputs, not a clock input)
Warning 244: Model 'PS7_VPR' input port 'SAXIACPAWPROT' has no timing specification (no clock specified to create a sequential input port, not combinationally connected to any outputs, not a clock input)
Warning 245: Model 'PS7_VPR' input port 'SAXIACPAWLOCK' has no timing specification (no clock specified to create a sequential input port, not combinationally connected to any outputs, not a clock input)
Warning 246: Model 'PS7_VPR' input port 'SAXIACPAWLEN' has no timing specification (no clock specified to create a sequential input port, not combinationally connected to any outputs, not a clock input)
Warning 247: Model 'PS7_VPR' input port 'SAXIACPAWID' has no timing specification (no clock specified to create a sequential input port, not combinationally connected to any outputs, not a clock input)
Warning 248: Model 'PS7_VPR' input port 'SAXIACPAWCACHE' has no timing specification (no clock specified to create a sequential input port, not combinationally connected to any outputs, not a clock input)
Warning 249: Model 'PS7_VPR' input port 'SAXIACPAWBURST' has no timing specification (no clock specified to create a sequential input port, not combinationally connected to any outputs, not a clock input)
Warning 250: Model 'PS7_VPR' input port 'SAXIACPAWADDR' has no timing specification (no clock specified to create a sequential input port, not combinationally connected to any outputs, not a clock input)
Warning 251: Model 'PS7_VPR' input port 'SAXIACPARVALID' has no timing specification (no clock specified to create a sequential input port, not combinationally connected to any outputs, not a clock input)
Warning 252: Model 'PS7_VPR' input port 'SAXIACPARUSER' has no timing specification (no clock specified to create a sequential input port, not combinationally connected to any outputs, not a clock input)
Warning 253: Model 'PS7_VPR' input port 'SAXIACPARSIZE' has no timing specification (no clock specified to create a sequential input port, not combinationally connected to any outputs, not a clock input)
Warning 254: Model 'PS7_VPR' input port 'SAXIACPARQOS' has no timing specification (no clock specified to create a sequential input port, not combinationally connected to any outputs, not a clock input)
Warning 255: Model 'PS7_VPR' input port 'SAXIACPARPROT' has no timing specification (no clock specified to create a sequential input port, not combinationally connected to any outputs, not a clock input)
Warning 256: Model 'PS7_VPR' input port 'SAXIACPARLOCK' has no timing specification (no clock specified to create a sequential input port, not combinationally connected to any outputs, not a clock input)
Warning 257: Model 'PS7_VPR' input port 'SAXIACPARLEN' has no timing specification (no clock specified to create a sequential input port, not combinationally connected to any outputs, not a clock input)
Warning 258: Model 'PS7_VPR' input port 'SAXIACPARID' has no timing specification (no clock specified to create a sequential input port, not combinationally connected to any outputs, not a clock input)
Warning 259: Model 'PS7_VPR' input port 'SAXIACPARCACHE' has no timing specification (no clock specified to create a sequential input port, not combinationally connected to any outputs, not a clock input)
Warning 260: Model 'PS7_VPR' input port 'SAXIACPARBURST' has no timing specification (no clock specified to create a sequential input port, not combinationally connected to any outputs, not a clock input)
Warning 261: Model 'PS7_VPR' input port 'SAXIACPARADDR' has no timing specification (no clock specified to create a sequential input port, not combinationally connected to any outputs, not a clock input)
Warning 262: Model 'PS7_VPR' input port 'SAXIACPACLK' has no timing specification (no clock specified to create a sequential input port, not combinationally connected to any outputs, not a clock input)
Warning 263: Model 'PS7_VPR' input port 'MAXIGP1WREADY' has no timing specification (no clock specified to create a sequential input port, not combinationally connected to any outputs, not a clock input)
Warning 264: Model 'PS7_VPR' input port 'MAXIGP1RVALID' has no timing specification (no clock specified to create a sequential input port, not combinationally connected to any outputs, not a clock input)
Warning 265: Model 'PS7_VPR' input port 'MAXIGP1RRESP' has no timing specification (no clock specified to create a sequential input port, not combinationally connected to any outputs, not a clock input)
Warning 266: Model 'PS7_VPR' input port 'MAXIGP1RLAST' has no timing specification (no clock specified to create a sequential input port, not combinationally connected to any outputs, not a clock input)
Warning 267: Model 'PS7_VPR' input port 'MAXIGP1RID' has no timing specification (no clock specified to create a sequential input port, not combinationally connected to any outputs, not a clock input)
Warning 268: Model 'PS7_VPR' input port 'MAXIGP1RDATA' has no timing specification (no clock specified to create a sequential input port, not combinationally connected to any outputs, not a clock input)
Warning 269: Model 'PS7_VPR' input port 'MAXIGP1BVALID' has no timing specification (no clock specified to create a sequential input port, not combinationally connected to any outputs, not a clock input)
Warning 270: Model 'PS7_VPR' input port 'MAXIGP1BRESP' has no timing specification (no clock specified to create a sequential input port, not combinationally connected to any outputs, not a clock input)
Warning 271: Model 'PS7_VPR' input port 'MAXIGP1BID' has no timing specification (no clock specified to create a sequential input port, not combinationally connected to any outputs, not a clock input)
Warning 272: Model 'PS7_VPR' input port 'MAXIGP1AWREADY' has no timing specification (no clock specified to create a sequential input port, not combinationally connected to any outputs, not a clock input)
Warning 273: Model 'PS7_VPR' input port 'MAXIGP1ARREADY' has no timing specification (no clock specified to create a sequential input port, not combinationally connected to any outputs, not a clock input)
Warning 274: Model 'PS7_VPR' input port 'MAXIGP1ACLK' has no timing specification (no clock specified to create a sequential input port, not combinationally connected to any outputs, not a clock input)
Warning 275: Model 'PS7_VPR' input port 'MAXIGP0WREADY' has no timing specification (no clock specified to create a sequential input port, not combinationally connected to any outputs, not a clock input)
Warning 276: Model 'PS7_VPR' input port 'MAXIGP0RVALID' has no timing specification (no clock specified to create a sequential input port, not combinationally connected to any outputs, not a clock input)
Warning 277: Model 'PS7_VPR' input port 'MAXIGP0RRESP' has no timing specification (no clock specified to create a sequential input port, not combinationally connected to any outputs, not a clock input)
Warning 278: Model 'PS7_VPR' input port 'MAXIGP0RLAST' has no timing specification (no clock specified to create a sequential input port, not combinationally connected to any outputs, not a clock input)
Warning 279: Model 'PS7_VPR' input port 'MAXIGP0RID' has no timing specification (no clock specified to create a sequential input port, not combinationally connected to any outputs, not a clock input)
Warning 280: Model 'PS7_VPR' input port 'MAXIGP0RDATA' has no timing specification (no clock specified to create a sequential input port, not combinationally connected to any outputs, not a clock input)
Warning 281: Model 'PS7_VPR' input port 'MAXIGP0BVALID' has no timing specification (no clock specified to create a sequential input port, not combinationally connected to any outputs, not a clock input)
Warning 282: Model 'PS7_VPR' input port 'MAXIGP0BRESP' has no timing specification (no clock specified to create a sequential input port, not combinationally connected to any outputs, not a clock input)
Warning 283: Model 'PS7_VPR' input port 'MAXIGP0BID' has no timing specification (no clock specified to create a sequential input port, not combinationally connected to any outputs, not a clock input)
Warning 284: Model 'PS7_VPR' input port 'MAXIGP0AWREADY' has no timing specification (no clock specified to create a sequential input port, not combinationally connected to any outputs, not a clock input)
Warning 285: Model 'PS7_VPR' input port 'MAXIGP0ARREADY' has no timing specification (no clock specified to create a sequential input port, not combinationally connected to any outputs, not a clock input)
Warning 286: Model 'PS7_VPR' input port 'MAXIGP0ACLK' has no timing specification (no clock specified to create a sequential input port, not combinationally connected to any outputs, not a clock input)
Warning 287: Model 'PS7_VPR' input port 'IRQF2P' has no timing specification (no clock specified to create a sequential input port, not combinationally connected to any outputs, not a clock input)
Warning 288: Model 'PS7_VPR' input port 'FTMTP2FTRIGACK' has no timing specification (no clock specified to create a sequential input port, not combinationally connected to any outputs, not a clock input)
Warning 289: Model 'PS7_VPR' input port 'FTMTF2PTRIG' has no timing specification (no clock specified to create a sequential input port, not combinationally connected to any outputs, not a clock input)
Warning 290: Model 'PS7_VPR' input port 'FTMTF2PDEBUG' has no timing specification (no clock specified to create a sequential input port, not combinationally connected to any outputs, not a clock input)
Warning 291: Model 'PS7_VPR' input port 'FTMDTRACEINVALID' has no timing specification (no clock specified to create a sequential input port, not combinationally connected to any outputs, not a clock input)
Warning 292: Model 'PS7_VPR' input port 'FTMDTRACEINDATA' has no timing specification (no clock specified to create a sequential input port, not combinationally connected to any outputs, not a clock input)
Warning 293: Model 'PS7_VPR' input port 'FTMDTRACEINCLOCK' has no timing specification (no clock specified to create a sequential input port, not combinationally connected to any outputs, not a clock input)
Warning 294: Model 'PS7_VPR' input port 'FTMDTRACEINATID' has no timing specification (no clock specified to create a sequential input port, not combinationally connected to any outputs, not a clock input)
Warning 295: Model 'PS7_VPR' input port 'FPGAIDLEN' has no timing specification (no clock specified to create a sequential input port, not combinationally connected to any outputs, not a clock input)
Warning 296: Model 'PS7_VPR' input port 'FCLKCLKTRIGN' has no timing specification (no clock specified to create a sequential input port, not combinationally connected to any outputs, not a clock input)
Warning 297: Model 'PS7_VPR' input port 'EVENTEVENTI' has no timing specification (no clock specified to create a sequential input port, not combinationally connected to any outputs, not a clock input)
Warning 298: Model 'PS7_VPR' input port 'EMIOWDTCLKI' has no timing specification (no clock specified to create a sequential input port, not combinationally connected to any outputs, not a clock input)
Warning 299: Model 'PS7_VPR' input port 'EMIOUSB1VBUSPWRFAULT' has no timing specification (no clock specified to create a sequential input port, not combinationally connected to any outputs, not a clock input)
Warning 300: Model 'PS7_VPR' input port 'EMIOUSB0VBUSPWRFAULT' has no timing specification (no clock specified to create a sequential input port, not combinationally connected to any outputs, not a clock input)
Warning 301: Model 'PS7_VPR' input port 'EMIOUART1RX' has no timing specification (no clock specified to create a sequential input port, not combinationally connected to any outputs, not a clock input)
Warning 302: Model 'PS7_VPR' input port 'EMIOUART1RIN' has no timing specification (no clock specified to create a sequential input port, not combinationally connected to any outputs, not a clock input)
Warning 303: Model 'PS7_VPR' input port 'EMIOUART1DSRN' has no timing specification (no clock specified to create a sequential input port, not combinationally connected to any outputs, not a clock input)
Warning 304: Model 'PS7_VPR' input port 'EMIOUART1DCDN' has no timing specification (no clock specified to create a sequential input port, not combinationally connected to any outputs, not a clock input)
Warning 305: Model 'PS7_VPR' input port 'EMIOUART1CTSN' has no timing specification (no clock specified to create a sequential input port, not combinationally connected to any outputs, not a clock input)
Warning 306: Model 'PS7_VPR' input port 'EMIOUART0RX' has no timing specification (no clock specified to create a sequential input port, not combinationally connected to any outputs, not a clock input)
Warning 307: Model 'PS7_VPR' input port 'EMIOUART0RIN' has no timing specification (no clock specified to create a sequential input port, not combinationally connected to any outputs, not a clock input)
Warning 308: Model 'PS7_VPR' input port 'EMIOUART0DSRN' has no timing specification (no clock specified to create a sequential input port, not combinationally connected to any outputs, not a clock input)
Warning 309: Model 'PS7_VPR' input port 'EMIOUART0DCDN' has no timing specification (no clock specified to create a sequential input port, not combinationally connected to any outputs, not a clock input)
Warning 310: Model 'PS7_VPR' input port 'EMIOUART0CTSN' has no timing specification (no clock specified to create a sequential input port, not combinationally connected to any outputs, not a clock input)
Warning 311: Model 'PS7_VPR' input port 'EMIOTTC1CLKI' has no timing specification (no clock specified to create a sequential input port, not combinationally connected to any outputs, not a clock input)
Warning 312: Model 'PS7_VPR' input port 'EMIOTTC0CLKI' has no timing specification (no clock specified to create a sequential input port, not combinationally connected to any outputs, not a clock input)
Warning 313: Model 'PS7_VPR' input port 'EMIOTRACECLK' has no timing specification (no clock specified to create a sequential input port, not combinationally connected to any outputs, not a clock input)
Warning 314: Model 'PS7_VPR' input port 'EMIOSRAMINTIN' has no timing specification (no clock specified to create a sequential input port, not combinationally connected to any outputs, not a clock input)
Warning 315: Model 'PS7_VPR' input port 'EMIOSPI1SSIN' has no timing specification (no clock specified to create a sequential input port, not combinationally connected to any outputs, not a clock input)
Warning 316: Model 'PS7_VPR' input port 'EMIOSPI1SI' has no timing specification (no clock specified to create a sequential input port, not combinationally connected to any outputs, not a clock input)
Warning 317: Model 'PS7_VPR' input port 'EMIOSPI1SCLKI' has no timing specification (no clock specified to create a sequential input port, not combinationally connected to any outputs, not a clock input)
Warning 318: Model 'PS7_VPR' input port 'EMIOSPI1MI' has no timing specification (no clock specified to create a sequential input port, not combinationally connected to any outputs, not a clock input)
Warning 319: Model 'PS7_VPR' input port 'EMIOSPI0SSIN' has no timing specification (no clock specified to create a sequential input port, not combinationally connected to any outputs, not a clock input)
Warning 320: Model 'PS7_VPR' input port 'EMIOSPI0SI' has no timing specification (no clock specified to create a sequential input port, not combinationally connected to any outputs, not a clock input)
Warning 321: Model 'PS7_VPR' input port 'EMIOSPI0SCLKI' has no timing specification (no clock specified to create a sequential input port, not combinationally connected to any outputs, not a clock input)
Warning 322: Model 'PS7_VPR' input port 'EMIOSPI0MI' has no timing specification (no clock specified to create a sequential input port, not combinationally connected to any outputs, not a clock input)
Warning 323: Model 'PS7_VPR' input port 'EMIOSDIO1WP' has no timing specification (no clock specified to create a sequential input port, not combinationally connected to any outputs, not a clock input)
Warning 324: Model 'PS7_VPR' input port 'EMIOSDIO1DATAI' has no timing specification (no clock specified to create a sequential input port, not combinationally connected to any outputs, not a clock input)
Warning 325: Model 'PS7_VPR' input port 'EMIOSDIO1CMDI' has no timing specification (no clock specified to create a sequential input port, not combinationally connected to any outputs, not a clock input)
Warning 326: Model 'PS7_VPR' input port 'EMIOSDIO1CLKFB' has no timing specification (no clock specified to create a sequential input port, not combinationally connected to any outputs, not a clock input)
Warning 327: Model 'PS7_VPR' input port 'EMIOSDIO1CDN' has no timing specification (no clock specified to create a sequential input port, not combinationally connected to any outputs, not a clock input)
Warning 328: Model 'PS7_VPR' input port 'EMIOSDIO0WP' has no timing specification (no clock specified to create a sequential input port, not combinationally connected to any outputs, not a clock input)
Warning 329: Model 'PS7_VPR' input port 'EMIOSDIO0DATAI' has no timing specification (no clock specified to create a sequential input port, not combinationally connected to any outputs, not a clock input)
Warning 330: Model 'PS7_VPR' input port 'EMIOSDIO0CMDI' has no timing specification (no clock specified to create a sequential input port, not combinationally connected to any outputs, not a clock input)
Warning 331: Model 'PS7_VPR' input port 'EMIOSDIO0CLKFB' has no timing specification (no clock specified to create a sequential input port, not combinationally connected to any outputs, not a clock input)
Warning 332: Model 'PS7_VPR' input port 'EMIOSDIO0CDN' has no timing specification (no clock specified to create a sequential input port, not combinationally connected to any outputs, not a clock input)
Warning 333: Model 'PS7_VPR' input port 'EMIOPJTAGTMS' has no timing specification (no clock specified to create a sequential input port, not combinationally connected to any outputs, not a clock input)
Warning 334: Model 'PS7_VPR' input port 'EMIOPJTAGTDI' has no timing specification (no clock specified to create a sequential input port, not combinationally connected to any outputs, not a clock input)
Warning 335: Model 'PS7_VPR' input port 'EMIOPJTAGTCK' has no timing specification (no clock specified to create a sequential input port, not combinationally connected to any outputs, not a clock input)
Warning 336: Model 'PS7_VPR' input port 'EMIOI2C1SDAI' has no timing specification (no clock specified to create a sequential input port, not combinationally connected to any outputs, not a clock input)
Warning 337: Model 'PS7_VPR' input port 'EMIOI2C1SCLI' has no timing specification (no clock specified to create a sequential input port, not combinationally connected to any outputs, not a clock input)
Warning 338: Model 'PS7_VPR' input port 'EMIOI2C0SDAI' has no timing specification (no clock specified to create a sequential input port, not combinationally connected to any outputs, not a clock input)
Warning 339: Model 'PS7_VPR' input port 'EMIOI2C0SCLI' has no timing specification (no clock specified to create a sequential input port, not combinationally connected to any outputs, not a clock input)
Warning 340: Model 'PS7_VPR' input port 'EMIOGPIOI' has no timing specification (no clock specified to create a sequential input port, not combinationally connected to any outputs, not a clock input)
Warning 341: Model 'PS7_VPR' input port 'EMIOENET1MDIOI' has no timing specification (no clock specified to create a sequential input port, not combinationally connected to any outputs, not a clock input)
Warning 342: Model 'PS7_VPR' input port 'EMIOENET1GMIITXCLK' has no timing specification (no clock specified to create a sequential input port, not combinationally connected to any outputs, not a clock input)
Warning 343: Model 'PS7_VPR' input port 'EMIOENET1GMIIRXER' has no timing specification (no clock specified to create a sequential input port, not combinationally connected to any outputs, not a clock input)
Warning 344: Model 'PS7_VPR' input port 'EMIOENET1GMIIRXDV' has no timing specification (no clock specified to create a sequential input port, not combinationally connected to any outputs, not a clock input)
Warning 345: Model 'PS7_VPR' input port 'EMIOENET1GMIIRXD' has no timing specification (no clock specified to create a sequential input port, not combinationally connected to any outputs, not a clock input)
Warning 346: Model 'PS7_VPR' input port 'EMIOENET1GMIIRXCLK' has no timing specification (no clock specified to create a sequential input port, not combinationally connected to any outputs, not a clock input)
Warning 347: Model 'PS7_VPR' input port 'EMIOENET1GMIICRS' has no timing specification (no clock specified to create a sequential input port, not combinationally connected to any outputs, not a clock input)
Warning 348: Model 'PS7_VPR' input port 'EMIOENET1GMIICOL' has no timing specification (no clock specified to create a sequential input port, not combinationally connected to any outputs, not a clock input)
Warning 349: Model 'PS7_VPR' input port 'EMIOENET1EXTINTIN' has no timing specification (no clock specified to create a sequential input port, not combinationally connected to any outputs, not a clock input)
Warning 350: Model 'PS7_VPR' input port 'EMIOENET0MDIOI' has no timing specification (no clock specified to create a sequential input port, not combinationally connected to any outputs, not a clock input)
Warning 351: Model 'PS7_VPR' input port 'EMIOENET0GMIITXCLK' has no timing specification (no clock specified to create a sequential input port, not combinationally connected to any outputs, not a clock input)
Warning 352: Model 'PS7_VPR' input port 'EMIOENET0GMIIRXER' has no timing specification (no clock specified to create a sequential input port, not combinationally connected to any outputs, not a clock input)
Warning 353: Model 'PS7_VPR' input port 'EMIOENET0GMIIRXDV' has no timing specification (no clock specified to create a sequential input port, not combinationally connected to any outputs, not a clock input)
Warning 354: Model 'PS7_VPR' input port 'EMIOENET0GMIIRXD' has no timing specification (no clock specified to create a sequential input port, not combinationally connected to any outputs, not a clock input)
Warning 355: Model 'PS7_VPR' input port 'EMIOENET0GMIIRXCLK' has no timing specification (no clock specified to create a sequential input port, not combinationally connected to any outputs, not a clock input)
Warning 356: Model 'PS7_VPR' input port 'EMIOENET0GMIICRS' has no timing specification (no clock specified to create a sequential input port, not combinationally connected to any outputs, not a clock input)
Warning 357: Model 'PS7_VPR' input port 'EMIOENET0GMIICOL' has no timing specification (no clock specified to create a sequential input port, not combinationally connected to any outputs, not a clock input)
Warning 358: Model 'PS7_VPR' input port 'EMIOENET0EXTINTIN' has no timing specification (no clock specified to create a sequential input port, not combinationally connected to any outputs, not a clock input)
Warning 359: Model 'PS7_VPR' input port 'EMIOCAN1PHYRX' has no timing specification (no clock specified to create a sequential input port, not combinationally connected to any outputs, not a clock input)
Warning 360: Model 'PS7_VPR' input port 'EMIOCAN0PHYRX' has no timing specification (no clock specified to create a sequential input port, not combinationally connected to any outputs, not a clock input)
Warning 361: Model 'PS7_VPR' input port 'DMA3DRVALID' has no timing specification (no clock specified to create a sequential input port, not combinationally connected to any outputs, not a clock input)
Warning 362: Model 'PS7_VPR' input port 'DMA3DRTYPE' has no timing specification (no clock specified to create a sequential input port, not combinationally connected to any outputs, not a clock input)
Warning 363: Model 'PS7_VPR' input port 'DMA3DRLAST' has no timing specification (no clock specified to create a sequential input port, not combinationally connected to any outputs, not a clock input)
Warning 364: Model 'PS7_VPR' input port 'DMA3DAREADY' has no timing specification (no clock specified to create a sequential input port, not combinationally connected to any outputs, not a clock input)
Warning 365: Model 'PS7_VPR' input port 'DMA3ACLK' has no timing specification (no clock specified to create a sequential input port, not combinationally connected to any outputs, not a clock input)
Warning 366: Model 'PS7_VPR' input port 'DMA2DRVALID' has no timing specification (no clock specified to create a sequential input port, not combinationally connected to any outputs, not a clock input)
Warning 367: Model 'PS7_VPR' input port 'DMA2DRTYPE' has no timing specification (no clock specified to create a sequential input port, not combinationally connected to any outputs, not a clock input)
Warning 368: Model 'PS7_VPR' input port 'DMA2DRLAST' has no timing specification (no clock specified to create a sequential input port, not combinationally connected to any outputs, not a clock input)
Warning 369: Model 'PS7_VPR' input port 'DMA2DAREADY' has no timing specification (no clock specified to create a sequential input port, not combinationally connected to any outputs, not a clock input)
Warning 370: Model 'PS7_VPR' input port 'DMA2ACLK' has no timing specification (no clock specified to create a sequential input port, not combinationally connected to any outputs, not a clock input)
Warning 371: Model 'PS7_VPR' input port 'DMA1DRVALID' has no timing specification (no clock specified to create a sequential input port, not combinationally connected to any outputs, not a clock input)
Warning 372: Model 'PS7_VPR' input port 'DMA1DRTYPE' has no timing specification (no clock specified to create a sequential input port, not combinationally connected to any outputs, not a clock input)
Warning 373: Model 'PS7_VPR' input port 'DMA1DRLAST' has no timing specification (no clock specified to create a sequential input port, not combinationally connected to any outputs, not a clock input)
Warning 374: Model 'PS7_VPR' input port 'DMA1DAREADY' has no timing specification (no clock specified to create a sequential input port, not combinationally connected to any outputs, not a clock input)
Warning 375: Model 'PS7_VPR' input port 'DMA1ACLK' has no timing specification (no clock specified to create a sequential input port, not combinationally connected to any outputs, not a clock input)
Warning 376: Model 'PS7_VPR' input port 'DMA0DRVALID' has no timing specification (no clock specified to create a sequential input port, not combinationally connected to any outputs, not a clock input)
Warning 377: Model 'PS7_VPR' input port 'DMA0DRTYPE' has no timing specification (no clock specified to create a sequential input port, not combinationally connected to any outputs, not a clock input)
Warning 378: Model 'PS7_VPR' input port 'DMA0DRLAST' has no timing specification (no clock specified to create a sequential input port, not combinationally connected to any outputs, not a clock input)
Warning 379: Model 'PS7_VPR' input port 'DMA0DAREADY' has no timing specification (no clock specified to create a sequential input port, not combinationally connected to any outputs, not a clock input)
Warning 380: Model 'PS7_VPR' input port 'DMA0ACLK' has no timing specification (no clock specified to create a sequential input port, not combinationally connected to any outputs, not a clock input)
Warning 381: Model 'PS7_VPR' input port 'DDRARB' has no timing specification (no clock specified to create a sequential input port, not combinationally connected to any outputs, not a clock input)
Warning 382: Model 'PS7_VPR' output port 'SAXIHP3WREADY' has no timing specification (no clock specified to create a sequential output port, not combinationally connected to any inputs, not a clock output)
Warning 383: Model 'PS7_VPR' output port 'SAXIHP3WCOUNT' has no timing specification (no clock specified to create a sequential output port, not combinationally connected to any inputs, not a clock output)
Warning 384: Model 'PS7_VPR' output port 'SAXIHP3WACOUNT' has no timing specification (no clock specified to create a sequential output port, not combinationally connected to any inputs, not a clock output)
Warning 385: Model 'PS7_VPR' output port 'SAXIHP3RVALID' has no timing specification (no clock specified to create a sequential output port, not combinationally connected to any inputs, not a clock output)
Warning 386: Model 'PS7_VPR' output port 'SAXIHP3RRESP' has no timing specification (no clock specified to create a sequential output port, not combinationally connected to any inputs, not a clock output)
Warning 387: Model 'PS7_VPR' output port 'SAXIHP3RLAST' has no timing specification (no clock specified to create a sequential output port, not combinationally connected to any inputs, not a clock output)
Warning 388: Model 'PS7_VPR' output port 'SAXIHP3RID' has no timing specification (no clock specified to create a sequential output port, not combinationally connected to any inputs, not a clock output)
Warning 389: Model 'PS7_VPR' output port 'SAXIHP3RDATA' has no timing specification (no clock specified to create a sequential output port, not combinationally connected to any inputs, not a clock output)
Warning 390: Model 'PS7_VPR' output port 'SAXIHP3RCOUNT' has no timing specification (no clock specified to create a sequential output port, not combinationally connected to any inputs, not a clock output)
Warning 391: Model 'PS7_VPR' output port 'SAXIHP3RACOUNT' has no timing specification (no clock specified to create a sequential output port, not combinationally connected to any inputs, not a clock output)
Warning 392: Model 'PS7_VPR' output port 'SAXIHP3BVALID' has no timing specification (no clock specified to create a sequential output port, not combinationally connected to any inputs, not a clock output)
Warning 393: Model 'PS7_VPR' output port 'SAXIHP3BRESP' has no timing specification (no clock specified to create a sequential output port, not combinationally connected to any inputs, not a clock output)
Warning 394: Model 'PS7_VPR' output port 'SAXIHP3BID' has no timing specification (no clock specified to create a sequential output port, not combinationally connected to any inputs, not a clock output)
Warning 395: Model 'PS7_VPR' output port 'SAXIHP3AWREADY' has no timing specification (no clock specified to create a sequential output port, not combinationally connected to any inputs, not a clock output)
Warning 396: Model 'PS7_VPR' output port 'SAXIHP3ARREADY' has no timing specification (no clock specified to create a sequential output port, not combinationally connected to any inputs, not a clock output)
Warning 397: Model 'PS7_VPR' output port 'SAXIHP3ARESETN' has no timing specification (no clock specified to create a sequential output port, not combinationally connected to any inputs, not a clock output)
Warning 398: Model 'PS7_VPR' output port 'SAXIHP2WREADY' has no timing specification (no clock specified to create a sequential output port, not combinationally connected to any inputs, not a clock output)
Warning 399: Model 'PS7_VPR' output port 'SAXIHP2WCOUNT' has no timing specification (no clock specified to create a sequential output port, not combinationally connected to any inputs, not a clock output)
Warning 400: Model 'PS7_VPR' output port 'SAXIHP2WACOUNT' has no timing specification (no clock specified to create a sequential output port, not combinationally connected to any inputs, not a clock output)
Warning 401: Model 'PS7_VPR' output port 'SAXIHP2RVALID' has no timing specification (no clock specified to create a sequential output port, not combinationally connected to any inputs, not a clock output)
Warning 402: Model 'PS7_VPR' output port 'SAXIHP2RRESP' has no timing specification (no clock specified to create a sequential output port, not combinationally connected to any inputs, not a clock output)
Warning 403: Model 'PS7_VPR' output port 'SAXIHP2RLAST' has no timing specification (no clock specified to create a sequential output port, not combinationally connected to any inputs, not a clock output)
Warning 404: Model 'PS7_VPR' output port 'SAXIHP2RID' has no timing specification (no clock specified to create a sequential output port, not combinationally connected to any inputs, not a clock output)
Warning 405: Model 'PS7_VPR' output port 'SAXIHP2RDATA' has no timing specification (no clock specified to create a sequential output port, not combinationally connected to any inputs, not a clock output)
Warning 406: Model 'PS7_VPR' output port 'SAXIHP2RCOUNT' has no timing specification (no clock specified to create a sequential output port, not combinationally connected to any inputs, not a clock output)
Warning 407: Model 'PS7_VPR' output port 'SAXIHP2RACOUNT' has no timing specification (no clock specified to create a sequential output port, not combinationally connected to any inputs, not a clock output)
Warning 408: Model 'PS7_VPR' output port 'SAXIHP2BVALID' has no timing specification (no clock specified to create a sequential output port, not combinationally connected to any inputs, not a clock output)
Warning 409: Model 'PS7_VPR' output port 'SAXIHP2BRESP' has no timing specification (no clock specified to create a sequential output port, not combinationally connected to any inputs, not a clock output)
Warning 410: Model 'PS7_VPR' output port 'SAXIHP2BID' has no timing specification (no clock specified to create a sequential output port, not combinationally connected to any inputs, not a clock output)
Warning 411: Model 'PS7_VPR' output port 'SAXIHP2AWREADY' has no timing specification (no clock specified to create a sequential output port, not combinationally connected to any inputs, not a clock output)
Warning 412: Model 'PS7_VPR' output port 'SAXIHP2ARREADY' has no timing specification (no clock specified to create a sequential output port, not combinationally connected to any inputs, not a clock output)
Warning 413: Model 'PS7_VPR' output port 'SAXIHP2ARESETN' has no timing specification (no clock specified to create a sequential output port, not combinationally connected to any inputs, not a clock output)
Warning 414: Model 'PS7_VPR' output port 'SAXIHP1WREADY' has no timing specification (no clock specified to create a sequential output port, not combinationally connected to any inputs, not a clock output)
Warning 415: Model 'PS7_VPR' output port 'SAXIHP1WCOUNT' has no timing specification (no clock specified to create a sequential output port, not combinationally connected to any inputs, not a clock output)
Warning 416: Model 'PS7_VPR' output port 'SAXIHP1WACOUNT' has no timing specification (no clock specified to create a sequential output port, not combinationally connected to any inputs, not a clock output)
Warning 417: Model 'PS7_VPR' output port 'SAXIHP1RVALID' has no timing specification (no clock specified to create a sequential output port, not combinationally connected to any inputs, not a clock output)
Warning 418: Model 'PS7_VPR' output port 'SAXIHP1RRESP' has no timing specification (no clock specified to create a sequential output port, not combinationally connected to any inputs, not a clock output)
Warning 419: Model 'PS7_VPR' output port 'SAXIHP1RLAST' has no timing specification (no clock specified to create a sequential output port, not combinationally connected to any inputs, not a clock output)
Warning 420: Model 'PS7_VPR' output port 'SAXIHP1RID' has no timing specification (no clock specified to create a sequential output port, not combinationally connected to any inputs, not a clock output)
Warning 421: Model 'PS7_VPR' output port 'SAXIHP1RDATA' has no timing specification (no clock specified to create a sequential output port, not combinationally connected to any inputs, not a clock output)
Warning 422: Model 'PS7_VPR' output port 'SAXIHP1RCOUNT' has no timing specification (no clock specified to create a sequential output port, not combinationally connected to any inputs, not a clock output)
Warning 423: Model 'PS7_VPR' output port 'SAXIHP1RACOUNT' has no timing specification (no clock specified to create a sequential output port, not combinationally connected to any inputs, not a clock output)
Warning 424: Model 'PS7_VPR' output port 'SAXIHP1BVALID' has no timing specification (no clock specified to create a sequential output port, not combinationally connected to any inputs, not a clock output)
Warning 425: Model 'PS7_VPR' output port 'SAXIHP1BRESP' has no timing specification (no clock specified to create a sequential output port, not combinationally connected to any inputs, not a clock output)
Warning 426: Model 'PS7_VPR' output port 'SAXIHP1BID' has no timing specification (no clock specified to create a sequential output port, not combinationally connected to any inputs, not a clock output)
Warning 427: Model 'PS7_VPR' output port 'SAXIHP1AWREADY' has no timing specification (no clock specified to create a sequential output port, not combinationally connected to any inputs, not a clock output)
Warning 428: Model 'PS7_VPR' output port 'SAXIHP1ARREADY' has no timing specification (no clock specified to create a sequential output port, not combinationally connected to any inputs, not a clock output)
Warning 429: Model 'PS7_VPR' output port 'SAXIHP1ARESETN' has no timing specification (no clock specified to create a sequential output port, not combinationally connected to any inputs, not a clock output)
Warning 430: Model 'PS7_VPR' output port 'SAXIHP0WREADY' has no timing specification (no clock specified to create a sequential output port, not combinationally connected to any inputs, not a clock output)
Warning 431: Model 'PS7_VPR' output port 'SAXIHP0WCOUNT' has no timing specification (no clock specified to create a sequential output port, not combinationally connected to any inputs, not a clock output)
Warning 432: Model 'PS7_VPR' output port 'SAXIHP0WACOUNT' has no timing specification (no clock specified to create a sequential output port, not combinationally connected to any inputs, not a clock output)
Warning 433: Model 'PS7_VPR' output port 'SAXIHP0RVALID' has no timing specification (no clock specified to create a sequential output port, not combinationally connected to any inputs, not a clock output)
Warning 434: Model 'PS7_VPR' output port 'SAXIHP0RRESP' has no timing specification (no clock specified to create a sequential output port, not combinationally connected to any inputs, not a clock output)
Warning 435: Model 'PS7_VPR' output port 'SAXIHP0RLAST' has no timing specification (no clock specified to create a sequential output port, not combinationally connected to any inputs, not a clock output)
Warning 436: Model 'PS7_VPR' output port 'SAXIHP0RID' has no timing specification (no clock specified to create a sequential output port, not combinationally connected to any inputs, not a clock output)
Warning 437: Model 'PS7_VPR' output port 'SAXIHP0RDATA' has no timing specification (no clock specified to create a sequential output port, not combinationally connected to any inputs, not a clock output)
Warning 438: Model 'PS7_VPR' output port 'SAXIHP0RCOUNT' has no timing specification (no clock specified to create a sequential output port, not combinationally connected to any inputs, not a clock output)
Warning 439: Model 'PS7_VPR' output port 'SAXIHP0RACOUNT' has no timing specification (no clock specified to create a sequential output port, not combinationally connected to any inputs, not a clock output)
Warning 440: Model 'PS7_VPR' output port 'SAXIHP0BVALID' has no timing specification (no clock specified to create a sequential output port, not combinationally connected to any inputs, not a clock output)
Warning 441: Model 'PS7_VPR' output port 'SAXIHP0BRESP' has no timing specification (no clock specified to create a sequential output port, not combinationally connected to any inputs, not a clock output)
Warning 442: Model 'PS7_VPR' output port 'SAXIHP0BID' has no timing specification (no clock specified to create a sequential output port, not combinationally connected to any inputs, not a clock output)
Warning 443: Model 'PS7_VPR' output port 'SAXIHP0AWREADY' has no timing specification (no clock specified to create a sequential output port, not combinationally connected to any inputs, not a clock output)
Warning 444: Model 'PS7_VPR' output port 'SAXIHP0ARREADY' has no timing specification (no clock specified to create a sequential output port, not combinationally connected to any inputs, not a clock output)
Warning 445: Model 'PS7_VPR' output port 'SAXIHP0ARESETN' has no timing specification (no clock specified to create a sequential output port, not combinationally connected to any inputs, not a clock output)
Warning 446: Model 'PS7_VPR' output port 'SAXIGP1WREADY' has no timing specification (no clock specified to create a sequential output port, not combinationally connected to any inputs, not a clock output)
Warning 447: Model 'PS7_VPR' output port 'SAXIGP1RVALID' has no timing specification (no clock specified to create a sequential output port, not combinationally connected to any inputs, not a clock output)
Warning 448: Model 'PS7_VPR' output port 'SAXIGP1RRESP' has no timing specification (no clock specified to create a sequential output port, not combinationally connected to any inputs, not a clock output)
Warning 449: Model 'PS7_VPR' output port 'SAXIGP1RLAST' has no timing specification (no clock specified to create a sequential output port, not combinationally connected to any inputs, not a clock output)
Warning 450: Model 'PS7_VPR' output port 'SAXIGP1RID' has no timing specification (no clock specified to create a sequential output port, not combinationally connected to any inputs, not a clock output)
Warning 451: Model 'PS7_VPR' output port 'SAXIGP1RDATA' has no timing specification (no clock specified to create a sequential output port, not combinationally connected to any inputs, not a clock output)
Warning 452: Model 'PS7_VPR' output port 'SAXIGP1BVALID' has no timing specification (no clock specified to create a sequential output port, not combinationally connected to any inputs, not a clock output)
Warning 453: Model 'PS7_VPR' output port 'SAXIGP1BRESP' has no timing specification (no clock specified to create a sequential output port, not combinationally connected to any inputs, not a clock output)
Warning 454: Model 'PS7_VPR' output port 'SAXIGP1BID' has no timing specification (no clock specified to create a sequential output port, not combinationally connected to any inputs, not a clock output)
Warning 455: Model 'PS7_VPR' output port 'SAXIGP1AWREADY' has no timing specification (no clock specified to create a sequential output port, not combinationally connected to any inputs, not a clock output)
Warning 456: Model 'PS7_VPR' output port 'SAXIGP1ARREADY' has no timing specification (no clock specified to create a sequential output port, not combinationally connected to any inputs, not a clock output)
Warning 457: Model 'PS7_VPR' output port 'SAXIGP1ARESETN' has no timing specification (no clock specified to create a sequential output port, not combinationally connected to any inputs, not a clock output)
Warning 458: Model 'PS7_VPR' output port 'SAXIGP0WREADY' has no timing specification (no clock specified to create a sequential output port, not combinationally connected to any inputs, not a clock output)
Warning 459: Model 'PS7_VPR' output port 'SAXIGP0RVALID' has no timing specification (no clock specified to create a sequential output port, not combinationally connected to any inputs, not a clock output)
Warning 460: Model 'PS7_VPR' output port 'SAXIGP0RRESP' has no timing specification (no clock specified to create a sequential output port, not combinationally connected to any inputs, not a clock output)
Warning 461: Model 'PS7_VPR' output port 'SAXIGP0RLAST' has no timing specification (no clock specified to create a sequential output port, not combinationally connected to any inputs, not a clock output)
Warning 462: Model 'PS7_VPR' output port 'SAXIGP0RID' has no timing specification (no clock specified to create a sequential output port, not combinationally connected to any inputs, not a clock output)
Warning 463: Model 'PS7_VPR' output port 'SAXIGP0RDATA' has no timing specification (no clock specified to create a sequential output port, not combinationally connected to any inputs, not a clock output)
Warning 464: Model 'PS7_VPR' output port 'SAXIGP0BVALID' has no timing specification (no clock specified to create a sequential output port, not combinationally connected to any inputs, not a clock output)
Warning 465: Model 'PS7_VPR' output port 'SAXIGP0BRESP' has no timing specification (no clock specified to create a sequential output port, not combinationally connected to any inputs, not a clock output)
Warning 466: Model 'PS7_VPR' output port 'SAXIGP0BID' has no timing specification (no clock specified to create a sequential output port, not combinationally connected to any inputs, not a clock output)
Warning 467: Model 'PS7_VPR' output port 'SAXIGP0AWREADY' has no timing specification (no clock specified to create a sequential output port, not combinationally connected to any inputs, not a clock output)
Warning 468: Model 'PS7_VPR' output port 'SAXIGP0ARREADY' has no timing specification (no clock specified to create a sequential output port, not combinationally connected to any inputs, not a clock output)
Warning 469: Model 'PS7_VPR' output port 'SAXIGP0ARESETN' has no timing specification (no clock specified to create a sequential output port, not combinationally connected to any inputs, not a clock output)
Warning 470: Model 'PS7_VPR' output port 'SAXIACPWREADY' has no timing specification (no clock specified to create a sequential output port, not combinationally connected to any inputs, not a clock output)
Warning 471: Model 'PS7_VPR' output port 'SAXIACPRVALID' has no timing specification (no clock specified to create a sequential output port, not combinationally connected to any inputs, not a clock output)
Warning 472: Model 'PS7_VPR' output port 'SAXIACPRRESP' has no timing specification (no clock specified to create a sequential output port, not combinationally connected to any inputs, not a clock output)
Warning 473: Model 'PS7_VPR' output port 'SAXIACPRLAST' has no timing specification (no clock specified to create a sequential output port, not combinationally connected to any inputs, not a clock output)
Warning 474: Model 'PS7_VPR' output port 'SAXIACPRID' has no timing specification (no clock specified to create a sequential output port, not combinationally connected to any inputs, not a clock output)
Warning 475: Model 'PS7_VPR' output port 'SAXIACPRDATA' has no timing specification (no clock specified to create a sequential output port, not combinationally connected to any inputs, not a clock output)
Warning 476: Model 'PS7_VPR' output port 'SAXIACPBVALID' has no timing specification (no clock specified to create a sequential output port, not combinationally connected to any inputs, not a clock output)
Warning 477: Model 'PS7_VPR' output port 'SAXIACPBRESP' has no timing specification (no clock specified to create a sequential output port, not combinationally connected to any inputs, not a clock output)
Warning 478: Model 'PS7_VPR' output port 'SAXIACPBID' has no timing specification (no clock specified to create a sequential output port, not combinationally connected to any inputs, not a clock output)
Warning 479: Model 'PS7_VPR' output port 'SAXIACPAWREADY' has no timing specification (no clock specified to create a sequential output port, not combinationally connected to any inputs, not a clock output)
Warning 480: Model 'PS7_VPR' output port 'SAXIACPARREADY' has no timing specification (no clock specified to create a sequential output port, not combinationally connected to any inputs, not a clock output)
Warning 481: Model 'PS7_VPR' output port 'SAXIACPARESETN' has no timing specification (no clock specified to create a sequential output port, not combinationally connected to any inputs, not a clock output)
Warning 482: Model 'PS7_VPR' output port 'MAXIGP1WVALID' has no timing specification (no clock specified to create a sequential output port, not combinationally connected to any inputs, not a clock output)
Warning 483: Model 'PS7_VPR' output port 'MAXIGP1WSTRB' has no timing specification (no clock specified to create a sequential output port, not combinationally connected to any inputs, not a clock output)
Warning 484: Model 'PS7_VPR' output port 'MAXIGP1WLAST' has no timing specification (no clock specified to create a sequential output port, not combinationally connected to any inputs, not a clock output)
Warning 485: Model 'PS7_VPR' output port 'MAXIGP1WID' has no timing specification (no clock specified to create a sequential output port, not combinationally connected to any inputs, not a clock output)
Warning 486: Model 'PS7_VPR' output port 'MAXIGP1WDATA' has no timing specification (no clock specified to create a sequential output port, not combinationally connected to any inputs, not a clock output)
Warning 487: Model 'PS7_VPR' output port 'MAXIGP1RREADY' has no timing specification (no clock specified to create a sequential output port, not combinationally connected to any inputs, not a clock output)
Warning 488: Model 'PS7_VPR' output port 'MAXIGP1BREADY' has no timing specification (no clock specified to create a sequential output port, not combinationally connected to any inputs, not a clock output)
Warning 489: Model 'PS7_VPR' output port 'MAXIGP1AWVALID' has no timing specification (no clock specified to create a sequential output port, not combinationally connected to any inputs, not a clock output)
Warning 490: Model 'PS7_VPR' output port 'MAXIGP1AWSIZE' has no timing specification (no clock specified to create a sequential output port, not combinationally connected to any inputs, not a clock output)
Warning 491: Model 'PS7_VPR' output port 'MAXIGP1AWQOS' has no timing specification (no clock specified to create a sequential output port, not combinationally connected to any inputs, not a clock output)
Warning 492: Model 'PS7_VPR' output port 'MAXIGP1AWPROT' has no timing specification (no clock specified to create a sequential output port, not combinationally connected to any inputs, not a clock output)
Warning 493: Model 'PS7_VPR' output port 'MAXIGP1AWLOCK' has no timing specification (no clock specified to create a sequential output port, not combinationally connected to any inputs, not a clock output)
Warning 494: Model 'PS7_VPR' output port 'MAXIGP1AWLEN' has no timing specification (no clock specified to create a sequential output port, not combinationally connected to any inputs, not a clock output)
Warning 495: Model 'PS7_VPR' output port 'MAXIGP1AWID' has no timing specification (no clock specified to create a sequential output port, not combinationally connected to any inputs, not a clock output)
Warning 496: Model 'PS7_VPR' output port 'MAXIGP1AWCACHE' has no timing specification (no clock specified to create a sequential output port, not combinationally connected to any inputs, not a clock output)
Warning 497: Model 'PS7_VPR' output port 'MAXIGP1AWBURST' has no timing specification (no clock specified to create a sequential output port, not combinationally connected to any inputs, not a clock output)
Warning 498: Model 'PS7_VPR' output port 'MAXIGP1AWADDR' has no timing specification (no clock specified to create a sequential output port, not combinationally connected to any inputs, not a clock output)
Warning 499: Model 'PS7_VPR' output port 'MAXIGP1ARVALID' has no timing specification (no clock specified to create a sequential output port, not combinationally connected to any inputs, not a clock output)
Warning 500: Model 'PS7_VPR' output port 'MAXIGP1ARSIZE' has no timing specification (no clock specified to create a sequential output port, not combinationally connected to any inputs, not a clock output)
Warning 501: Model 'PS7_VPR' output port 'MAXIGP1ARQOS' has no timing specification (no clock specified to create a sequential output port, not combinationally connected to any inputs, not a clock output)
Warning 502: Model 'PS7_VPR' output port 'MAXIGP1ARPROT' has no timing specification (no clock specified to create a sequential output port, not combinationally connected to any inputs, not a clock output)
Warning 503: Model 'PS7_VPR' output port 'MAXIGP1ARLOCK' has no timing specification (no clock specified to create a sequential output port, not combinationally connected to any inputs, not a clock output)
Warning 504: Model 'PS7_VPR' output port 'MAXIGP1ARLEN' has no timing specification (no clock specified to create a sequential output port, not combinationally connected to any inputs, not a clock output)
Warning 505: Model 'PS7_VPR' output port 'MAXIGP1ARID' has no timing specification (no clock specified to create a sequential output port, not combinationally connected to any inputs, not a clock output)
Warning 506: Model 'PS7_VPR' output port 'MAXIGP1ARESETN' has no timing specification (no clock specified to create a sequential output port, not combinationally connected to any inputs, not a clock output)
Warning 507: Model 'PS7_VPR' output port 'MAXIGP1ARCACHE' has no timing specification (no clock specified to create a sequential output port, not combinationally connected to any inputs, not a clock output)
Warning 508: Model 'PS7_VPR' output port 'MAXIGP1ARBURST' has no timing specification (no clock specified to create a sequential output port, not combinationally connected to any inputs, not a clock output)
Warning 509: Model 'PS7_VPR' output port 'MAXIGP1ARADDR' has no timing specification (no clock specified to create a sequential output port, not combinationally connected to any inputs, not a clock output)
Warning 510: Model 'PS7_VPR' output port 'MAXIGP0WVALID' has no timing specification (no clock specified to create a sequential output port, not combinationally connected to any inputs, not a clock output)
Warning 511: Model 'PS7_VPR' output port 'MAXIGP0WSTRB' has no timing specification (no clock specified to create a sequential output port, not combinationally connected to any inputs, not a clock output)
Warning 512: Model 'PS7_VPR' output port 'MAXIGP0WLAST' has no timing specification (no clock specified to create a sequential output port, not combinationally connected to any inputs, not a clock output)
Warning 513: Model 'PS7_VPR' output port 'MAXIGP0WID' has no timing specification (no clock specified to create a sequential output port, not combinationally connected to any inputs, not a clock output)
Warning 514: Model 'PS7_VPR' output port 'MAXIGP0WDATA' has no timing specification (no clock specified to create a sequential output port, not combinationally connected to any inputs, not a clock output)
Warning 515: Model 'PS7_VPR' output port 'MAXIGP0RREADY' has no timing specification (no clock specified to create a sequential output port, not combinationally connected to any inputs, not a clock output)
Warning 516: Model 'PS7_VPR' output port 'MAXIGP0BREADY' has no timing specification (no clock specified to create a sequential output port, not combinationally connected to any inputs, not a clock output)
Warning 517: Model 'PS7_VPR' output port 'MAXIGP0AWVALID' has no timing specification (no clock specified to create a sequential output port, not combinationally connected to any inputs, not a clock output)
Warning 518: Model 'PS7_VPR' output port 'MAXIGP0AWSIZE' has no timing specification (no clock specified to create a sequential output port, not combinationally connected to any inputs, not a clock output)
Warning 519: Model 'PS7_VPR' output port 'MAXIGP0AWQOS' has no timing specification (no clock specified to create a sequential output port, not combinationally connected to any inputs, not a clock output)
Warning 520: Model 'PS7_VPR' output port 'MAXIGP0AWPROT' has no timing specification (no clock specified to create a sequential output port, not combinationally connected to any inputs, not a clock output)
Warning 521: Model 'PS7_VPR' output port 'MAXIGP0AWLOCK' has no timing specification (no clock specified to create a sequential output port, not combinationally connected to any inputs, not a clock output)
Warning 522: Model 'PS7_VPR' output port 'MAXIGP0AWLEN' has no timing specification (no clock specified to create a sequential output port, not combinationally connected to any inputs, not a clock output)
Warning 523: Model 'PS7_VPR' output port 'MAXIGP0AWID' has no timing specification (no clock specified to create a sequential output port, not combinationally connected to any inputs, not a clock output)
Warning 524: Model 'PS7_VPR' output port 'MAXIGP0AWCACHE' has no timing specification (no clock specified to create a sequential output port, not combinationally connected to any inputs, not a clock output)
Warning 525: Model 'PS7_VPR' output port 'MAXIGP0AWBURST' has no timing specification (no clock specified to create a sequential output port, not combinationally connected to any inputs, not a clock output)
Warning 526: Model 'PS7_VPR' output port 'MAXIGP0AWADDR' has no timing specification (no clock specified to create a sequential output port, not combinationally connected to any inputs, not a clock output)
Warning 527: Model 'PS7_VPR' output port 'MAXIGP0ARVALID' has no timing specification (no clock specified to create a sequential output port, not combinationally connected to any inputs, not a clock output)
Warning 528: Model 'PS7_VPR' output port 'MAXIGP0ARSIZE' has no timing specification (no clock specified to create a sequential output port, not combinationally connected to any inputs, not a clock output)
Warning 529: Model 'PS7_VPR' output port 'MAXIGP0ARQOS' has no timing specification (no clock specified to create a sequential output port, not combinationally connected to any inputs, not a clock output)
Warning 530: Model 'PS7_VPR' output port 'MAXIGP0ARPROT' has no timing specification (no clock specified to create a sequential output port, not combinationally connected to any inputs, not a clock output)
Warning 531: Model 'PS7_VPR' output port 'MAXIGP0ARLOCK' has no timing specification (no clock specified to create a sequential output port, not combinationally connected to any inputs, not a clock output)
Warning 532: Model 'PS7_VPR' output port 'MAXIGP0ARLEN' has no timing specification (no clock specified to create a sequential output port, not combinationally connected to any inputs, not a clock output)
Warning 533: Model 'PS7_VPR' output port 'MAXIGP0ARID' has no timing specification (no clock specified to create a sequential output port, not combinationally connected to any inputs, not a clock output)
Warning 534: Model 'PS7_VPR' output port 'MAXIGP0ARESETN' has no timing specification (no clock specified to create a sequential output port, not combinationally connected to any inputs, not a clock output)
Warning 535: Model 'PS7_VPR' output port 'MAXIGP0ARCACHE' has no timing specification (no clock specified to create a sequential output port, not combinationally connected to any inputs, not a clock output)
Warning 536: Model 'PS7_VPR' output port 'MAXIGP0ARBURST' has no timing specification (no clock specified to create a sequential output port, not combinationally connected to any inputs, not a clock output)
Warning 537: Model 'PS7_VPR' output port 'MAXIGP0ARADDR' has no timing specification (no clock specified to create a sequential output port, not combinationally connected to any inputs, not a clock output)
Warning 538: Model 'PS7_VPR' output port 'IRQP2F' has no timing specification (no clock specified to create a sequential output port, not combinationally connected to any inputs, not a clock output)
Warning 539: Model 'PS7_VPR' output port 'FTMTP2FTRIG' has no timing specification (no clock specified to create a sequential output port, not combinationally connected to any inputs, not a clock output)
Warning 540: Model 'PS7_VPR' output port 'FTMTP2FDEBUG' has no timing specification (no clock specified to create a sequential output port, not combinationally connected to any inputs, not a clock output)
Warning 541: Model 'PS7_VPR' output port 'FTMTF2PTRIGACK' has no timing specification (no clock specified to create a sequential output port, not combinationally connected to any inputs, not a clock output)
Warning 542: Model 'PS7_VPR' output port 'FCLKRESETN' has no timing specification (no clock specified to create a sequential output port, not combinationally connected to any inputs, not a clock output)
Warning 543: Model 'PS7_VPR' output port 'FCLKCLK' has no timing specification (no clock specified to create a sequential output port, not combinationally connected to any inputs, not a clock output)
Warning 544: Model 'PS7_VPR' output port 'EVENTSTANDBYWFI' has no timing specification (no clock specified to create a sequential output port, not combinationally connected to any inputs, not a clock output)
Warning 545: Model 'PS7_VPR' output port 'EVENTSTANDBYWFE' has no timing specification (no clock specified to create a sequential output port, not combinationally connected to any inputs, not a clock output)
Warning 546: Model 'PS7_VPR' output port 'EVENTEVENTO' has no timing specification (no clock specified to create a sequential output port, not combinationally connected to any inputs, not a clock output)
Warning 547: Model 'PS7_VPR' output port 'EMIOWDTRSTO' has no timing specification (no clock specified to create a sequential output port, not combinationally connected to any inputs, not a clock output)
Warning 548: Model 'PS7_VPR' output port 'EMIOUSB1VBUSPWRSELECT' has no timing specification (no clock specified to create a sequential output port, not combinationally connected to any inputs, not a clock output)
Warning 549: Model 'PS7_VPR' output port 'EMIOUSB1PORTINDCTL' has no timing specification (no clock specified to create a sequential output port, not combinationally connected to any inputs, not a clock output)
Warning 550: Model 'PS7_VPR' output port 'EMIOUSB0VBUSPWRSELECT' has no timing specification (no clock specified to create a sequential output port, not combinationally connected to any inputs, not a clock output)
Warning 551: Model 'PS7_VPR' output port 'EMIOUSB0PORTINDCTL' has no timing specification (no clock specified to create a sequential output port, not combinationally connected to any inputs, not a clock output)
Warning 552: Model 'PS7_VPR' output port 'EMIOUART1TX' has no timing specification (no clock specified to create a sequential output port, not combinationally connected to any inputs, not a clock output)
Warning 553: Model 'PS7_VPR' output port 'EMIOUART1RTSN' has no timing specification (no clock specified to create a sequential output port, not combinationally connected to any inputs, not a clock output)
Warning 554: Model 'PS7_VPR' output port 'EMIOUART1DTRN' has no timing specification (no clock specified to create a sequential output port, not combinationally connected to any inputs, not a clock output)
Warning 555: Model 'PS7_VPR' output port 'EMIOUART0TX' has no timing specification (no clock specified to create a sequential output port, not combinationally connected to any inputs, not a clock output)
Warning 556: Model 'PS7_VPR' output port 'EMIOUART0RTSN' has no timing specification (no clock specified to create a sequential output port, not combinationally connected to any inputs, not a clock output)
Warning 557: Model 'PS7_VPR' output port 'EMIOUART0DTRN' has no timing specification (no clock specified to create a sequential output port, not combinationally connected to any inputs, not a clock output)
Warning 558: Model 'PS7_VPR' output port 'EMIOTTC1WAVEO' has no timing specification (no clock specified to create a sequential output port, not combinationally connected to any inputs, not a clock output)
Warning 559: Model 'PS7_VPR' output port 'EMIOTTC0WAVEO' has no timing specification (no clock specified to create a sequential output port, not combinationally connected to any inputs, not a clock output)
Warning 560: Model 'PS7_VPR' output port 'EMIOTRACEDATA' has no timing specification (no clock specified to create a sequential output port, not combinationally connected to any inputs, not a clock output)
Warning 561: Model 'PS7_VPR' output port 'EMIOTRACECTL' has no timing specification (no clock specified to create a sequential output port, not combinationally connected to any inputs, not a clock output)
Warning 562: Model 'PS7_VPR' output port 'EMIOSPI1STN' has no timing specification (no clock specified to create a sequential output port, not combinationally connected to any inputs, not a clock output)
Warning 563: Model 'PS7_VPR' output port 'EMIOSPI1SSON' has no timing specification (no clock specified to create a sequential output port, not combinationally connected to any inputs, not a clock output)
Warning 564: Model 'PS7_VPR' output port 'EMIOSPI1SSNTN' has no timing specification (no clock specified to create a sequential output port, not combinationally connected to any inputs, not a clock output)
Warning 565: Model 'PS7_VPR' output port 'EMIOSPI1SO' has no timing specification (no clock specified to create a sequential output port, not combinationally connected to any inputs, not a clock output)
Warning 566: Model 'PS7_VPR' output port 'EMIOSPI1SCLKTN' has no timing specification (no clock specified to create a sequential output port, not combinationally connected to any inputs, not a clock output)
Warning 567: Model 'PS7_VPR' output port 'EMIOSPI1SCLKO' has no timing specification (no clock specified to create a sequential output port, not combinationally connected to any inputs, not a clock output)
Warning 568: Model 'PS7_VPR' output port 'EMIOSPI1MOTN' has no timing specification (no clock specified to create a sequential output port, not combinationally connected to any inputs, not a clock output)
Warning 569: Model 'PS7_VPR' output port 'EMIOSPI1MO' has no timing specification (no clock specified to create a sequential output port, not combinationally connected to any inputs, not a clock output)
Warning 570: Model 'PS7_VPR' output port 'EMIOSPI0STN' has no timing specification (no clock specified to create a sequential output port, not combinationally connected to any inputs, not a clock output)
Warning 571: Model 'PS7_VPR' output port 'EMIOSPI0SSON' has no timing specification (no clock specified to create a sequential output port, not combinationally connected to any inputs, not a clock output)
Warning 572: Model 'PS7_VPR' output port 'EMIOSPI0SSNTN' has no timing specification (no clock specified to create a sequential output port, not combinationally connected to any inputs, not a clock output)
Warning 573: Model 'PS7_VPR' output port 'EMIOSPI0SO' has no timing specification (no clock specified to create a sequential output port, not combinationally connected to any inputs, not a clock output)
Warning 574: Model 'PS7_VPR' output port 'EMIOSPI0SCLKTN' has no timing specification (no clock specified to create a sequential output port, not combinationally connected to any inputs, not a clock output)
Warning 575: Model 'PS7_VPR' output port 'EMIOSPI0SCLKO' has no timing specification (no clock specified to create a sequential output port, not combinationally connected to any inputs, not a clock output)
Warning 576: Model 'PS7_VPR' output port 'EMIOSPI0MOTN' has no timing specification (no clock specified to create a sequential output port, not combinationally connected to any inputs, not a clock output)
Warning 577: Model 'PS7_VPR' output port 'EMIOSPI0MO' has no timing specification (no clock specified to create a sequential output port, not combinationally connected to any inputs, not a clock output)
Warning 578: Model 'PS7_VPR' output port 'EMIOSDIO1LED' has no timing specification (no clock specified to create a sequential output port, not combinationally connected to any inputs, not a clock output)
Warning 579: Model 'PS7_VPR' output port 'EMIOSDIO1DATATN' has no timing specification (no clock specified to create a sequential output port, not combinationally connected to any inputs, not a clock output)
Warning 580: Model 'PS7_VPR' output port 'EMIOSDIO1DATAO' has no timing specification (no clock specified to create a sequential output port, not combinationally connected to any inputs, not a clock output)
Warning 581: Model 'PS7_VPR' output port 'EMIOSDIO1CMDTN' has no timing specification (no clock specified to create a sequential output port, not combinationally connected to any inputs, not a clock output)
Warning 582: Model 'PS7_VPR' output port 'EMIOSDIO1CMDO' has no timing specification (no clock specified to create a sequential output port, not combinationally connected to any inputs, not a clock output)
Warning 583: Model 'PS7_VPR' output port 'EMIOSDIO1CLK' has no timing specification (no clock specified to create a sequential output port, not combinationally connected to any inputs, not a clock output)
Warning 584: Model 'PS7_VPR' output port 'EMIOSDIO1BUSVOLT' has no timing specification (no clock specified to create a sequential output port, not combinationally connected to any inputs, not a clock output)
Warning 585: Model 'PS7_VPR' output port 'EMIOSDIO1BUSPOW' has no timing specification (no clock specified to create a sequential output port, not combinationally connected to any inputs, not a clock output)
Warning 586: Model 'PS7_VPR' output port 'EMIOSDIO0LED' has no timing specification (no clock specified to create a sequential output port, not combinationally connected to any inputs, not a clock output)
Warning 587: Model 'PS7_VPR' output port 'EMIOSDIO0DATATN' has no timing specification (no clock specified to create a sequential output port, not combinationally connected to any inputs, not a clock output)
Warning 588: Model 'PS7_VPR' output port 'EMIOSDIO0DATAO' has no timing specification (no clock specified to create a sequential output port, not combinationally connected to any inputs, not a clock output)
Warning 589: Model 'PS7_VPR' output port 'EMIOSDIO0CMDTN' has no timing specification (no clock specified to create a sequential output port, not combinationally connected to any inputs, not a clock output)
Warning 590: Model 'PS7_VPR' output port 'EMIOSDIO0CMDO' has no timing specification (no clock specified to create a sequential output port, not combinationally connected to any inputs, not a clock output)
Warning 591: Model 'PS7_VPR' output port 'EMIOSDIO0CLK' has no timing specification (no clock specified to create a sequential output port, not combinationally connected to any inputs, not a clock output)
Warning 592: Model 'PS7_VPR' output port 'EMIOSDIO0BUSVOLT' has no timing specification (no clock specified to create a sequential output port, not combinationally connected to any inputs, not a clock output)
Warning 593: Model 'PS7_VPR' output port 'EMIOSDIO0BUSPOW' has no timing specification (no clock specified to create a sequential output port, not combinationally connected to any inputs, not a clock output)
Warning 594: Model 'PS7_VPR' output port 'EMIOPJTAGTDTN' has no timing specification (no clock specified to create a sequential output port, not combinationally connected to any inputs, not a clock output)
Warning 595: Model 'PS7_VPR' output port 'EMIOPJTAGTDO' has no timing specification (no clock specified to create a sequential output port, not combinationally connected to any inputs, not a clock output)
Warning 596: Model 'PS7_VPR' output port 'EMIOI2C1SDATN' has no timing specification (no clock specified to create a sequential output port, not combinationally connected to any inputs, not a clock output)
Warning 597: Model 'PS7_VPR' output port 'EMIOI2C1SDAO' has no timing specification (no clock specified to create a sequential output port, not combinationally connected to any inputs, not a clock output)
Warning 598: Model 'PS7_VPR' output port 'EMIOI2C1SCLTN' has no timing specification (no clock specified to create a sequential output port, not combinationally connected to any inputs, not a clock output)
Warning 599: Model 'PS7_VPR' output port 'EMIOI2C1SCLO' has no timing specification (no clock specified to create a sequential output port, not combinationally connected to any inputs, not a clock output)
Warning 600: Model 'PS7_VPR' output port 'EMIOI2C0SDATN' has no timing specification (no clock specified to create a sequential output port, not combinationally connected to any inputs, not a clock output)
Warning 601: Model 'PS7_VPR' output port 'EMIOI2C0SDAO' has no timing specification (no clock specified to create a sequential output port, not combinationally connected to any inputs, not a clock output)
Warning 602: Model 'PS7_VPR' output port 'EMIOI2C0SCLTN' has no timing specification (no clock specified to create a sequential output port, not combinationally connected to any inputs, not a clock output)
Warning 603: Model 'PS7_VPR' output port 'EMIOI2C0SCLO' has no timing specification (no clock specified to create a sequential output port, not combinationally connected to any inputs, not a clock output)
Warning 604: Model 'PS7_VPR' output port 'EMIOGPIOTN' has no timing specification (no clock specified to create a sequential output port, not combinationally connected to any inputs, not a clock output)
Warning 605: Model 'PS7_VPR' output port 'EMIOGPIOO' has no timing specification (no clock specified to create a sequential output port, not combinationally connected to any inputs, not a clock output)
Warning 606: Model 'PS7_VPR' output port 'EMIOENET1SOFTX' has no timing specification (no clock specified to create a sequential output port, not combinationally connected to any inputs, not a clock output)
Warning 607: Model 'PS7_VPR' output port 'EMIOENET1SOFRX' has no timing specification (no clock specified to create a sequential output port, not combinationally connected to any inputs, not a clock output)
Warning 608: Model 'PS7_VPR' output port 'EMIOENET1PTPSYNCFRAMETX' has no timing specification (no clock specified to create a sequential output port, not combinationally connected to any inputs, not a clock output)
Warning 609: Model 'PS7_VPR' output port 'EMIOENET1PTPSYNCFRAMERX' has no timing specification (no clock specified to create a sequential output port, not combinationally connected to any inputs, not a clock output)
Warning 610: Model 'PS7_VPR' output port 'EMIOENET1PTPPDELAYRESPTX' has no timing specification (no clock specified to create a sequential output port, not combinationally connected to any inputs, not a clock output)
Warning 611: Model 'PS7_VPR' output port 'EMIOENET1PTPPDELAYRESPRX' has no timing specification (no clock specified to create a sequential output port, not combinationally connected to any inputs, not a clock output)
Warning 612: Model 'PS7_VPR' output port 'EMIOENET1PTPPDELAYREQTX' has no timing specification (no clock specified to create a sequential output port, not combinationally connected to any inputs, not a clock output)
Warning 613: Model 'PS7_VPR' output port 'EMIOENET1PTPPDELAYREQRX' has no timing specification (no clock specified to create a sequential output port, not combinationally connected to any inputs, not a clock output)
Warning 614: Model 'PS7_VPR' output port 'EMIOENET1PTPDELAYREQTX' has no timing specification (no clock specified to create a sequential output port, not combinationally connected to any inputs, not a clock output)
Warning 615: Model 'PS7_VPR' output port 'EMIOENET1PTPDELAYREQRX' has no timing specification (no clock specified to create a sequential output port, not combinationally connected to any inputs, not a clock output)
Warning 616: Model 'PS7_VPR' output port 'EMIOENET1MDIOTN' has no timing specification (no clock specified to create a sequential output port, not combinationally connected to any inputs, not a clock output)
Warning 617: Model 'PS7_VPR' output port 'EMIOENET1MDIOO' has no timing specification (no clock specified to create a sequential output port, not combinationally connected to any inputs, not a clock output)
Warning 618: Model 'PS7_VPR' output port 'EMIOENET1MDIOMDC' has no timing specification (no clock specified to create a sequential output port, not combinationally connected to any inputs, not a clock output)
Warning 619: Model 'PS7_VPR' output port 'EMIOENET1GMIITXER' has no timing specification (no clock specified to create a sequential output port, not combinationally connected to any inputs, not a clock output)
Warning 620: Model 'PS7_VPR' output port 'EMIOENET1GMIITXEN' has no timing specification (no clock specified to create a sequential output port, not combinationally connected to any inputs, not a clock output)
Warning 621: Model 'PS7_VPR' output port 'EMIOENET1GMIITXD' has no timing specification (no clock specified to create a sequential output port, not combinationally connected to any inputs, not a clock output)
Warning 622: Model 'PS7_VPR' output port 'EMIOENET0SOFTX' has no timing specification (no clock specified to create a sequential output port, not combinationally connected to any inputs, not a clock output)
Warning 623: Model 'PS7_VPR' output port 'EMIOENET0SOFRX' has no timing specification (no clock specified to create a sequential output port, not combinationally connected to any inputs, not a clock output)
Warning 624: Model 'PS7_VPR' output port 'EMIOENET0PTPSYNCFRAMETX' has no timing specification (no clock specified to create a sequential output port, not combinationally connected to any inputs, not a clock output)
Warning 625: Model 'PS7_VPR' output port 'EMIOENET0PTPSYNCFRAMERX' has no timing specification (no clock specified to create a sequential output port, not combinationally connected to any inputs, not a clock output)
Warning 626: Model 'PS7_VPR' output port 'EMIOENET0PTPPDELAYRESPTX' has no timing specification (no clock specified to create a sequential output port, not combinationally connected to any inputs, not a clock output)
Warning 627: Model 'PS7_VPR' output port 'EMIOENET0PTPPDELAYRESPRX' has no timing specification (no clock specified to create a sequential output port, not combinationally connected to any inputs, not a clock output)
Warning 628: Model 'PS7_VPR' output port 'EMIOENET0PTPPDELAYREQTX' has no timing specification (no clock specified to create a sequential output port, not combinationally connected to any inputs, not a clock output)
Warning 629: Model 'PS7_VPR' output port 'EMIOENET0PTPPDELAYREQRX' has no timing specification (no clock specified to create a sequential output port, not combinationally connected to any inputs, not a clock output)
Warning 630: Model 'PS7_VPR' output port 'EMIOENET0PTPDELAYREQTX' has no timing specification (no clock specified to create a sequential output port, not combinationally connected to any inputs, not a clock output)
Warning 631: Model 'PS7_VPR' output port 'EMIOENET0PTPDELAYREQRX' has no timing specification (no clock specified to create a sequential output port, not combinationally connected to any inputs, not a clock output)
Warning 632: Model 'PS7_VPR' output port 'EMIOENET0MDIOTN' has no timing specification (no clock specified to create a sequential output port, not combinationally connected to any inputs, not a clock output)
Warning 633: Model 'PS7_VPR' output port 'EMIOENET0MDIOO' has no timing specification (no clock specified to create a sequential output port, not combinationally connected to any inputs, not a clock output)
Warning 634: Model 'PS7_VPR' output port 'EMIOENET0MDIOMDC' has no timing specification (no clock specified to create a sequential output port, not combinationally connected to any inputs, not a clock output)
Warning 635: Model 'PS7_VPR' output port 'EMIOENET0GMIITXER' has no timing specification (no clock specified to create a sequential output port, not combinationally connected to any inputs, not a clock output)
Warning 636: Model 'PS7_VPR' output port 'EMIOENET0GMIITXEN' has no timing specification (no clock specified to create a sequential output port, not combinationally connected to any inputs, not a clock output)
Warning 637: Model 'PS7_VPR' output port 'EMIOENET0GMIITXD' has no timing specification (no clock specified to create a sequential output port, not combinationally connected to any inputs, not a clock output)
Warning 638: Model 'PS7_VPR' output port 'EMIOCAN1PHYTX' has no timing specification (no clock specified to create a sequential output port, not combinationally connected to any inputs, not a clock output)
Warning 639: Model 'PS7_VPR' output port 'EMIOCAN0PHYTX' has no timing specification (no clock specified to create a sequential output port, not combinationally connected to any inputs, not a clock output)
Warning 640: Model 'PS7_VPR' output port 'DMA3RSTN' has no timing specification (no clock specified to create a sequential output port, not combinationally connected to any inputs, not a clock output)
Warning 641: Model 'PS7_VPR' output port 'DMA3DRREADY' has no timing specification (no clock specified to create a sequential output port, not combinationally connected to any inputs, not a clock output)
Warning 642: Model 'PS7_VPR' output port 'DMA3DAVALID' has no timing specification (no clock specified to create a sequential output port, not combinationally connected to any inputs, not a clock output)
Warning 643: Model 'PS7_VPR' output port 'DMA3DATYPE' has no timing specification (no clock specified to create a sequential output port, not combinationally connected to any inputs, not a clock output)
Warning 644: Model 'PS7_VPR' output port 'DMA2RSTN' has no timing specification (no clock specified to create a sequential output port, not combinationally connected to any inputs, not a clock output)
Warning 645: Model 'PS7_VPR' output port 'DMA2DRREADY' has no timing specification (no clock specified to create a sequential output port, not combinationally connected to any inputs, not a clock output)
Warning 646: Model 'PS7_VPR' output port 'DMA2DAVALID' has no timing specification (no clock specified to create a sequential output port, not combinationally connected to any inputs, not a clock output)
Warning 647: Model 'PS7_VPR' output port 'DMA2DATYPE' has no timing specification (no clock specified to create a sequential output port, not combinationally connected to any inputs, not a clock output)
Warning 648: Model 'PS7_VPR' output port 'DMA1RSTN' has no timing specification (no clock specified to create a sequential output port, not combinationally connected to any inputs, not a clock output)
Warning 649: Model 'PS7_VPR' output port 'DMA1DRREADY' has no timing specification (no clock specified to create a sequential output port, not combinationally connected to any inputs, not a clock output)
Warning 650: Model 'PS7_VPR' output port 'DMA1DAVALID' has no timing specification (no clock specified to create a sequential output port, not combinationally connected to any inputs, not a clock output)
Warning 651: Model 'PS7_VPR' output port 'DMA1DATYPE' has no timing specification (no clock specified to create a sequential output port, not combinationally connected to any inputs, not a clock output)
Warning 652: Model 'PS7_VPR' output port 'DMA0RSTN' has no timing specification (no clock specified to create a sequential output port, not combinationally connected to any inputs, not a clock output)
Warning 653: Model 'PS7_VPR' output port 'DMA0DRREADY' has no timing specification (no clock specified to create a sequential output port, not combinationally connected to any inputs, not a clock output)
Warning 654: Model 'PS7_VPR' output port 'DMA0DAVALID' has no timing specification (no clock specified to create a sequential output port, not combinationally connected to any inputs, not a clock output)
Warning 655: Model 'PS7_VPR' output port 'DMA0DATYPE' has no timing specification (no clock specified to create a sequential output port, not combinationally connected to any inputs, not a clock output)
Warning 656: Model 'VCC' output port 'VCC' has no timing specification (no clock specified to create a sequential output port, not combinationally connected to any inputs, not a clock output)
Warning 657: Model 'GND' output port 'GND' has no timing specification (no clock specified to create a sequential output port, not combinationally connected to any inputs, not a clock output)
Warning 658: <pb_type> 'empty' timing-annotation/<model> mismatch on port 'D' of model '.latch', port is a sequential input but has neither T_setup nor T_hold specified
Warning 659: <pb_type> 'empty' timing-annotation/<model> mismatch on port 'Q' of model '.latch', port is a sequential output but has neither min nor max T_clock_to_Q specified
# Loading Architecture Description took 1.95 seconds (max_rss 51.8 MiB, delta_rss +40.1 MiB)

Warning 660: Non-zero switch output capacitance (4e-15) has no effect when switch 'buffer' is used for connection block inputs
Timing analysis: ON
Circuit netlist file: zybo_top.net
Circuit placement file: zybo_top.place
Circuit routing file: zybo_top.route
Circuit SDC file: zybo_top.sdc
Vpr floorplanning constraints file: not specified

Packer: ENABLED
Placer: ENABLED
Router: DISABLED
Analysis: DISABLED

VPR was run with the following options:

NetlistOpts.abosrb_buffer_luts            : true
NetlistOpts.sweep_dangling_primary_ios    : true
NetlistOpts.sweep_dangling_nets           : true
NetlistOpts.sweep_dangling_blocks         : true
NetlistOpts.sweep_constant_primary_outputs: false
NetlistOpts.netlist_verbosity             : 1
NetlistOpts.const_gen_inference           : COMB_SEQ

PackerOpts.allow_unrelated_clustering: auto
PackerOpts.alpha_clustering: 0.750000
PackerOpts.beta_clustering: 0.900000
PackerOpts.cluster_seed_type: BLEND2
PackerOpts.connection_driven: true
PackerOpts.global_clocks: true
PackerOpts.hill_climbing_flag: false
PackerOpts.inter_cluster_net_delay: 1.000000
PackerOpts.timing_driven: true
PackerOpts.target_external_pin_util: auto

PlacerOpts.place_freq: PLACE_ONCE
PlacerOpts.place_algorithm: CRITICALITY_TIMING_PLACE
PlacerOpts.pad_loc_type: FREE
PlacerOpts.constraints_file: Using constraints file 'constraints.place'
PlacerOpts.place_cost_exp: 1.000000
PlacerOpts.place_chan_width: 500
PlacerOpts.inner_loop_recompute_divider: 0
PlacerOpts.recompute_crit_iter: 1
PlacerOpts.timing_tradeoff: 0.500000
PlacerOpts.td_place_exp_first: 1.000000
PlacerOpts.td_place_exp_last: 8.000000
PlacerOpts.delay_offset: 0.000000
PlacerOpts.delay_ramp_delta_threshold: -1
PlacerOpts.delay_ramp_slope: 0.000000
PlacerOpts.tsu_rel_margin: 1.000000
PlacerOpts.tsu_abs_margin: 0.000000
PlacerOpts.post_place_timing_report_file: 
PlacerOpts.allowed_tiles_for_delay_model: 
PlacerOpts.delay_model_reducer: MIN
PlacerOpts.delay_model_type: DELTA
PlacerOpts.rlim_escape_fraction: 0.000000
PlacerOpts.move_stats_file: 
PlacerOpts.placement_saves_per_temperature: 0
PlacerOpts.effort_scaling: CIRCUIT
PlacerOpts.place_delta_delay_matrix_calculation_method: DIJKSTRA_EXPANSION
PlaceOpts.seed: 0
AnnealSched.type: AUTO_SCHED
AnnealSched.inner_num: 0.500000

# Building complex block graph
# Building complex block graph took 0.09 seconds (max_rss 51.8 MiB, delta_rss +0.0 MiB)
Circuit file: zybo_top.eblif
# Load circuit
Found constant-zero generator '$abc$33822$auto$blifparse.cc:525:parse_blif$33823.T0'
Found constant-zero generator '$abc$33822$auto$blifparse.cc:525:parse_blif$33824.T1'
Found constant-zero generator '$abc$33822$auto$blifparse.cc:525:parse_blif$33825.T0'
Found constant-zero generator '$abc$33822$auto$blifparse.cc:525:parse_blif$33834.T1'
Found constant-zero generator '$abc$33822$auto$blifparse.cc:525:parse_blif$33911.T0'
Found constant-zero generator '$abc$33822$auto$blifparse.cc:525:parse_blif$33914.T0'
Found constant-zero generator '$abc$33822$auto$blifparse.cc:525:parse_blif$34008.T0'
Found constant-zero generator '$abc$33822$auto$blifparse.cc:525:parse_blif$34010.T0'
Found constant-zero generator '$abc$33822$auto$blifparse.cc:525:parse_blif$34016.T0'
Found constant-zero generator '$abc$33822$auto$blifparse.cc:525:parse_blif$34032.T1'
Found constant-zero generator '$abc$33822$auto$blifparse.cc:525:parse_blif$34048.T1'
Found constant-zero generator '$abc$33822$auto$blifparse.cc:525:parse_blif$34050.T0'
Found constant-zero generator '$abc$33822$auto$blifparse.cc:525:parse_blif$34052.T0'
Found constant-zero generator '$abc$33822$auto$blifparse.cc:525:parse_blif$34075.T0'
Found constant-zero generator '$abc$33822$auto$blifparse.cc:525:parse_blif$34101.T1'
Found constant-zero generator '$abc$33822$auto$blifparse.cc:525:parse_blif$34108.T1'
Found constant-zero generator '$abc$33822$auto$blifparse.cc:525:parse_blif$34114.T0'
Found constant-zero generator '$abc$33822$auto$blifparse.cc:525:parse_blif$34145.T0'
Found constant-zero generator '$abc$33822$auto$blifparse.cc:525:parse_blif$34149.T0'
Found constant-zero generator '$abc$33822$auto$blifparse.cc:525:parse_blif$34151.T0'
Found constant-zero generator '$abc$33822$auto$blifparse.cc:525:parse_blif$34157.T0'
Found constant-zero generator '$abc$33822$auto$blifparse.cc:525:parse_blif$34159.T0'
Found constant-zero generator '$abc$33822$auto$blifparse.cc:525:parse_blif$34161.T0'
Found constant-zero generator '$abc$33822$auto$blifparse.cc:525:parse_blif$34163.T0'
Found constant-zero generator '$abc$33822$auto$blifparse.cc:525:parse_blif$34164.T0'
Found constant-zero generator '$abc$33822$auto$blifparse.cc:525:parse_blif$34166.T0'
Found constant-zero generator '$abc$33822$auto$blifparse.cc:525:parse_blif$34167.T0'
Found constant-zero generator '$abc$33822$auto$blifparse.cc:525:parse_blif$34172.T0'
Found constant-zero generator '$abc$33822$auto$blifparse.cc:525:parse_blif$34173.T0'
Found constant-zero generator '$abc$33822$auto$blifparse.cc:525:parse_blif$34174.T1'
Found constant-zero generator '$abc$33822$auto$blifparse.cc:525:parse_blif$34178.T0'
Found constant-zero generator '$abc$33822$auto$blifparse.cc:525:parse_blif$34180.T0'
Found constant-zero generator '$abc$33822$auto$blifparse.cc:525:parse_blif$34181.T0'
Found constant-zero generator '$abc$33822$auto$blifparse.cc:525:parse_blif$34182.T0'
Found constant-zero generator '$abc$33822$auto$blifparse.cc:525:parse_blif$34184.T0'
Found constant-zero generator '$abc$33822$auto$blifparse.cc:525:parse_blif$34185.T0'
Found constant-zero generator '$abc$33822$auto$blifparse.cc:525:parse_blif$34187.T0'
Found constant-zero generator '$abc$33822$auto$blifparse.cc:525:parse_blif$34188.T0'
Found constant-zero generator '$abc$33822$auto$blifparse.cc:525:parse_blif$34190.T0'
Found constant-zero generator '$abc$33822$auto$blifparse.cc:525:parse_blif$34192.T0'
Found constant-zero generator '$abc$33822$auto$blifparse.cc:525:parse_blif$34193.T0'
Found constant-zero generator '$abc$33822$auto$blifparse.cc:525:parse_blif$34194.T0'
Found constant-zero generator '$abc$33822$auto$blifparse.cc:525:parse_blif$34195.T1'
Found constant-zero generator '$abc$33822$auto$blifparse.cc:525:parse_blif$34198.T0'
Found constant-zero generator '$abc$33822$auto$blifparse.cc:525:parse_blif$34200.T0'
Found constant-zero generator '$abc$33822$auto$blifparse.cc:525:parse_blif$34201.T0'
Found constant-zero generator '$abc$33822$auto$blifparse.cc:525:parse_blif$34202.T1'
Found constant-zero generator '$abc$33822$auto$blifparse.cc:525:parse_blif$34205.T0'
Found constant-zero generator '$abc$33822$auto$blifparse.cc:525:parse_blif$34207.T0'
Found constant-zero generator '$abc$33822$auto$blifparse.cc:525:parse_blif$34208.T0'
Found constant-zero generator '$abc$33822$auto$blifparse.cc:525:parse_blif$34210.T0'
Found constant-zero generator '$abc$33822$auto$blifparse.cc:525:parse_blif$34212.T0'
Found constant-zero generator '$abc$33822$auto$blifparse.cc:525:parse_blif$34218.T0'
Found constant-zero generator '$abc$33822$auto$blifparse.cc:525:parse_blif$34221.T0'
Found constant-zero generator '$abc$33822$auto$blifparse.cc:525:parse_blif$34222.T0'
Found constant-zero generator '$abc$33822$auto$blifparse.cc:525:parse_blif$34224.T0'
Found constant-zero generator '$abc$33822$auto$blifparse.cc:525:parse_blif$34226.T0'
Found constant-zero generator '$abc$33822$auto$blifparse.cc:525:parse_blif$34227.T0'
Found constant-zero generator '$abc$33822$auto$blifparse.cc:525:parse_blif$34228.T0'
Found constant-zero generator '$abc$33822$auto$blifparse.cc:525:parse_blif$34229.T0'
Found constant-zero generator '$abc$33822$auto$blifparse.cc:525:parse_blif$34231.T0'
Found constant-zero generator '$abc$33822$auto$blifparse.cc:525:parse_blif$34232.T0'
Found constant-zero generator '$abc$33822$auto$blifparse.cc:525:parse_blif$34233.T0'
Found constant-zero generator '$abc$33822$auto$blifparse.cc:525:parse_blif$34235.T0'
Found constant-zero generator '$abc$33822$auto$blifparse.cc:525:parse_blif$34236.T0'
Found constant-zero generator '$abc$33822$auto$blifparse.cc:525:parse_blif$34237.T0'
Found constant-zero generator '$abc$33822$auto$blifparse.cc:525:parse_blif$34238.T0'
Found constant-zero generator '$abc$33822$auto$blifparse.cc:525:parse_blif$34239.T1'
Found constant-zero generator '$abc$33822$auto$blifparse.cc:525:parse_blif$34241.T0'
Found constant-zero generator '$abc$33822$auto$blifparse.cc:525:parse_blif$34243.T0'
Found constant-zero generator '$abc$33822$auto$blifparse.cc:525:parse_blif$34244.T0'
Found constant-zero generator '$abc$33822$auto$blifparse.cc:525:parse_blif$34245.T0'
Found constant-zero generator '$abc$33822$auto$blifparse.cc:525:parse_blif$34246.T1'
Found constant-zero generator '$abc$33822$auto$blifparse.cc:525:parse_blif$34248.T0'
Found constant-zero generator '$abc$33822$auto$blifparse.cc:525:parse_blif$34250.T0'
Found constant-zero generator '$abc$33822$auto$blifparse.cc:525:parse_blif$34251.T0'
Found constant-zero generator '$abc$33822$auto$blifparse.cc:525:parse_blif$34252.T0'
Found constant-zero generator '$abc$33822$auto$blifparse.cc:525:parse_blif$34253.T1'
Found constant-zero generator '$abc$33822$auto$blifparse.cc:525:parse_blif$34255.T0'
Found constant-zero generator '$abc$33822$auto$blifparse.cc:525:parse_blif$34257.T0'
Found constant-zero generator '$abc$33822$auto$blifparse.cc:525:parse_blif$34258.T0'
Found constant-zero generator '$abc$33822$auto$blifparse.cc:525:parse_blif$34259.T0'
Found constant-zero generator '$abc$33822$auto$blifparse.cc:525:parse_blif$34260.T1'
Found constant-zero generator '$abc$33822$auto$blifparse.cc:525:parse_blif$34262.T0'
Found constant-zero generator '$abc$33822$auto$blifparse.cc:525:parse_blif$34264.T0'
Found constant-zero generator '$abc$33822$auto$blifparse.cc:525:parse_blif$34265.T0'
Found constant-zero generator '$abc$33822$auto$blifparse.cc:525:parse_blif$34266.T0'
Found constant-zero generator '$abc$33822$auto$blifparse.cc:525:parse_blif$34268.T0'
Found constant-zero generator '$abc$33822$auto$blifparse.cc:525:parse_blif$34274.T1'
Found constant-zero generator '$abc$33822$auto$blifparse.cc:525:parse_blif$34277.T0'
Found constant-zero generator '$abc$33822$auto$blifparse.cc:525:parse_blif$34282.T1'
Found constant-zero generator '$abc$33822$auto$blifparse.cc:525:parse_blif$34285.T1'
Found constant-zero generator '$abc$33822$auto$blifparse.cc:525:parse_blif$34289.T1'
Found constant-zero generator '$abc$33822$auto$blifparse.cc:525:parse_blif$34292.T1'
Found constant-zero generator '$abc$33822$auto$blifparse.cc:525:parse_blif$34295.T0'
Found constant-zero generator '$abc$33822$auto$blifparse.cc:525:parse_blif$34298.T1'
Found constant-zero generator '$abc$33822$auto$blifparse.cc:525:parse_blif$34301.T1'
Found constant-zero generator '$abc$33822$auto$blifparse.cc:525:parse_blif$34310.T1'
Found constant-zero generator '$abc$33822$auto$blifparse.cc:525:parse_blif$34313.T1'
Found constant-zero generator '$abc$33822$auto$blifparse.cc:525:parse_blif$34316.T0'
Found constant-zero generator '$abc$33822$auto$blifparse.cc:525:parse_blif$34321.T1'
Found constant-zero generator '$abc$33822$auto$blifparse.cc:525:parse_blif$34324.T1'
Found constant-zero generator '$abc$33822$auto$blifparse.cc:525:parse_blif$34327.T0'
Found constant-zero generator '$abc$33822$auto$blifparse.cc:525:parse_blif$34333.T0'
Found constant-zero generator '$abc$33822$auto$blifparse.cc:525:parse_blif$34338.T0'
Found constant-zero generator '$abc$33822$auto$blifparse.cc:525:parse_blif$34341.T1'
Found constant-zero generator '$abc$33822$auto$blifparse.cc:525:parse_blif$34344.T1'
Found constant-zero generator '$abc$33822$auto$blifparse.cc:525:parse_blif$34347.T1'
Found constant-zero generator '$abc$33822$auto$blifparse.cc:525:parse_blif$34350.T1'
Found constant-zero generator '$abc$33822$auto$blifparse.cc:525:parse_blif$34355.T1'
Found constant-zero generator '$abc$33822$auto$blifparse.cc:525:parse_blif$34358.T1'
Found constant-zero generator '$abc$33822$auto$blifparse.cc:525:parse_blif$34361.T0'
Found constant-zero generator '$abc$33822$auto$blifparse.cc:525:parse_blif$34364.T0'
Found constant-zero generator '$abc$33822$auto$blifparse.cc:525:parse_blif$34369.T1'
Found constant-zero generator '$abc$33822$auto$blifparse.cc:525:parse_blif$34372.T1'
Found constant-zero generator '$abc$33822$auto$blifparse.cc:525:parse_blif$34376.T0'
Found constant-zero generator '$abc$33822$auto$blifparse.cc:525:parse_blif$34381.T0'
Found constant-zero generator '$abc$33822$auto$blifparse.cc:525:parse_blif$34384.T1'
Found constant-zero generator '$abc$33822$auto$blifparse.cc:525:parse_blif$34387.T1'
Found constant-zero generator '$abc$33822$auto$blifparse.cc:525:parse_blif$34390.T1'
Found constant-zero generator '$abc$33822$auto$blifparse.cc:525:parse_blif$34393.T1'
Found constant-zero generator '$abc$33822$auto$blifparse.cc:525:parse_blif$34397.T1'
Found constant-zero generator '$abc$33822$auto$blifparse.cc:525:parse_blif$34400.T1'
Found constant-zero generator '$abc$33822$auto$blifparse.cc:525:parse_blif$34403.T0'
Found constant-zero generator '$abc$33822$auto$blifparse.cc:525:parse_blif$34406.T0'
Found constant-zero generator '$abc$33822$auto$blifparse.cc:525:parse_blif$34411.T1'
Found constant-zero generator '$abc$33822$auto$blifparse.cc:525:parse_blif$34414.T1'
Found constant-zero generator '$abc$33822$auto$blifparse.cc:525:parse_blif$34418.T1'
Found constant-zero generator '$abc$33822$auto$blifparse.cc:525:parse_blif$34421.T1'
Found constant-zero generator '$abc$33822$auto$blifparse.cc:525:parse_blif$34424.T0'
Found constant-zero generator '$abc$33822$auto$blifparse.cc:525:parse_blif$34427.T1'
Found constant-zero generator '$abc$33822$auto$blifparse.cc:525:parse_blif$34430.T1'
Found constant-zero generator '$abc$33822$auto$blifparse.cc:525:parse_blif$34433.T0'
Found constant-zero generator '$abc$33822$auto$blifparse.cc:525:parse_blif$34439.T0'
Found constant-zero generator '$abc$33822$auto$blifparse.cc:525:parse_blif$34444.T0'
Found constant-zero generator '$abc$33822$auto$blifparse.cc:525:parse_blif$34447.T1'
Found constant-zero generator '$abc$33822$auto$blifparse.cc:525:parse_blif$34450.T1'
Found constant-zero generator '$abc$33822$auto$blifparse.cc:525:parse_blif$34453.T1'
Found constant-zero generator '$abc$33822$auto$blifparse.cc:525:parse_blif$34456.T1'
Found constant-zero generator '$abc$33822$auto$blifparse.cc:525:parse_blif$34460.T1'
Found constant-zero generator '$abc$33822$auto$blifparse.cc:525:parse_blif$34463.T1'
Found constant-zero generator '$abc$33822$auto$blifparse.cc:525:parse_blif$34466.T0'
Found constant-zero generator '$abc$33822$auto$blifparse.cc:525:parse_blif$34469.T1'
Found constant-zero generator '$abc$33822$auto$blifparse.cc:525:parse_blif$34472.T1'
Found constant-zero generator '$abc$33822$auto$blifparse.cc:525:parse_blif$34475.T0'
Found constant-zero generator '$abc$33822$auto$blifparse.cc:525:parse_blif$34482.T1'
Found constant-zero generator '$abc$33822$auto$blifparse.cc:525:parse_blif$34485.T1'
Found constant-zero generator '$abc$33822$auto$blifparse.cc:525:parse_blif$34488.T0'
Found constant-zero generator '$abc$33822$auto$blifparse.cc:525:parse_blif$34491.T0'
Found constant-zero generator '$abc$33822$auto$blifparse.cc:525:parse_blif$34496.T1'
Found constant-zero generator '$abc$33822$auto$blifparse.cc:525:parse_blif$34499.T1'
Found constant-zero generator '$abc$33822$auto$blifparse.cc:525:parse_blif$34503.T1'
Found constant-zero generator '$abc$33822$auto$blifparse.cc:525:parse_blif$34506.T1'
Found constant-zero generator '$abc$33822$auto$blifparse.cc:525:parse_blif$34509.T0'
Found constant-zero generator '$abc$33822$auto$blifparse.cc:525:parse_blif$34512.T0'
Found constant-zero generator '$abc$33822$auto$blifparse.cc:525:parse_blif$34517.T1'
Found constant-zero generator '$abc$33822$auto$blifparse.cc:525:parse_blif$34520.T1'
Found constant-zero generator '$abc$33822$auto$blifparse.cc:525:parse_blif$34524.T0'
Found constant-zero generator '$abc$33822$auto$blifparse.cc:525:parse_blif$34530.T1'
Found constant-zero generator '$abc$33822$auto$blifparse.cc:525:parse_blif$34533.T1'
Found constant-zero generator '$abc$33822$auto$blifparse.cc:525:parse_blif$34536.T1'
Found constant-zero generator '$abc$33822$auto$blifparse.cc:525:parse_blif$34539.T0'
Found constant-zero generator '$abc$33822$auto$blifparse.cc:525:parse_blif$34545.T1'
Found constant-zero generator '$abc$33822$auto$blifparse.cc:525:parse_blif$34548.T1'
Found constant-zero generator '$abc$33822$auto$blifparse.cc:525:parse_blif$34551.T0'
Found constant-zero generator '$abc$33822$auto$blifparse.cc:525:parse_blif$34554.T1'
Found constant-zero generator '$abc$33822$auto$blifparse.cc:525:parse_blif$34557.T1'
Found constant-zero generator '$abc$33822$auto$blifparse.cc:525:parse_blif$34560.T0'
Found constant-zero generator '$abc$33822$auto$blifparse.cc:525:parse_blif$34566.T0'
Found constant-zero generator '$abc$33822$auto$blifparse.cc:525:parse_blif$34572.T1'
Found constant-zero generator '$abc$33822$auto$blifparse.cc:525:parse_blif$34575.T1'
Found constant-zero generator '$abc$33822$auto$blifparse.cc:525:parse_blif$34578.T1'
Found constant-zero generator '$abc$33822$auto$blifparse.cc:525:parse_blif$34581.T0'
Found constant-zero generator '$abc$33822$auto$blifparse.cc:525:parse_blif$34587.T0'
Found constant-zero generator '$abc$33822$auto$blifparse.cc:525:parse_blif$34592.T0'
Found constant-zero generator '$abc$33822$auto$blifparse.cc:525:parse_blif$34595.T1'
Found constant-zero generator '$abc$33822$auto$blifparse.cc:525:parse_blif$34598.T1'
Found constant-zero generator '$abc$33822$auto$blifparse.cc:525:parse_blif$34601.T1'
Found constant-zero generator '$abc$33822$auto$blifparse.cc:525:parse_blif$34604.T1'
Found constant-zero generator '$abc$33822$auto$blifparse.cc:525:parse_blif$34610.T0'
Found constant-zero generator '$abc$33822$auto$blifparse.cc:525:parse_blif$34616.T1'
Found constant-zero generator '$abc$33822$auto$blifparse.cc:525:parse_blif$34619.T1'
Found constant-zero generator '$abc$33822$auto$blifparse.cc:525:parse_blif$34622.T1'
Found constant-zero generator '$abc$33822$auto$blifparse.cc:525:parse_blif$34625.T0'
Found constant-zero generator '$abc$33822$auto$blifparse.cc:525:parse_blif$34631.T1'
Found constant-zero generator '$abc$33822$auto$blifparse.cc:525:parse_blif$34634.T1'
Found constant-zero generator '$abc$33822$auto$blifparse.cc:525:parse_blif$34637.T0'
Found constant-zero generator '$abc$33822$auto$blifparse.cc:525:parse_blif$34640.T0'
Found constant-zero generator '$abc$33822$auto$blifparse.cc:525:parse_blif$34645.T1'
Found constant-zero generator '$abc$33822$auto$blifparse.cc:525:parse_blif$34648.T1'
Found constant-zero generator '$abc$33822$auto$blifparse.cc:525:parse_blif$34652.T1'
Found constant-zero generator '$abc$33822$auto$blifparse.cc:525:parse_blif$34655.T1'
Found constant-zero generator '$abc$33822$auto$blifparse.cc:525:parse_blif$34658.T0'
Found constant-zero generator '$abc$33822$auto$blifparse.cc:525:parse_blif$34661.T1'
Found constant-zero generator '$abc$33822$auto$blifparse.cc:525:parse_blif$34664.T1'
Found constant-zero generator '$abc$33822$auto$blifparse.cc:525:parse_blif$34667.T0'
Found constant-zero generator '$abc$33822$auto$blifparse.cc:525:parse_blif$34673.T1'
Found constant-zero generator '$abc$33822$auto$blifparse.cc:525:parse_blif$34676.T1'
Found constant-zero generator '$abc$33822$auto$blifparse.cc:525:parse_blif$34679.T0'
Found constant-zero generator '$abc$33822$auto$blifparse.cc:525:parse_blif$34682.T1'
Found constant-zero generator '$abc$33822$auto$blifparse.cc:525:parse_blif$34685.T1'
Found constant-zero generator '$abc$33822$auto$blifparse.cc:525:parse_blif$34688.T0'
Found constant-zero generator '$abc$33822$auto$blifparse.cc:525:parse_blif$34694.T1'
Found constant-zero generator '$abc$33822$auto$blifparse.cc:525:parse_blif$34697.T1'
Found constant-zero generator '$abc$33822$auto$blifparse.cc:525:parse_blif$34701.T1'
Found constant-zero generator '$abc$33822$auto$blifparse.cc:525:parse_blif$34704.T0'
Found constant-zero generator '$abc$33822$auto$blifparse.cc:525:parse_blif$34709.T0'
Found constant-zero generator '$abc$33822$auto$blifparse.cc:525:parse_blif$34715.T0'
Found constant-zero generator '$abc$33822$auto$blifparse.cc:525:parse_blif$34720.T0'
Found constant-zero generator '$abc$33822$auto$blifparse.cc:525:parse_blif$34723.T1'
Found constant-zero generator '$abc$33822$auto$blifparse.cc:525:parse_blif$34726.T1'
Found constant-zero generator '$abc$33822$auto$blifparse.cc:525:parse_blif$34729.T1'
Found constant-zero generator '$abc$33822$auto$blifparse.cc:525:parse_blif$34732.T1'
Found constant-zero generator '$abc$33822$auto$blifparse.cc:525:parse_blif$34737.T1'
Found constant-zero generator '$abc$33822$auto$blifparse.cc:525:parse_blif$34740.T1'
Found constant-zero generator '$abc$33822$auto$blifparse.cc:525:parse_blif$34743.T0'
Found constant-zero generator '$abc$33822$auto$blifparse.cc:525:parse_blif$34746.T0'
Found constant-zero generator '$abc$33822$auto$blifparse.cc:525:parse_blif$34751.T1'
Found constant-zero generator '$abc$33822$auto$blifparse.cc:525:parse_blif$34754.T1'
Found constant-zero generator '$abc$33822$auto$blifparse.cc:525:parse_blif$34758.T1'
Found constant-zero generator '$abc$33822$auto$blifparse.cc:525:parse_blif$34761.T1'
Found constant-zero generator '$abc$33822$auto$blifparse.cc:525:parse_blif$34764.T0'
Found constant-zero generator '$abc$33822$auto$blifparse.cc:525:parse_blif$34767.T1'
Found constant-zero generator '$abc$33822$auto$blifparse.cc:525:parse_blif$34770.T1'
Found constant-zero generator '$abc$33822$auto$blifparse.cc:525:parse_blif$34779.T0'
Found constant-zero generator '$abc$33822$auto$blifparse.cc:525:parse_blif$34784.T0'
Found constant-zero generator '$abc$33822$auto$blifparse.cc:525:parse_blif$34787.T1'
Found constant-zero generator '$abc$33822$auto$blifparse.cc:525:parse_blif$34790.T1'
Found constant-zero generator '$abc$33822$auto$blifparse.cc:525:parse_blif$34793.T1'
Found constant-zero generator '$abc$33822$auto$blifparse.cc:525:parse_blif$34796.T1'
Found constant-zero generator '$abc$33822$auto$blifparse.cc:525:parse_blif$34800.T1'
Found constant-zero generator '$abc$33822$auto$blifparse.cc:525:parse_blif$34803.T1'
Found constant-zero generator '$abc$33822$auto$blifparse.cc:525:parse_blif$34806.T0'
Found constant-zero generator '$abc$33822$auto$blifparse.cc:525:parse_blif$34809.T1'
Found constant-zero generator '$abc$33822$auto$blifparse.cc:525:parse_blif$34812.T1'
Found constant-zero generator '$abc$33822$auto$blifparse.cc:525:parse_blif$34821.T1'
Found constant-zero generator '$abc$33822$auto$blifparse.cc:525:parse_blif$34824.T1'
Found constant-zero generator '$abc$33822$auto$blifparse.cc:525:parse_blif$34827.T0'
Found constant-zero generator '$abc$33822$auto$blifparse.cc:525:parse_blif$34830.T0'
Found constant-zero generator '$abc$33822$auto$blifparse.cc:525:parse_blif$34835.T1'
Found constant-zero generator '$abc$33822$auto$blifparse.cc:525:parse_blif$34838.T1'
Found constant-zero generator '$abc$33822$auto$blifparse.cc:525:parse_blif$34842.T0'
Found constant-zero generator '$abc$33822$auto$blifparse.cc:525:parse_blif$34847.T0'
Found constant-zero generator '$abc$33822$auto$blifparse.cc:525:parse_blif$34850.T1'
Found constant-zero generator '$abc$33822$auto$blifparse.cc:525:parse_blif$34853.T1'
Found constant-zero generator '$abc$33822$auto$blifparse.cc:525:parse_blif$34856.T1'
Found constant-zero generator '$abc$33822$auto$blifparse.cc:525:parse_blif$34859.T1'
Found constant-zero generator '$abc$33822$auto$blifparse.cc:525:parse_blif$34864.T1'
Found constant-zero generator '$abc$33822$auto$blifparse.cc:525:parse_blif$34867.T1'
Found constant-zero generator '$abc$33822$auto$blifparse.cc:525:parse_blif$34870.T0'
Found constant-zero generator '$abc$33822$auto$blifparse.cc:525:parse_blif$34873.T0'
Found constant-zero generator '$abc$33822$auto$blifparse.cc:525:parse_blif$34878.T1'
Found constant-zero generator '$abc$33822$auto$blifparse.cc:525:parse_blif$34881.T1'
Found constant-zero generator '$abc$33822$auto$blifparse.cc:525:parse_blif$34885.T1'
Found constant-zero generator '$abc$33822$auto$blifparse.cc:525:parse_blif$34888.T1'
Found constant-zero generator '$abc$33822$auto$blifparse.cc:525:parse_blif$34891.T0'
Found constant-zero generator '$abc$33822$auto$blifparse.cc:525:parse_blif$34894.T1'
Found constant-zero generator '$abc$33822$auto$blifparse.cc:525:parse_blif$34897.T1'
Found constant-zero generator '$abc$33822$auto$blifparse.cc:525:parse_blif$34906.T1'
Found constant-zero generator '$abc$33822$auto$blifparse.cc:525:parse_blif$34909.T1'
Found constant-zero generator '$abc$33822$auto$blifparse.cc:525:parse_blif$34916.T0'
Found constant-zero generator '$abc$33822$auto$blifparse.cc:525:parse_blif$34921.T1'
Found constant-zero generator '$abc$33822$auto$blifparse.cc:525:parse_blif$34924.T1'
Found constant-zero generator '$abc$33822$auto$blifparse.cc:525:parse_blif$34933.T0'
Found constant-zero generator '$abc$33822$auto$blifparse.cc:525:parse_blif$34936.T1'
Found constant-zero generator '$abc$33822$auto$blifparse.cc:525:parse_blif$34939.T1'
Found constant-zero generator '$abc$33822$auto$blifparse.cc:525:parse_blif$34942.T1'
Found constant-zero generator '$abc$33822$auto$blifparse.cc:525:parse_blif$34945.T1'
Found constant-zero generator '$abc$33822$auto$blifparse.cc:525:parse_blif$34949.T1'
Found constant-zero generator '$abc$33822$auto$blifparse.cc:525:parse_blif$34952.T1'
Found constant-zero generator '$abc$33822$auto$blifparse.cc:525:parse_blif$34955.T1'
Found constant-zero generator '$abc$33822$auto$blifparse.cc:525:parse_blif$34958.T0'
Found constant-zero generator '$abc$33822$auto$blifparse.cc:525:parse_blif$34963.T0'
Found constant-zero generator '$abc$33822$auto$blifparse.cc:525:parse_blif$34970.T0'
Found constant-zero generator '$abc$33822$auto$blifparse.cc:525:parse_blif$34975.T0'
Found constant-zero generator '$abc$33822$auto$blifparse.cc:525:parse_blif$34978.T1'
Found constant-zero generator '$abc$33822$auto$blifparse.cc:525:parse_blif$34981.T1'
Found constant-zero generator '$abc$33822$auto$blifparse.cc:525:parse_blif$34984.T1'
Found constant-zero generator '$abc$33822$auto$blifparse.cc:525:parse_blif$34987.T1'
Found constant-zero generator '$abc$33822$auto$blifparse.cc:525:parse_blif$34992.T0'
Found constant-zero generator '$abc$33822$auto$blifparse.cc:525:parse_blif$34997.T0'
Found constant-zero generator '$abc$33822$auto$blifparse.cc:525:parse_blif$35000.T1'
Found constant-zero generator '$abc$33822$auto$blifparse.cc:525:parse_blif$35003.T1'
Found constant-zero generator '$abc$33822$auto$blifparse.cc:525:parse_blif$35006.T1'
Found constant-zero generator '$abc$33822$auto$blifparse.cc:525:parse_blif$35009.T1'
Found constant-zero generator '$abc$33822$auto$blifparse.cc:525:parse_blif$35013.T1'
Found constant-zero generator '$abc$33822$auto$blifparse.cc:525:parse_blif$35016.T1'
Found constant-zero generator '$abc$33822$auto$blifparse.cc:525:parse_blif$35019.T0'
Found constant-zero generator '$abc$33822$auto$blifparse.cc:525:parse_blif$35022.T0'
Found constant-zero generator '$abc$33822$auto$blifparse.cc:525:parse_blif$35027.T1'
Found constant-zero generator '$abc$33822$auto$blifparse.cc:525:parse_blif$35030.T1'
Found constant-zero generator '$abc$33822$auto$blifparse.cc:525:parse_blif$35034.T1'
Found constant-zero generator '$abc$33822$auto$blifparse.cc:525:parse_blif$35037.T1'
Found constant-zero generator '$abc$33822$auto$blifparse.cc:525:parse_blif$35040.T0'
Found constant-zero generator '$abc$33822$auto$blifparse.cc:525:parse_blif$35043.T1'
Found constant-zero generator '$abc$33822$auto$blifparse.cc:525:parse_blif$35046.T1'
Found constant-zero generator '$abc$33822$auto$blifparse.cc:525:parse_blif$35049.T0'
Found constant-zero generator '$abc$33822$auto$blifparse.cc:525:parse_blif$35055.T1'
Found constant-zero generator '$abc$33822$auto$blifparse.cc:525:parse_blif$35058.T1'
Found constant-zero generator '$abc$33822$auto$blifparse.cc:525:parse_blif$35061.T0'
Found constant-zero generator '$abc$33822$auto$blifparse.cc:525:parse_blif$35064.T1'
Found constant-zero generator '$abc$33822$auto$blifparse.cc:525:parse_blif$35067.T1'
Found constant-zero generator '$abc$33822$auto$blifparse.cc:525:parse_blif$35076.T1'
Found constant-zero generator '$abc$33822$auto$blifparse.cc:525:parse_blif$35079.T1'
Found constant-zero generator '$abc$33822$auto$blifparse.cc:525:parse_blif$35082.T0'
Found constant-zero generator '$abc$33822$auto$blifparse.cc:525:parse_blif$35085.T0'
Found constant-zero generator '$abc$33822$auto$blifparse.cc:525:parse_blif$35090.T1'
Found constant-zero generator '$abc$33822$auto$blifparse.cc:525:parse_blif$35093.T1'
Found constant-zero generator '$abc$33822$auto$blifparse.cc:525:parse_blif$35097.T1'
Found constant-zero generator '$abc$33822$auto$blifparse.cc:525:parse_blif$35100.T1'
Found constant-zero generator '$abc$33822$auto$blifparse.cc:525:parse_blif$35103.T0'
Found constant-zero generator '$abc$33822$auto$blifparse.cc:525:parse_blif$35106.T1'
Found constant-zero generator '$abc$33822$auto$blifparse.cc:525:parse_blif$35109.T1'
Found constant-zero generator '$abc$33822$auto$blifparse.cc:525:parse_blif$35120.T1'
Found constant-zero generator '$abc$33822$auto$blifparse.cc:525:parse_blif$35123.T1'
Found constant-zero generator '$abc$33822$auto$blifparse.cc:525:parse_blif$35126.T0'
Found constant-zero generator '$abc$33822$auto$blifparse.cc:525:parse_blif$35129.T1'
Found constant-zero generator '$abc$33822$auto$blifparse.cc:525:parse_blif$35132.T1'
Found constant-zero generator '$abc$33822$auto$blifparse.cc:525:parse_blif$35135.T0'
Found constant-zero generator '$abc$33822$auto$blifparse.cc:525:parse_blif$35141.T1'
Found constant-zero generator '$abc$33822$auto$blifparse.cc:525:parse_blif$35144.T1'
Found constant-zero generator '$abc$33822$auto$blifparse.cc:525:parse_blif$35147.T0'
Found constant-zero generator '$abc$33822$auto$blifparse.cc:525:parse_blif$35150.T0'
Found constant-zero generator '$abc$33822$auto$blifparse.cc:525:parse_blif$35155.T1'
Found constant-zero generator '$abc$33822$auto$blifparse.cc:525:parse_blif$35158.T1'
Found constant-zero generator '$abc$33822$auto$blifparse.cc:525:parse_blif$35162.T1'
Found constant-zero generator '$abc$33822$auto$blifparse.cc:525:parse_blif$35165.T1'
Found constant-zero generator '$abc$33822$auto$blifparse.cc:525:parse_blif$35169.T1'
Found constant-zero generator '$abc$33822$auto$blifparse.cc:525:parse_blif$35172.T0'
Found constant-zero generator '$abc$33822$auto$blifparse.cc:525:parse_blif$35177.T0'
Found constant-zero generator '$abc$33822$auto$blifparse.cc:525:parse_blif$35183.T1'
Found constant-zero generator '$abc$33822$auto$blifparse.cc:525:parse_blif$35186.T1'
Found constant-zero generator '$abc$33822$auto$blifparse.cc:525:parse_blif$35189.T0'
Found constant-zero generator '$abc$33822$auto$blifparse.cc:525:parse_blif$35192.T0'
Found constant-zero generator '$abc$33822$auto$blifparse.cc:525:parse_blif$35197.T1'
Found constant-zero generator '$abc$33822$auto$blifparse.cc:525:parse_blif$35200.T1'
Found constant-zero generator '$abc$33822$auto$blifparse.cc:525:parse_blif$35204.T0'
Found constant-zero generator '$abc$33822$auto$blifparse.cc:525:parse_blif$35209.T0'
Found constant-zero generator '$abc$33822$auto$blifparse.cc:525:parse_blif$35214.T1'
Found constant-zero generator '$abc$33822$auto$blifparse.cc:525:parse_blif$35217.T1'
Found constant-zero generator '$abc$33822$auto$blifparse.cc:525:parse_blif$35220.T1'
Found constant-zero generator '$abc$33822$auto$blifparse.cc:525:parse_blif$35223.T1'
Found constant-zero generator '$abc$33822$auto$blifparse.cc:525:parse_blif$35227.T1'
Found constant-zero generator '$abc$33822$auto$blifparse.cc:525:parse_blif$35230.T1'
Found constant-zero generator '$abc$33822$auto$blifparse.cc:525:parse_blif$35233.T0'
Found constant-zero generator '$abc$33822$auto$blifparse.cc:525:parse_blif$35236.T1'
Found constant-zero generator '$abc$33822$auto$blifparse.cc:525:parse_blif$35239.T1'
Found constant-zero generator '$abc$33822$auto$blifparse.cc:525:parse_blif$35249.T0'
Found constant-zero generator '$abc$33822$auto$blifparse.cc:525:parse_blif$35255.T1'
Found constant-zero generator '$abc$33822$auto$blifparse.cc:525:parse_blif$35258.T1'
Found constant-zero generator '$abc$33822$auto$blifparse.cc:525:parse_blif$35261.T1'
Found constant-zero generator '$abc$33822$auto$blifparse.cc:525:parse_blif$35264.T0'
Found constant-zero generator '$abc$33822$auto$blifparse.cc:525:parse_blif$35270.T1'
Found constant-zero generator '$abc$33822$auto$blifparse.cc:525:parse_blif$35273.T1'
Found constant-zero generator '$abc$33822$auto$blifparse.cc:525:parse_blif$35276.T0'
Found constant-zero generator '$abc$33822$auto$blifparse.cc:525:parse_blif$35279.T1'
Found constant-zero generator '$abc$33822$auto$blifparse.cc:525:parse_blif$35282.T1'
Found constant-zero generator '$abc$33822$auto$blifparse.cc:525:parse_blif$35285.T0'
Found constant-zero generator '$abc$33822$auto$blifparse.cc:525:parse_blif$35291.T1'
Found constant-zero generator '$abc$33822$auto$blifparse.cc:525:parse_blif$35294.T1'
Found constant-zero generator '$abc$33822$auto$blifparse.cc:525:parse_blif$35297.T1'
Found constant-zero generator '$abc$33822$auto$blifparse.cc:525:parse_blif$35300.T0'
Found constant-zero generator '$abc$33822$auto$blifparse.cc:525:parse_blif$35305.T0'
Found constant-zero generator '$abc$33822$auto$blifparse.cc:525:parse_blif$35312.T1'
Found constant-zero generator '$abc$33822$auto$blifparse.cc:525:parse_blif$35315.T1'
Found constant-zero generator '$abc$33822$auto$blifparse.cc:525:parse_blif$35318.T0'
Found constant-zero generator '$abc$33822$auto$blifparse.cc:525:parse_blif$35321.T0'
Found constant-zero generator '$abc$33822$auto$blifparse.cc:525:parse_blif$35326.T1'
Found constant-zero generator '$abc$33822$auto$blifparse.cc:525:parse_blif$35329.T1'
Found constant-zero generator '$abc$33822$auto$blifparse.cc:525:parse_blif$35334.T0'
Found constant-zero generator '$abc$33822$auto$blifparse.cc:525:parse_blif$35339.T0'
Found constant-zero generator '$abc$33822$auto$blifparse.cc:525:parse_blif$35344.T1'
Found constant-zero generator '$abc$33822$auto$blifparse.cc:525:parse_blif$35347.T1'
Found constant-zero generator '$abc$33822$auto$blifparse.cc:525:parse_blif$35350.T1'
Found constant-zero generator '$abc$33822$auto$blifparse.cc:525:parse_blif$35353.T1'
Found constant-zero generator '$abc$33822$auto$blifparse.cc:525:parse_blif$35357.T1'
Found constant-zero generator '$abc$33822$auto$blifparse.cc:525:parse_blif$35360.T1'
Found constant-zero generator '$abc$33822$auto$blifparse.cc:525:parse_blif$35363.T1'
Found constant-zero generator '$abc$33822$auto$blifparse.cc:525:parse_blif$35366.T0'
Found constant-zero generator '$abc$33822$auto$blifparse.cc:525:parse_blif$35371.T0'
Found constant-zero generator '$abc$33822$auto$blifparse.cc:525:parse_blif$35378.T1'
Found constant-zero generator '$abc$33822$auto$blifparse.cc:525:parse_blif$35381.T1'
Found constant-zero generator '$abc$33822$auto$blifparse.cc:525:parse_blif$35385.T1'
Found constant-zero generator '$abc$33822$auto$blifparse.cc:525:parse_blif$35388.T0'
Found constant-zero generator '$abc$33822$auto$blifparse.cc:525:parse_blif$35393.T0'
Found constant-zero generator '$abc$33822$auto$blifparse.cc:525:parse_blif$35399.T0'
Found constant-zero generator '$abc$33822$auto$blifparse.cc:525:parse_blif$35404.T0'
Found constant-zero generator '$abc$33822$auto$blifparse.cc:525:parse_blif$35407.T1'
Found constant-zero generator '$abc$33822$auto$blifparse.cc:525:parse_blif$35410.T1'
Found constant-zero generator '$abc$33822$auto$blifparse.cc:525:parse_blif$35413.T1'
Found constant-zero generator '$abc$33822$auto$blifparse.cc:525:parse_blif$35416.T1'
Found constant-zero generator '$abc$33822$auto$blifparse.cc:525:parse_blif$35420.T1'
Found constant-zero generator '$abc$33822$auto$blifparse.cc:525:parse_blif$35423.T1'
Found constant-zero generator '$abc$33822$auto$blifparse.cc:525:parse_blif$35426.T1'
Found constant-zero generator '$abc$33822$auto$blifparse.cc:525:parse_blif$35429.T0'
Found constant-zero generator '$abc$33822$auto$blifparse.cc:525:parse_blif$35434.T0'
Found constant-zero generator '$abc$33822$auto$blifparse.cc:525:parse_blif$35441.T1'
Found constant-zero generator '$abc$33822$auto$blifparse.cc:525:parse_blif$35444.T1'
Found constant-zero generator '$abc$33822$auto$blifparse.cc:525:parse_blif$35447.T0'
Found constant-zero generator '$abc$33822$auto$blifparse.cc:525:parse_blif$35450.T0'
Found constant-zero generator '$abc$33822$auto$blifparse.cc:525:parse_blif$35455.T1'
Found constant-zero generator '$abc$33822$auto$blifparse.cc:525:parse_blif$35458.T1'
Found constant-zero generator '$abc$33822$auto$blifparse.cc:525:parse_blif$35463.T1'
Found constant-zero generator '$abc$33822$auto$blifparse.cc:525:parse_blif$35466.T1'
Found constant-zero generator '$abc$33822$auto$blifparse.cc:525:parse_blif$35469.T0'
Found constant-zero generator '$abc$33822$auto$blifparse.cc:525:parse_blif$35472.T0'
Found constant-zero generator '$abc$33822$auto$blifparse.cc:525:parse_blif$35477.T1'
Found constant-zero generator '$abc$33822$auto$blifparse.cc:525:parse_blif$35480.T1'
Found constant-zero generator '$abc$33822$auto$blifparse.cc:525:parse_blif$35484.T1'
Found constant-zero generator '$abc$33822$auto$blifparse.cc:525:parse_blif$35487.T1'
Found constant-zero generator '$abc$33822$auto$blifparse.cc:525:parse_blif$35490.T0'
Found constant-zero generator '$abc$33822$auto$blifparse.cc:525:parse_blif$35493.T1'
Found constant-zero generator '$abc$33822$auto$blifparse.cc:525:parse_blif$35496.T1'
Found constant-zero generator '$abc$33822$auto$blifparse.cc:525:parse_blif$35505.T0'
Found constant-zero generator '$abc$33822$auto$blifparse.cc:525:parse_blif$35510.T0'
Found constant-zero generator '$abc$33822$auto$blifparse.cc:525:parse_blif$35513.T1'
Found constant-zero generator '$abc$33822$auto$blifparse.cc:525:parse_blif$35516.T1'
Found constant-zero generator '$abc$33822$auto$blifparse.cc:525:parse_blif$35519.T1'
Found constant-zero generator '$abc$33822$auto$blifparse.cc:525:parse_blif$35522.T1'
Found constant-zero generator '$abc$33822$auto$blifparse.cc:525:parse_blif$35526.T0'
Found constant-zero generator '$abc$33822$auto$blifparse.cc:525:parse_blif$35531.T0'
Found constant-zero generator '$abc$33822$auto$blifparse.cc:525:parse_blif$35534.T1'
Found constant-zero generator '$abc$33822$auto$blifparse.cc:525:parse_blif$35537.T1'
Found constant-zero generator '$abc$33822$auto$blifparse.cc:525:parse_blif$35540.T1'
Found constant-zero generator '$abc$33822$auto$blifparse.cc:525:parse_blif$35543.T1'
Found constant-zero generator '$abc$33822$auto$blifparse.cc:525:parse_blif$35547.T0'
Found constant-zero generator '$abc$33822$auto$blifparse.cc:525:parse_blif$35552.T0'
Found constant-zero generator '$abc$33822$auto$blifparse.cc:525:parse_blif$35555.T1'
Found constant-zero generator '$abc$33822$auto$blifparse.cc:525:parse_blif$35558.T1'
Found constant-zero generator '$abc$33822$auto$blifparse.cc:525:parse_blif$35561.T1'
Found constant-zero generator '$abc$33822$auto$blifparse.cc:525:parse_blif$35564.T1'
Found constant-zero generator '$abc$33822$auto$blifparse.cc:525:parse_blif$35568.T0'
Found constant-zero generator '$abc$33822$auto$blifparse.cc:525:parse_blif$35573.T0'
Found constant-zero generator '$abc$33822$auto$blifparse.cc:525:parse_blif$35576.T1'
Found constant-zero generator '$abc$33822$auto$blifparse.cc:525:parse_blif$35579.T1'
Found constant-zero generator '$abc$33822$auto$blifparse.cc:525:parse_blif$35582.T1'
Found constant-zero generator '$abc$33822$auto$blifparse.cc:525:parse_blif$35585.T1'
Found constant-zero generator '$abc$33822$auto$blifparse.cc:525:parse_blif$35588.T1'
Found constant-zero generator '$abc$33822$auto$blifparse.cc:525:parse_blif$35612.T0'
Found constant-zero generator '$abc$33822$auto$blifparse.cc:525:parse_blif$35619.T0'
Found constant-zero generator '$abc$33822$auto$blifparse.cc:525:parse_blif$35754.T0'
Found constant-zero generator '$abc$33822$auto$blifparse.cc:525:parse_blif$35763.T0'
Found constant-zero generator '$abc$33822$auto$blifparse.cc:525:parse_blif$35765.T1'
Found constant-zero generator '$abc$33822$auto$blifparse.cc:525:parse_blif$35781.T1'
Found constant-zero generator '$abc$33822$auto$blifparse.cc:525:parse_blif$35791.T1'
Found constant-zero generator '$abc$33822$auto$blifparse.cc:525:parse_blif$35801.T1'
Found constant-zero generator '$abc$33822$auto$blifparse.cc:525:parse_blif$35814.T1'
Found constant-zero generator '$abc$33822$auto$blifparse.cc:525:parse_blif$35822.T1'
Found constant-zero generator '$abc$33822$auto$blifparse.cc:525:parse_blif$35823.T1'
Found constant-zero generator '$abc$33822$auto$blifparse.cc:525:parse_blif$35849.T0'
Found constant-zero generator '$abc$33822$auto$blifparse.cc:525:parse_blif$35879.T1'
Found constant-zero generator '$abc$33822$auto$blifparse.cc:525:parse_blif$35885.T0'
Found constant-zero generator '$abc$33822$auto$blifparse.cc:525:parse_blif$35959.T0'
Found constant-zero generator '$abc$33822$auto$blifparse.cc:525:parse_blif$35968.T1'
Found constant-zero generator '$abc$33822$auto$blifparse.cc:525:parse_blif$35970.T0'
Found constant-zero generator '$abc$33822$auto$blifparse.cc:525:parse_blif$35986.T0'
Found constant-zero generator '$abc$33822$auto$blifparse.cc:525:parse_blif$35987.T1'
Found constant-zero generator '$abc$33822$auto$blifparse.cc:525:parse_blif$35988.T0'
Found constant-zero generator '$abc$33822$auto$blifparse.cc:525:parse_blif$36161.T0'
Found constant-zero generator '$abc$33822$auto$blifparse.cc:525:parse_blif$36237.T0'
Found constant-zero generator '$abc$33822$auto$blifparse.cc:525:parse_blif$36304.T0'
Found constant-zero generator '$abc$33822$auto$blifparse.cc:525:parse_blif$36313.T1'
Found constant-zero generator '$abc$33822$auto$blifparse.cc:525:parse_blif$36327.T0'
Found constant-zero generator '$abc$33822$auto$blifparse.cc:525:parse_blif$36336.T0'
Found constant-zero generator '$abc$33822$auto$blifparse.cc:525:parse_blif$36345.T1'
Found constant-zero generator '$abc$33822$auto$blifparse.cc:525:parse_blif$36357.T1'
Found constant-zero generator '$abc$33822$auto$blifparse.cc:525:parse_blif$36363.T1'
Found constant-zero generator '$abc$33822$auto$blifparse.cc:525:parse_blif$36364.T1'
Found constant-zero generator '$abc$33822$auto$blifparse.cc:525:parse_blif$36367.T0'
Found constant-zero generator '$abc$33822$auto$blifparse.cc:525:parse_blif$36378.T1'
Found constant-zero generator '$abc$33822$auto$blifparse.cc:525:parse_blif$36380.T0'
Found constant-zero generator '$abc$33822$auto$blifparse.cc:525:parse_blif$36382.T0'
Found constant-zero generator '$abc$33822$auto$blifparse.cc:525:parse_blif$36393.T0'
Found constant-zero generator '$abc$33822$auto$blifparse.cc:525:parse_blif$36406.T0'
Found constant-zero generator '$abc$33822$auto$blifparse.cc:525:parse_blif$36411.T0'
Found constant-zero generator '$abc$33822$auto$blifparse.cc:525:parse_blif$36419.T1'
Found constant-zero generator '$abc$33822$auto$blifparse.cc:525:parse_blif$36423.T0'
Found constant-zero generator '$abc$33822$auto$blifparse.cc:525:parse_blif$36436.T0'
Found constant-zero generator '$abc$33822$auto$blifparse.cc:525:parse_blif$36441.T0'
Found constant-zero generator '$abc$33822$auto$blifparse.cc:525:parse_blif$36450.T1'
Found constant-zero generator '$abc$33822$auto$blifparse.cc:525:parse_blif$36456.T0'
Found constant-zero generator '$abc$33822$auto$blifparse.cc:525:parse_blif$36464.T1'
Found constant-zero generator '$abc$33822$auto$blifparse.cc:525:parse_blif$36478.T1'
Found constant-zero generator '$abc$33822$auto$blifparse.cc:525:parse_blif$36494.T0'
Found constant-zero generator '$abc$33822$auto$blifparse.cc:525:parse_blif$36505.T1'
Found constant-zero generator '$abc$33822$auto$blifparse.cc:525:parse_blif$36526.T0'
Found constant-zero generator '$abc$33822$auto$blifparse.cc:525:parse_blif$36539.T0'
Found constant-zero generator '$abc$33822$auto$blifparse.cc:525:parse_blif$36545.T0'
Found constant-zero generator '$abc$33822$auto$blifparse.cc:525:parse_blif$36550.T0'
Found constant-zero generator '$abc$33822$auto$blifparse.cc:525:parse_blif$36566.T0'
Found constant-zero generator '$abc$33822$auto$blifparse.cc:525:parse_blif$36577.T0'
Found constant-zero generator '$abc$33822$auto$blifparse.cc:525:parse_blif$36582.T1'
Found constant-zero generator '$abc$33822$auto$blifparse.cc:525:parse_blif$36591.T0'
Found constant-zero generator '$abc$33822$auto$blifparse.cc:525:parse_blif$36596.T1'
Found constant-zero generator '$abc$33822$auto$blifparse.cc:525:parse_blif$36605.T0'
Found constant-zero generator '$abc$33822$auto$blifparse.cc:525:parse_blif$36610.T1'
Found constant-zero generator '$abc$33822$auto$blifparse.cc:525:parse_blif$36618.T0'
Found constant-zero generator '$abc$33822$auto$blifparse.cc:525:parse_blif$36620.T0'
Found constant-zero generator '$abc$33822$auto$blifparse.cc:525:parse_blif$36625.T1'
Found constant-zero generator '$abc$33822$auto$blifparse.cc:525:parse_blif$36633.T0'
Found constant-zero generator '$abc$33822$auto$blifparse.cc:525:parse_blif$36637.T1'
Found constant-zero generator '$abc$33822$auto$blifparse.cc:525:parse_blif$36640.T0'
Found constant-zero generator '$abc$33822$auto$blifparse.cc:525:parse_blif$36645.T0'
Found constant-zero generator '$abc$33822$auto$blifparse.cc:525:parse_blif$36649.T0'
Found constant-zero generator '$abc$33822$auto$blifparse.cc:525:parse_blif$36660.T0'
Found constant-zero generator '$abc$33822$auto$blifparse.cc:525:parse_blif$36661.T0'
Found constant-zero generator '$abc$33822$auto$blifparse.cc:525:parse_blif$36673.T0'
Found constant-zero generator '$abc$33822$auto$blifparse.cc:525:parse_blif$36674.T0'
Found constant-zero generator '$abc$33822$auto$blifparse.cc:525:parse_blif$36687.T0'
Found constant-zero generator '$abc$33822$auto$blifparse.cc:525:parse_blif$36688.T0'
Found constant-zero generator '$abc$33822$auto$blifparse.cc:525:parse_blif$36699.T0'
Found constant-zero generator '$abc$33822$auto$blifparse.cc:525:parse_blif$36702.T1'
Found constant-zero generator '$abc$33822$auto$blifparse.cc:525:parse_blif$36708.T0'
Found constant-zero generator '$abc$33822$auto$blifparse.cc:525:parse_blif$36716.T0'
Found constant-zero generator '$abc$33822$auto$blifparse.cc:525:parse_blif$36725.T0'
Found constant-zero generator '$abc$33822$auto$blifparse.cc:525:parse_blif$36726.T0'
Found constant-zero generator '$abc$33822$auto$blifparse.cc:525:parse_blif$36732.T0'
Found constant-zero generator '$abc$33822$auto$blifparse.cc:525:parse_blif$36740.T0'
Found constant-zero generator '$abc$33822$auto$blifparse.cc:525:parse_blif$36745.T1'
Found constant-zero generator '$abc$33822$auto$blifparse.cc:525:parse_blif$36753.T0'
Found constant-zero generator '$abc$33822$auto$blifparse.cc:525:parse_blif$36852.T0'
Found constant-zero generator '$abc$33822$auto$blifparse.cc:525:parse_blif$36859.T0'
Found constant-zero generator '$abc$33822$auto$blifparse.cc:525:parse_blif$36867.T0'
Found constant-zero generator '$abc$33822$auto$blifparse.cc:525:parse_blif$36871.T1'
Found constant-zero generator '$abc$33822$auto$blifparse.cc:525:parse_blif$36877.T1'
Found constant-zero generator '$abc$33822$auto$blifparse.cc:525:parse_blif$36887.T1'
Found constant-zero generator '$abc$33822$auto$blifparse.cc:525:parse_blif$36892.T0'
Found constant-zero generator '$abc$33822$auto$blifparse.cc:525:parse_blif$36896.T0'
Found constant-zero generator '$abc$33822$auto$blifparse.cc:525:parse_blif$36897.T0'
Found constant-zero generator '$abc$33822$auto$blifparse.cc:525:parse_blif$36902.T0'
Found constant-zero generator '$abc$33822$auto$blifparse.cc:525:parse_blif$36920.T1'
Found constant-zero generator '$abc$33822$auto$blifparse.cc:525:parse_blif$36927.T0'
Found constant-zero generator '$abc$33822$auto$blifparse.cc:525:parse_blif$36938.T0'
Found constant-zero generator '$abc$33822$auto$blifparse.cc:525:parse_blif$36940.T0'
Found constant-zero generator '$abc$33822$auto$blifparse.cc:525:parse_blif$36947.T0'
Found constant-zero generator '$abc$33822$auto$blifparse.cc:525:parse_blif$36953.T0'
Found constant-zero generator '$abc$33822$auto$blifparse.cc:525:parse_blif$36960.T0'
Found constant-zero generator '$abc$33822$auto$blifparse.cc:525:parse_blif$36962.T1'
Found constant-zero generator '$abc$33822$auto$blifparse.cc:525:parse_blif$36968.T0'
Found constant-zero generator '$abc$33822$auto$blifparse.cc:525:parse_blif$36974.T1'
Found constant-zero generator '$abc$33822$auto$blifparse.cc:525:parse_blif$36986.T1'
Found constant-zero generator '$abc$33822$auto$blifparse.cc:525:parse_blif$36987.T0'
Found constant-zero generator '$abc$33822$auto$blifparse.cc:525:parse_blif$36995.T1'
Found constant-zero generator '$abc$33822$auto$blifparse.cc:525:parse_blif$36996.T0'
Found constant-zero generator '$abc$33822$auto$blifparse.cc:525:parse_blif$37014.T0'
Found constant-zero generator '$abc$33822$auto$blifparse.cc:525:parse_blif$37019.T0'
Found constant-zero generator '$abc$33822$auto$blifparse.cc:525:parse_blif$37037.T0'
Found constant-zero generator '$abc$33822$auto$blifparse.cc:525:parse_blif$37042.T0'
Found constant-zero generator '$abc$33822$auto$blifparse.cc:525:parse_blif$37050.T0'
Found constant-zero generator '$abc$33822$auto$blifparse.cc:525:parse_blif$37055.T1'
Found constant-zero generator '$abc$33822$auto$blifparse.cc:525:parse_blif$37068.T0'
Found constant-zero generator '$abc$33822$auto$blifparse.cc:525:parse_blif$37076.T0'
Found constant-zero generator '$abc$33822$auto$blifparse.cc:525:parse_blif$37080.T0'
Found constant-zero generator '$abc$33822$auto$blifparse.cc:525:parse_blif$37083.T0'
Found constant-zero generator '$abc$33822$auto$blifparse.cc:525:parse_blif$37093.T0'
Found constant-zero generator '$abc$33822$auto$blifparse.cc:525:parse_blif$37168.T1'
Found constant-zero generator '$abc$33822$auto$blifparse.cc:525:parse_blif$37177.T1'
Found constant-zero generator '$abc$33822$auto$blifparse.cc:525:parse_blif$37179.T1'
Found constant-zero generator '$abc$33822$auto$blifparse.cc:525:parse_blif$37183.T1'
Found constant-zero generator '$abc$33822$auto$blifparse.cc:525:parse_blif$37205.T1'
Found constant-zero generator '$abc$33822$auto$blifparse.cc:525:parse_blif$37274.T1'
Found constant-zero generator '$abc$33822$auto$blifparse.cc:525:parse_blif$37278.T0'
Found constant-zero generator '$abc$33822$auto$blifparse.cc:525:parse_blif$37312.T0'
Found constant-zero generator '$abc$33822$auto$blifparse.cc:525:parse_blif$37351.T0'
Found constant-zero generator '$abc$33822$auto$blifparse.cc:525:parse_blif$37353.T0'
Found constant-zero generator '$abc$33822$auto$blifparse.cc:525:parse_blif$37378.T0'
# Load circuit took 0.31 seconds (max_rss 85.0 MiB, delta_rss +33.2 MiB)
# Clean circuit
Absorbed 7634 LUT buffers
Inferred  221 additional primitive pins as constant generators since they have no combinationally connected inputs
Inferred   13 additional primitive pins as constant generators due to constant inputs
Inferred    0 additional primitive pins as constant generators since they have no combinationally connected inputs
Inferred    0 additional primitive pins as constant generators due to constant inputs
Inferred    0 additional primitive pins as constant generators since they have no combinationally connected inputs
Inferred    0 additional primitive pins as constant generators due to constant inputs
Swept input(s)      : 0
Swept output(s)     : 0 (0 dangling, 0 constant)
Swept net(s)        : 1485
Swept block(s)      : 41
Constant Pins Marked: 234
# Clean circuit took 0.05 seconds (max_rss 90.5 MiB, delta_rss +5.5 MiB)
# Compress circuit
# Compress circuit took 0.02 seconds (max_rss 95.1 MiB, delta_rss +4.6 MiB)
# Verify circuit
# Verify circuit took 0.01 seconds (max_rss 95.3 MiB, delta_rss +0.2 MiB)
Circuit Statistics:
  Blocks: 8282
    .input            :       9
    .output           :       9
    5-LUT             :    4891
    CARRY4_VPR        :     126
    CARRY_COUT_PLUG   :      82
    CE_VCC            :     143
    DPRAM64           :      48
    DRAM_4_OUTPUT_STUB:      12
    FDCE_ZINI         :     574
    FDPE_ZINI         :      18
    FDRE_ZINI         :    1083
    GND               :       1
    IBUF_VPR          :       9
    MUXF6             :    1204
    OBUFT_VPR         :       9
    RAMB36E1_PRIM     :      19
    SR_GND            :      35
    T_INV             :       9
    VCC               :       1
  Nets  : 9110
    Avg Fanout:     3.8
    Max Fanout:  2240.0
    Min Fanout:     1.0
  Netlist Clocks: 2
# Build Timing Graph
Warning 661: Inferred implicit clock source $auto$ff.cc:266:slice$17055.Q[0] for netlist clock u_soc_top.u_vga_registers.clk (possibly data used as clock)
Warning 662: Inferred implicit clock source $iopadmap$zybo_top.clk.O[0] for netlist clock $iopadmap$clk (possibly data used as clock)
Warning 663: Timing edge from $iopadmap$zybo_top.clk.I[0] to $iopadmap$zybo_top.clk.O[0] will not be created since $iopadmap$zybo_top.clk.O[0] has been identified as a clock generator
  Timing Graph Nodes: 43862
  Timing Graph Edges: 70933
  Timing Graph Levels: 76
# Build Timing Graph took 0.05 seconds (max_rss 106.3 MiB, delta_rss +5.2 MiB)
Netlist contains 2 clocks
  Netlist Clock 'u_soc_top.u_vga_registers.clk' Fanout: 1757 pins (4.0%), 1738 blocks (21.0%)
  Netlist Clock '$iopadmap$clk' Fanout: 4 pins (0.0%), 4 blocks (0.0%)
# Load Timing Constraints

Applied 1 SDC commands from 'zybo_top.sdc'
Timing constraints created 1 clocks
  Constrained Clock '$iopadmap$clk' Source: '$iopadmap$zybo_top.clk.O[0]'

# Load Timing Constraints took 0.00 seconds (max_rss 106.5 MiB, delta_rss +0.1 MiB)
# Load packing
Begin loading packed FPGA netlist file.
Netlist generated from file 'zybo_top.net'.
Detected 180 constant generators (to see names run with higher pack verbosity)
Finished loading packed FPGA netlist file (took 0.840454 seconds).
# Load packing took 0.86 seconds (max_rss 185.2 MiB, delta_rss +78.7 MiB)
Warning 664: Netlist contains 0 global net to non-global architecture pin connections
Warning 665: Logic block #929 ($false) has only 1 output pin '$false.GND[0]'. It may be a constant generator.
Warning 666: Logic block #930 ($true) has only 1 output pin '$true.VCC[0]'. It may be a constant generator.

Pb types usage...
  BLK-TL-SLICEL              : 880
   SLICEL0                   : 880
    COMMON_LUT_AND_F78MUX    : 785
     ALUT                    : 720
      A5LUT                  : 1339
       lut                   : 1339
      F6MUX                  : 598
     BLUT                    : 727
      B5LUT                  : 1163
       lut                   : 1163
      F6MUX                  : 178
     CLUT                    : 721
      C5LUT                  : 1137
       lut                   : 1137
      F6MUX                  : 182
     DLUT                    : 729
      D5LUT                  : 1252
       lut                   : 1252
      F6MUX                  : 246
    COMMON_SLICE             : 712
     CARRY4_VPR              : 126
     CARRY_COUT_PLUG         : 82
     CEUSEDMUX               : 76
      CE_VCC                 : 143
     SLICE_FF                : 656
      FF_FDSE_or_FDRE        : 224
       FDRE                  : 224
      REG_FDSE_or_FDRE       : 859
       FDRE                  : 859
      FF_FDPE_or_FDCE        : 147
       FDPE                  : 4
       FDCE                  : 143
      REG_FDPE_or_FDCE       : 429
       FDPE                  : 14
       FDCE                  : 415
     SRUSEDMUX               : 29
      SR_GND                 : 35
  BLK-TL-SLICEM              : 12
   SLICEM                    : 12
    COMMON_SLICE             : 4
     SLICE_FF                : 4
      FF_FDPE_or_FDCE        : 16
       FDCE                  : 16
    SLICEM_MODES             : 12
     D_DRAM                  : 12
      DPRAM64                : 12
     C_DRAM                  : 12
      DPRAM64                : 12
     B_DRAM                  : 12
      DPRAM64                : 12
     A_DRAM                  : 12
      DPRAM64                : 12
     DRAM_4_OUTPUT_STUB      : 12
  BLK-TL-BRAM_L              : 19
   BRAM_X0                   : 19
    BRAM                     : 19
     RAMBFIFO36E1            : 19
      RAMB36E1               : 19
  BLK-TL-IOPAD               : 18
   IOB33                     : 18
    IOB33_MODES              : 18
     IBUF_VPR                : 9
     inpad                   : 9
     OBUFT_VPR               : 9
     outpad                  : 9
   OLOGICE3                  : 9
    OLOGIC_TFF               : 9
     T_INV                   : 9
  SYN-VCC                    : 1
   VCC                       : 1
  SYN-GND                    : 1
   GND                       : 1

# Create Device
## Build Device Grid
FPGA sized to 130 x 109: 14170 grid tiles (xc7z010-test)

Resource usage...
	Netlist
		880	blocks of type: BLK-TL-SLICEL
	Architecture
		800	blocks of type: BLK-TL-CLBLL_L
		600	blocks of type: BLK-TL-CLBLL_R
		1200	blocks of type: BLK-TL-CLBLM_L
		1800	blocks of type: BLK-TL-CLBLM_R
	Netlist
		12	blocks of type: BLK-TL-SLICEM
	Architecture
		1200	blocks of type: BLK-TL-CLBLM_L
		1800	blocks of type: BLK-TL-CLBLM_R
	Netlist
		19	blocks of type: BLK-TL-BRAM_L
	Architecture
		40	blocks of type: BLK-TL-BRAM_L
	Netlist
		18	blocks of type: BLK-TL-IOPAD
	Architecture
		4	blocks of type: BLK-TL-RIOPAD_SING
		48	blocks of type: BLK-TL-RIOPAD_M
		48	blocks of type: BLK-TL-RIOPAD_S
	Netlist
		0	blocks of type: BLK-TL-IOPAD_M
	Architecture
		48	blocks of type: BLK-TL-RIOPAD_M
	Netlist
		0	blocks of type: BLK-TL-IOPAD_S
	Architecture
		48	blocks of type: BLK-TL-RIOPAD_S
	Netlist
		0	blocks of type: BLK-TL-BUFGCTRL
	Architecture
		16	blocks of type: BLK-TL-CLK_BUFG_TOP_R
		16	blocks of type: BLK-TL-CLK_BUFG_BOT_R
	Netlist
		0	blocks of type: BLK-TL-PLLE2_ADV
	Architecture
		2	blocks of type: BLK-TL-CMT_TOP_L_UPPER_T
	Netlist
		0	blocks of type: BLK-TL-HCLK_IOI3
	Architecture
		2	blocks of type: BLK-TL-HCLK_IOI3
	Netlist
		0	blocks of type: BLK-TL-PSS2
	Architecture
		1	blocks of type: BLK-TL-PSS2
	Netlist
		1	blocks of type: SYN-VCC
	Architecture
		1	blocks of type: SYN-VCC
	Netlist
		1	blocks of type: SYN-GND
	Architecture
		1	blocks of type: SYN-GND

Device Utilization: 0.03 (target 1.00)
	Physical Tile BLK-TL-CLBLL_L:
	Block Utilization: 1.10 Logical Block: BLK-TL-SLICEL
	Physical Tile BLK-TL-CLBLL_R:
	Block Utilization: 1.47 Logical Block: BLK-TL-SLICEL
	Physical Tile BLK-TL-CLBLM_L:
	Block Utilization: 0.01 Logical Block: BLK-TL-SLICEM
	Block Utilization: 0.73 Logical Block: BLK-TL-SLICEL
	Physical Tile BLK-TL-CLBLM_R:
	Block Utilization: 0.01 Logical Block: BLK-TL-SLICEM
	Block Utilization: 0.49 Logical Block: BLK-TL-SLICEL
	Physical Tile BLK-TL-BRAM_L:
	Block Utilization: 0.47 Logical Block: BLK-TL-BRAM_L
	Physical Tile BLK-TL-RIOPAD_M:
	Block Utilization: 0.38 Logical Block: BLK-TL-IOPAD
	Block Utilization: 0.00 Logical Block: BLK-TL-IOPAD_M
	Physical Tile BLK-TL-RIOPAD_S:
	Block Utilization: 0.38 Logical Block: BLK-TL-IOPAD
	Block Utilization: 0.00 Logical Block: BLK-TL-IOPAD_S
	Physical Tile BLK-TL-RIOPAD_SING:
	Block Utilization: 4.50 Logical Block: BLK-TL-IOPAD
	Physical Tile BLK-TL-CLK_BUFG_TOP_R:
	Block Utilization: 0.00 Logical Block: BLK-TL-BUFGCTRL
	Physical Tile BLK-TL-CLK_BUFG_BOT_R:
	Block Utilization: 0.00 Logical Block: BLK-TL-BUFGCTRL
	Physical Tile BLK-TL-CMT_TOP_L_UPPER_T:
	Block Utilization: 0.00 Logical Block: BLK-TL-PLLE2_ADV
	Physical Tile BLK-TL-HCLK_IOI3:
	Block Utilization: 0.00 Logical Block: BLK-TL-HCLK_IOI3
	Physical Tile BLK-TL-PSS2:
	Block Utilization: 0.00 Logical Block: BLK-TL-PSS2
	Physical Tile SYN-VCC:
	Block Utilization: 1.00 Logical Block: SYN-VCC
	Physical Tile SYN-GND:
	Block Utilization: 1.00 Logical Block: SYN-GND

## Build Device Grid took 0.01 seconds (max_rss 185.2 MiB, delta_rss +0.0 MiB)
## Loading routing resource graph



Warning 667: This architecture version is for VPR 8.1.0-dev+c012f19d3 while your current VPR version is 8.1.0-dev+25e723a24-dirty, compatibility issues may arise

## Loading routing resource graph took 5.12 seconds (max_rss 1955.5 MiB, delta_rss +1770.3 MiB)
  RR Graph Nodes: 1672762
  RR Graph Edges: 12698458
# Create Device took 5.49 seconds (max_rss 1955.5 MiB, delta_rss +1770.3 MiB)

# Computing src/opin lookahead
Warning 668: Found no more sample locations for SOURCE in BLK-TL-BRAM_L
Warning 669: Found no more sample locations for OPIN in BLK-TL-BRAM_L
Warning 670: Found no more sample locations for SOURCE in BLK-TL-RIOPAD_M
Warning 671: Found no more sample locations for OPIN in BLK-TL-RIOPAD_M
Warning 672: Found no more sample locations for SOURCE in BLK-TL-RIOPAD_S
Warning 673: Found no more sample locations for OPIN in BLK-TL-RIOPAD_S
Warning 674: Found no more sample locations for SOURCE in BLK-TL-RIOPAD_SING
Warning 675: Found no more sample locations for OPIN in BLK-TL-RIOPAD_SING
Warning 676: Found no more sample locations for SOURCE in BLK-TL-CMT_TOP_L_UPPER_T
Warning 677: Found no more sample locations for OPIN in BLK-TL-CMT_TOP_L_UPPER_T
Warning 678: Found no more sample locations for SOURCE in BLK-TL-PSS2
Warning 679: Found no more sample locations for OPIN in BLK-TL-PSS2
# Computing src/opin lookahead took 0.00 seconds (max_rss 1955.5 MiB, delta_rss +0.0 MiB)
# Computing chan/ipin lookahead
Warning 680: Found no sample locations for EMPTY
Warning 681: Found no sample locations for BLK-TL-CLBLL_L
Warning 682: Found no sample locations for BLK-TL-CLBLL_R
Warning 683: Found no sample locations for BLK-TL-CLBLM_L
Warning 684: Found no sample locations for BLK-TL-CLBLM_R
Warning 685: Found no sample locations for BLK-TL-BRAM_L
Warning 686: Found no sample locations for BLK-TL-RIOPAD_M
Warning 687: Found no sample locations for BLK-TL-RIOPAD_S
Warning 688: Found no sample locations for BLK-TL-RIOPAD_SING
Warning 689: Found no sample locations for BLK-TL-CLK_BUFG_TOP_R
Warning 690: Found no sample locations for BLK-TL-CLK_BUFG_BOT_R
Warning 691: Found no sample locations for BLK-TL-CMT_TOP_L_UPPER_T
Warning 692: Found no sample locations for BLK-TL-HCLK_IOI3
Warning 693: Found no sample locations for BLK-TL-PSS2
Warning 694: Found no sample locations for SYN-VCC
Warning 695: Found no sample locations for SYN-GND
# Computing chan/ipin lookahead took 0.02 seconds (max_rss 1955.5 MiB, delta_rss +0.0 MiB)
# Computing placement delta delay look-up
  RR Graph Nodes: 1672762
  RR Graph Edges: 12698458
# Computing placement delta delay look-up took 0.43 seconds (max_rss 1955.5 MiB, delta_rss +0.0 MiB)
Using simple RL 'Softmax agent' for choosing move types
Warning 696: CHANX place cost fac is 0 at 0 0
Warning 697: CHANX place cost fac is 0 at 52 52
Warning 698: CHANX place cost fac is 0 at 107 107
Warning 699: CHANX place cost fac is 0 at 108 107
Warning 700: CHANX place cost fac is 0 at 108 108
Warning 701: CHANY place cost fac is 0 at 0 0
Warning 702: CHANY place cost fac is 0 at 1 0
Warning 703: CHANY place cost fac is 0 at 1 1
Warning 704: CHANY place cost fac is 0 at 2 0
Warning 705: CHANY place cost fac is 0 at 2 1
Warning 706: CHANY place cost fac is 0 at 2 2
Warning 707: CHANY place cost fac is 0 at 3 0
Warning 708: CHANY place cost fac is 0 at 3 1
Warning 709: CHANY place cost fac is 0 at 3 2
Warning 710: CHANY place cost fac is 0 at 3 3
Warning 711: CHANY place cost fac is 0 at 4 0
Warning 712: CHANY place cost fac is 0 at 4 1
Warning 713: CHANY place cost fac is 0 at 4 2
Warning 714: CHANY place cost fac is 0 at 4 3
Warning 715: CHANY place cost fac is 0 at 4 4
Warning 716: CHANY place cost fac is 0 at 5 0
Warning 717: CHANY place cost fac is 0 at 5 1
Warning 718: CHANY place cost fac is 0 at 5 2
Warning 719: CHANY place cost fac is 0 at 5 3
Warning 720: CHANY place cost fac is 0 at 5 4
Warning 721: CHANY place cost fac is 0 at 5 5
Warning 722: CHANY place cost fac is 0 at 6 0
Warning 723: CHANY place cost fac is 0 at 6 1
Warning 724: CHANY place cost fac is 0 at 6 2
Warning 725: CHANY place cost fac is 0 at 6 3
Warning 726: CHANY place cost fac is 0 at 6 4
Warning 727: CHANY place cost fac is 0 at 6 5
Warning 728: CHANY place cost fac is 0 at 6 6
Warning 729: CHANY place cost fac is 0 at 7 0
Warning 730: CHANY place cost fac is 0 at 7 1
Warning 731: CHANY place cost fac is 0 at 7 2
Warning 732: CHANY place cost fac is 0 at 7 3
Warning 733: CHANY place cost fac is 0 at 7 4
Warning 734: CHANY place cost fac is 0 at 7 5
Warning 735: CHANY place cost fac is 0 at 7 6
Warning 736: CHANY place cost fac is 0 at 7 7
Warning 737: CHANY place cost fac is 0 at 8 0
Warning 738: CHANY place cost fac is 0 at 8 1
Warning 739: CHANY place cost fac is 0 at 8 2
Warning 740: CHANY place cost fac is 0 at 8 3
Warning 741: CHANY place cost fac is 0 at 8 4
Warning 742: CHANY place cost fac is 0 at 8 5
Warning 743: CHANY place cost fac is 0 at 8 6
Warning 744: CHANY place cost fac is 0 at 8 7
Warning 745: CHANY place cost fac is 0 at 8 8
Warning 746: CHANY place cost fac is 0 at 9 0
Warning 747: CHANY place cost fac is 0 at 9 1
Warning 748: CHANY place cost fac is 0 at 9 2
Warning 749: CHANY place cost fac is 0 at 9 3
Warning 750: CHANY place cost fac is 0 at 9 4
Warning 751: CHANY place cost fac is 0 at 9 5
Warning 752: CHANY place cost fac is 0 at 9 6
Warning 753: CHANY place cost fac is 0 at 9 7
Warning 754: CHANY place cost fac is 0 at 9 8
Warning 755: CHANY place cost fac is 0 at 9 9
Warning 756: CHANY place cost fac is 0 at 10 0
Warning 757: CHANY place cost fac is 0 at 10 1
Warning 758: CHANY place cost fac is 0 at 10 2
Warning 759: CHANY place cost fac is 0 at 10 3
Warning 760: CHANY place cost fac is 0 at 10 4
Warning 761: CHANY place cost fac is 0 at 10 5
Warning 762: CHANY place cost fac is 0 at 10 6
Warning 763: CHANY place cost fac is 0 at 10 7
Warning 764: CHANY place cost fac is 0 at 10 8
Warning 765: CHANY place cost fac is 0 at 10 9
Warning 766: CHANY place cost fac is 0 at 10 10
Warning 767: CHANY place cost fac is 0 at 11 0
Warning 768: CHANY place cost fac is 0 at 11 1
Warning 769: CHANY place cost fac is 0 at 11 2
Warning 770: CHANY place cost fac is 0 at 11 3
Warning 771: CHANY place cost fac is 0 at 11 4
Warning 772: CHANY place cost fac is 0 at 11 5
Warning 773: CHANY place cost fac is 0 at 11 6
Warning 774: CHANY place cost fac is 0 at 11 7
Warning 775: CHANY place cost fac is 0 at 11 8
Warning 776: CHANY place cost fac is 0 at 11 9
Warning 777: CHANY place cost fac is 0 at 11 10
Warning 778: CHANY place cost fac is 0 at 11 11
Warning 779: CHANY place cost fac is 0 at 12 0
Warning 780: CHANY place cost fac is 0 at 12 1
Warning 781: CHANY place cost fac is 0 at 12 2
Warning 782: CHANY place cost fac is 0 at 12 3
Warning 783: CHANY place cost fac is 0 at 12 4
Warning 784: CHANY place cost fac is 0 at 12 5
Warning 785: CHANY place cost fac is 0 at 12 6
Warning 786: CHANY place cost fac is 0 at 12 7
Warning 787: CHANY place cost fac is 0 at 12 8
Warning 788: CHANY place cost fac is 0 at 12 9
Warning 789: CHANY place cost fac is 0 at 12 10
Warning 790: CHANY place cost fac is 0 at 12 11
Warning 791: CHANY place cost fac is 0 at 12 12
Warning 792: CHANY place cost fac is 0 at 13 0
Warning 793: CHANY place cost fac is 0 at 13 1
Warning 794: CHANY place cost fac is 0 at 13 2
Warning 795: CHANY place cost fac is 0 at 13 3
Warning 796: CHANY place cost fac is 0 at 13 4
Warning 797: CHANY place cost fac is 0 at 13 5
Warning 798: CHANY place cost fac is 0 at 13 6
Warning 799: CHANY place cost fac is 0 at 13 7
Warning 800: CHANY place cost fac is 0 at 13 8
Warning 801: CHANY place cost fac is 0 at 13 9
Warning 802: CHANY place cost fac is 0 at 13 10
Warning 803: CHANY place cost fac is 0 at 13 11
Warning 804: CHANY place cost fac is 0 at 13 12
Warning 805: CHANY place cost fac is 0 at 13 13
Warning 806: CHANY place cost fac is 0 at 15 15
Warning 807: CHANY place cost fac is 0 at 16 15
Warning 808: CHANY place cost fac is 0 at 16 16
Warning 809: CHANY place cost fac is 0 at 17 15
Warning 810: CHANY place cost fac is 0 at 17 16
Warning 811: CHANY place cost fac is 0 at 17 17
Warning 812: CHANY place cost fac is 0 at 18 15
Warning 813: CHANY place cost fac is 0 at 18 16
Warning 814: CHANY place cost fac is 0 at 18 17
Warning 815: CHANY place cost fac is 0 at 18 18
Warning 816: CHANY place cost fac is 0 at 19 15
Warning 817: CHANY place cost fac is 0 at 19 16
Warning 818: CHANY place cost fac is 0 at 19 17
Warning 819: CHANY place cost fac is 0 at 19 18
Warning 820: CHANY place cost fac is 0 at 19 19
Warning 821: CHANY place cost fac is 0 at 20 15
Warning 822: CHANY place cost fac is 0 at 20 16
Warning 823: CHANY place cost fac is 0 at 20 17
Warning 824: CHANY place cost fac is 0 at 20 18
Warning 825: CHANY place cost fac is 0 at 20 19
Warning 826: CHANY place cost fac is 0 at 20 20
Warning 827: CHANY place cost fac is 0 at 21 15
Warning 828: CHANY place cost fac is 0 at 21 16
Warning 829: CHANY place cost fac is 0 at 21 17
Warning 830: CHANY place cost fac is 0 at 21 18
Warning 831: CHANY place cost fac is 0 at 21 19
Warning 832: CHANY place cost fac is 0 at 21 20
Warning 833: CHANY place cost fac is 0 at 21 21
Warning 834: CHANY place cost fac is 0 at 22 15
Warning 835: CHANY place cost fac is 0 at 22 16
Warning 836: CHANY place cost fac is 0 at 22 17
Warning 837: CHANY place cost fac is 0 at 22 18
Warning 838: CHANY place cost fac is 0 at 22 19
Warning 839: CHANY place cost fac is 0 at 22 20
Warning 840: CHANY place cost fac is 0 at 22 21
Warning 841: CHANY place cost fac is 0 at 22 22
Warning 842: CHANY place cost fac is 0 at 23 15
Warning 843: CHANY place cost fac is 0 at 23 16
Warning 844: CHANY place cost fac is 0 at 23 17
Warning 845: CHANY place cost fac is 0 at 23 18
Warning 846: CHANY place cost fac is 0 at 23 19
Warning 847: CHANY place cost fac is 0 at 23 20
Warning 848: CHANY place cost fac is 0 at 23 21
Warning 849: CHANY place cost fac is 0 at 23 22
Warning 850: CHANY place cost fac is 0 at 23 23
Warning 851: CHANY place cost fac is 0 at 24 15
Warning 852: CHANY place cost fac is 0 at 24 16
Warning 853: CHANY place cost fac is 0 at 24 17
Warning 854: CHANY place cost fac is 0 at 24 18
Warning 855: CHANY place cost fac is 0 at 24 19
Warning 856: CHANY place cost fac is 0 at 24 20
Warning 857: CHANY place cost fac is 0 at 24 21
Warning 858: CHANY place cost fac is 0 at 24 22
Warning 859: CHANY place cost fac is 0 at 24 23
Warning 860: CHANY place cost fac is 0 at 24 24
Warning 861: CHANY place cost fac is 0 at 25 15
Warning 862: CHANY place cost fac is 0 at 25 16
Warning 863: CHANY place cost fac is 0 at 25 17
Warning 864: CHANY place cost fac is 0 at 25 18
Warning 865: CHANY place cost fac is 0 at 25 19
Warning 866: CHANY place cost fac is 0 at 25 20
Warning 867: CHANY place cost fac is 0 at 25 21
Warning 868: CHANY place cost fac is 0 at 25 22
Warning 869: CHANY place cost fac is 0 at 25 23
Warning 870: CHANY place cost fac is 0 at 25 24
Warning 871: CHANY place cost fac is 0 at 25 25
Warning 872: CHANY place cost fac is 0 at 26 15
Warning 873: CHANY place cost fac is 0 at 26 16
Warning 874: CHANY place cost fac is 0 at 26 17
Warning 875: CHANY place cost fac is 0 at 26 18
Warning 876: CHANY place cost fac is 0 at 26 19
Warning 877: CHANY place cost fac is 0 at 26 20
Warning 878: CHANY place cost fac is 0 at 26 21
Warning 879: CHANY place cost fac is 0 at 26 22
Warning 880: CHANY place cost fac is 0 at 26 23
Warning 881: CHANY place cost fac is 0 at 26 24
Warning 882: CHANY place cost fac is 0 at 26 25
Warning 883: CHANY place cost fac is 0 at 26 26
Warning 884: CHANY place cost fac is 0 at 27 15
Warning 885: CHANY place cost fac is 0 at 27 16
Warning 886: CHANY place cost fac is 0 at 27 17
Warning 887: CHANY place cost fac is 0 at 27 18
Warning 888: CHANY place cost fac is 0 at 27 19
Warning 889: CHANY place cost fac is 0 at 27 20
Warning 890: CHANY place cost fac is 0 at 27 21
Warning 891: CHANY place cost fac is 0 at 27 22
Warning 892: CHANY place cost fac is 0 at 27 23
Warning 893: CHANY place cost fac is 0 at 27 24
Warning 894: CHANY place cost fac is 0 at 27 25
Warning 895: CHANY place cost fac is 0 at 27 26
Warning 896: CHANY place cost fac is 0 at 27 27
Warning 897: CHANY place cost fac is 0 at 28 15
Warning 898: CHANY place cost fac is 0 at 28 16
Warning 899: CHANY place cost fac is 0 at 28 17
Warning 900: CHANY place cost fac is 0 at 28 18
Warning 901: CHANY place cost fac is 0 at 28 19
Warning 902: CHANY place cost fac is 0 at 28 20
Warning 903: CHANY place cost fac is 0 at 28 21
Warning 904: CHANY place cost fac is 0 at 28 22
Warning 905: CHANY place cost fac is 0 at 28 23
Warning 906: CHANY place cost fac is 0 at 28 24
Warning 907: CHANY place cost fac is 0 at 28 25
Warning 908: CHANY place cost fac is 0 at 28 26
Warning 909: CHANY place cost fac is 0 at 28 27
Warning 910: CHANY place cost fac is 0 at 28 28
Warning 911: CHANY place cost fac is 0 at 29 15
Warning 912: CHANY place cost fac is 0 at 29 16
Warning 913: CHANY place cost fac is 0 at 29 17
Warning 914: CHANY place cost fac is 0 at 29 18
Warning 915: CHANY place cost fac is 0 at 29 19
Warning 916: CHANY place cost fac is 0 at 29 20
Warning 917: CHANY place cost fac is 0 at 29 21
Warning 918: CHANY place cost fac is 0 at 29 22
Warning 919: CHANY place cost fac is 0 at 29 23
Warning 920: CHANY place cost fac is 0 at 29 24
Warning 921: CHANY place cost fac is 0 at 29 25
Warning 922: CHANY place cost fac is 0 at 29 26
Warning 923: CHANY place cost fac is 0 at 29 27
Warning 924: CHANY place cost fac is 0 at 29 28
Warning 925: CHANY place cost fac is 0 at 29 29
Warning 926: CHANY place cost fac is 0 at 30 15
Warning 927: CHANY place cost fac is 0 at 30 16
Warning 928: CHANY place cost fac is 0 at 30 17
Warning 929: CHANY place cost fac is 0 at 30 18
Warning 930: CHANY place cost fac is 0 at 30 19
Warning 931: CHANY place cost fac is 0 at 30 20
Warning 932: CHANY place cost fac is 0 at 30 21
Warning 933: CHANY place cost fac is 0 at 30 22
Warning 934: CHANY place cost fac is 0 at 30 23
Warning 935: CHANY place cost fac is 0 at 30 24
Warning 936: CHANY place cost fac is 0 at 30 25
Warning 937: CHANY place cost fac is 0 at 30 26
Warning 938: CHANY place cost fac is 0 at 30 27
Warning 939: CHANY place cost fac is 0 at 30 28
Warning 940: CHANY place cost fac is 0 at 30 29
Warning 941: CHANY place cost fac is 0 at 30 30
Warning 942: CHANY place cost fac is 0 at 31 15
Warning 943: CHANY place cost fac is 0 at 31 16
Warning 944: CHANY place cost fac is 0 at 31 17
Warning 945: CHANY place cost fac is 0 at 31 18
Warning 946: CHANY place cost fac is 0 at 31 19
Warning 947: CHANY place cost fac is 0 at 31 20
Warning 948: CHANY place cost fac is 0 at 31 21
Warning 949: CHANY place cost fac is 0 at 31 22
Warning 950: CHANY place cost fac is 0 at 31 23
Warning 951: CHANY place cost fac is 0 at 31 24
Warning 952: CHANY place cost fac is 0 at 31 25
Warning 953: CHANY place cost fac is 0 at 31 26
Warning 954: CHANY place cost fac is 0 at 31 27
Warning 955: CHANY place cost fac is 0 at 31 28
Warning 956: CHANY place cost fac is 0 at 31 29
Warning 957: CHANY place cost fac is 0 at 31 30
Warning 958: CHANY place cost fac is 0 at 31 31
Warning 959: CHANY place cost fac is 0 at 35 35
Warning 960: CHANY place cost fac is 0 at 39 39
Warning 961: CHANY place cost fac is 0 at 40 39
Warning 962: CHANY place cost fac is 0 at 40 40
Warning 963: CHANY place cost fac is 0 at 45 45
Warning 964: CHANY place cost fac is 0 at 51 51
Warning 965: CHANY place cost fac is 0 at 55 55
Warning 966: CHANY place cost fac is 0 at 56 55
Warning 967: CHANY place cost fac is 0 at 56 56
Warning 968: CHANY place cost fac is 0 at 57 55
Warning 969: CHANY place cost fac is 0 at 57 56
Warning 970: CHANY place cost fac is 0 at 57 57
Warning 971: CHANY place cost fac is 0 at 58 55
Warning 972: CHANY place cost fac is 0 at 58 56
Warning 973: CHANY place cost fac is 0 at 58 57
Warning 974: CHANY place cost fac is 0 at 58 58
Warning 975: CHANY place cost fac is 0 at 59 55
Warning 976: CHANY place cost fac is 0 at 59 56
Warning 977: CHANY place cost fac is 0 at 59 57
Warning 978: CHANY place cost fac is 0 at 59 58
Warning 979: CHANY place cost fac is 0 at 59 59
Warning 980: CHANY place cost fac is 0 at 60 55
Warning 981: CHANY place cost fac is 0 at 60 56
Warning 982: CHANY place cost fac is 0 at 60 57
Warning 983: CHANY place cost fac is 0 at 60 58
Warning 984: CHANY place cost fac is 0 at 60 59
Warning 985: CHANY place cost fac is 0 at 60 60
Warning 986: CHANY place cost fac is 0 at 61 55
Warning 987: CHANY place cost fac is 0 at 61 56
Warning 988: CHANY place cost fac is 0 at 61 57
Warning 989: CHANY place cost fac is 0 at 61 58
Warning 990: CHANY place cost fac is 0 at 61 59
Warning 991: CHANY place cost fac is 0 at 61 60
Warning 992: CHANY place cost fac is 0 at 61 61
Warning 993: CHANY place cost fac is 0 at 62 55
Warning 994: CHANY place cost fac is 0 at 62 56
Warning 995: CHANY place cost fac is 0 at 62 57
Warning 996: CHANY place cost fac is 0 at 62 58
Warning 997: CHANY place cost fac is 0 at 62 59
Warning 998: CHANY place cost fac is 0 at 62 60
Warning 999: CHANY place cost fac is 0 at 62 61
Warning 1000: CHANY place cost fac is 0 at 62 62
Warning 1001: CHANY place cost fac is 0 at 63 55
Warning 1002: CHANY place cost fac is 0 at 63 56
Warning 1003: CHANY place cost fac is 0 at 63 57
Warning 1004: CHANY place cost fac is 0 at 63 58
Warning 1005: CHANY place cost fac is 0 at 63 59
Warning 1006: CHANY place cost fac is 0 at 63 60
Warning 1007: CHANY place cost fac is 0 at 63 61
Warning 1008: CHANY place cost fac is 0 at 63 62
Warning 1009: CHANY place cost fac is 0 at 63 63
Warning 1010: CHANY place cost fac is 0 at 64 55
Warning 1011: CHANY place cost fac is 0 at 64 56
Warning 1012: CHANY place cost fac is 0 at 64 57
Warning 1013: CHANY place cost fac is 0 at 64 58
Warning 1014: CHANY place cost fac is 0 at 64 59
Warning 1015: CHANY place cost fac is 0 at 64 60
Warning 1016: CHANY place cost fac is 0 at 64 61
Warning 1017: CHANY place cost fac is 0 at 64 62
Warning 1018: CHANY place cost fac is 0 at 64 63
Warning 1019: CHANY place cost fac is 0 at 64 64
Warning 1020: CHANY place cost fac is 0 at 65 55
Warning 1021: CHANY place cost fac is 0 at 65 56
Warning 1022: CHANY place cost fac is 0 at 65 57
Warning 1023: CHANY place cost fac is 0 at 65 58
Warning 1024: CHANY place cost fac is 0 at 65 59
Warning 1025: CHANY place cost fac is 0 at 65 60
Warning 1026: CHANY place cost fac is 0 at 65 61
Warning 1027: CHANY place cost fac is 0 at 65 62
Warning 1028: CHANY place cost fac is 0 at 65 63
Warning 1029: CHANY place cost fac is 0 at 65 64
Warning 1030: CHANY place cost fac is 0 at 65 65
Warning 1031: CHANY place cost fac is 0 at 66 55
Warning 1032: CHANY place cost fac is 0 at 66 56
Warning 1033: CHANY place cost fac is 0 at 66 57
Warning 1034: CHANY place cost fac is 0 at 66 58
Warning 1035: CHANY place cost fac is 0 at 66 59
Warning 1036: CHANY place cost fac is 0 at 66 60
Warning 1037: CHANY place cost fac is 0 at 66 61
Warning 1038: CHANY place cost fac is 0 at 66 62
Warning 1039: CHANY place cost fac is 0 at 66 63
Warning 1040: CHANY place cost fac is 0 at 66 64
Warning 1041: CHANY place cost fac is 0 at 66 65
Warning 1042: CHANY place cost fac is 0 at 66 66
Warning 1043: CHANY place cost fac is 0 at 67 55
Warning 1044: CHANY place cost fac is 0 at 67 56
Warning 1045: CHANY place cost fac is 0 at 67 57
Warning 1046: CHANY place cost fac is 0 at 67 58
Warning 1047: CHANY place cost fac is 0 at 67 59
Warning 1048: CHANY place cost fac is 0 at 67 60
Warning 1049: CHANY place cost fac is 0 at 67 61
Warning 1050: CHANY place cost fac is 0 at 67 62
Warning 1051: CHANY place cost fac is 0 at 67 63
Warning 1052: CHANY place cost fac is 0 at 67 64
Warning 1053: CHANY place cost fac is 0 at 67 65
Warning 1054: CHANY place cost fac is 0 at 67 66
Warning 1055: CHANY place cost fac is 0 at 67 67
Warning 1056: CHANY place cost fac is 0 at 69 69
Warning 1057: CHANY place cost fac is 0 at 73 73
Warning 1058: CHANY place cost fac is 0 at 77 77
Warning 1059: CHANY place cost fac is 0 at 78 77
Warning 1060: CHANY place cost fac is 0 at 78 78
Warning 1061: CHANY place cost fac is 0 at 84 84
Warning 1062: CHANY place cost fac is 0 at 88 88
Warning 1063: CHANY place cost fac is 0 at 89 88
Warning 1064: CHANY place cost fac is 0 at 89 89
Warning 1065: CHANY place cost fac is 0 at 94 94
Warning 1066: CHANY place cost fac is 0 at 98 98
Warning 1067: CHANY place cost fac is 0 at 99 98
Warning 1068: CHANY place cost fac is 0 at 99 99
Warning 1069: CHANY place cost fac is 0 at 104 104
Warning 1070: CHANY place cost fac is 0 at 110 110
Warning 1071: CHANY place cost fac is 0 at 114 114
Warning 1072: CHANY place cost fac is 0 at 118 118
Warning 1073: CHANY place cost fac is 0 at 119 118
Warning 1074: CHANY place cost fac is 0 at 119 119
Warning 1075: CHANY place cost fac is 0 at 128 128
Warning 1076: CHANY place cost fac is 0 at 129 128
Warning 1077: CHANY place cost fac is 0 at 129 129
# Placement
## Initial Placement
Reading constraints.place.

Successfully read constraints file constraints.place.

## Initial Placement took 0.00 seconds (max_rss 1955.5 MiB, delta_rss +0.0 MiB)

There are 22023 point to point connections in this circuit.

Warning 1078: 10 timing startpoints were not constrained during timing analysis
Warning 1079: 8792 timing endpoints were not constrained during timing analysis

Completed placement consistency check successfully.
Initial placement cost: 1 bb_cost: 1688.11 td_cost: 2.51373e-08
Initial placement estimated Critical Path Delay (CPD): 9.11662 ns
Initial placement estimated setup Total Negative Slack (sTNS): -2.06073 ns
Initial placement estimated setup Worst Negative Slack (sWNS): -1.11662 ns

Initial placement estimated setup slack histogram:
[ -1.1e-09: -5.6e-10) 2 ( 40.0%) |*************************************************
[ -5.6e-10: -8.1e-12) 1 ( 20.0%) |*************************
[ -8.1e-12:  5.5e-10) 0 (  0.0%) |
[  5.5e-10:  1.1e-09) 0 (  0.0%) |
[  1.1e-09:  1.7e-09) 0 (  0.0%) |
[  1.7e-09:  2.2e-09) 0 (  0.0%) |
[  2.2e-09:  2.8e-09) 0 (  0.0%) |
[  2.8e-09:  3.3e-09) 0 (  0.0%) |
[  3.3e-09:  3.9e-09) 0 (  0.0%) |
[  3.9e-09:  4.4e-09) 2 ( 40.0%) |*************************************************
Placement contains 35 placement macros involving 117 blocks (average macro size 3.342857)

Moves per temperature: 4544
Warning 1080: Starting t: 900 of 931 configurations accepted.

---- ------ ------- ------- ---------- ---------- ------- ---------- -------- ------- ------- ------ -------- --------- ------
Tnum   Time       T Av Cost Av BB Cost Av TD Cost     CPD       sTNS     sWNS Ac Rate Std Dev  R lim Crit Exp Tot Moves  Alpha
      (sec)                                          (ns)       (ns)     (ns)                                                 
---- ------ ------- ------- ---------- ---------- ------- ---------- -------- ------- ------- ------ -------- --------- ------
   1    0.1 1.0e+00   0.838    1475.71 1.5715e-08   8.401     -0.536   -0.401   0.956  0.1038  129.0     1.00      4544  0.200
   2    0.1 9.1e-01   0.879    1480.43 1.6686e-08   8.317     -0.368   -0.317   0.950  0.0722  129.0     1.00      9088  0.900
   3    0.1 8.2e-01   0.931    1478.81 1.4751e-08   7.142          0    0.000   0.953  0.1171  129.0     1.00     13632  0.900
   4    0.1 7.4e-01   1.028    1498.69 1.1321e-08   5.358          0    0.000   0.950  0.0241  129.0     1.00     18176  0.900
   5    0.1 6.6e-01   1.123    1492.37 1.406e-08    5.574          0    0.000   0.941  0.1207  129.0     1.00     22720  0.900
   6    0.1 6.0e-01   1.010    1474.57 1.2847e-08   5.852          0    0.000   0.949  0.0380  129.0     1.00     27264  0.900
   7    0.1 5.4e-01   0.938    1480.97 1.5702e-08   7.218          0    0.000   0.947  0.0684  129.0     1.00     31808  0.900
   8    0.1 4.8e-01   1.041    1494.20 1.5707e-08   6.286          0    0.000   0.947  0.1030  129.0     1.00     36352  0.900
   9    0.1 4.4e-01   1.013    1491.71 1.2243e-08   5.638          0    0.000   0.945  0.0453  129.0     1.00     40896  0.900
  10    0.1 3.9e-01   1.007    1501.70 1.3859e-08   6.276          0    0.000   0.949  0.0394  129.0     1.00     45440  0.900
  11    0.1 3.5e-01   0.917    1466.87 1.4321e-08   7.103          0    0.000   0.952  0.0530  129.0     1.00     49984  0.900
  12    0.1 3.2e-01   1.117    1494.69 1.4365e-08   5.676          0    0.000   0.951  0.1096  129.0     1.00     54528  0.900
  13    0.1 2.9e-01   0.954    1485.95 1.5291e-08   6.931          0    0.000   0.954  0.1503  129.0     1.00     59072  0.900
  14    0.1 2.6e-01   1.024    1485.12 1.0511e-08   5.388          0    0.000   0.955  0.0709  129.0     1.00     63616  0.900
  15    0.1 2.3e-01   1.086    1471.65 1.1944e-08   5.393          0    0.000   0.947  0.0729  129.0     1.00     68160  0.900
  16    0.1 2.1e-01   1.067    1466.09 1.2691e-08   5.666          0    0.000   0.949  0.1648  129.0     1.00     72704  0.900
  17    0.1 1.9e-01   1.029    1479.42 1.0544e-08   5.494          0    0.000   0.953  0.1133  129.0     1.00     77248  0.900
  18    0.1 1.7e-01   1.010    1485.07 1.0919e-08   5.376          0    0.000   0.950  0.0288  129.0     1.00     81792  0.900
  19    0.1 1.5e-01   0.974    1491.07 1.2584e-08   6.148          0    0.000   0.951  0.0290  129.0     1.00     86336  0.900
  20    0.1 1.4e-01   1.062    1485.22 1.1797e-08   5.391          0    0.000   0.949  0.0924  129.0     1.00     90880  0.900
  21    0.1 1.2e-01   1.088    1487.87 1.3534e-08   5.666          0    0.000   0.954  0.0815  129.0     1.00     95424  0.900
  22    0.1 1.1e-01   1.054    1485.24 1.1758e-08   5.394          0    0.000   0.952  0.0847  129.0     1.00     99968  0.900
  23    0.1 1.0e-01   1.013    1482.55 1.0059e-08   5.397          0    0.000   0.952  0.0577  129.0     1.00    104512  0.900
  24    0.1 9.0e-02   1.053    1488.25 1.1783e-08   5.478          0    0.000   0.946  0.0662  129.0     1.00    109056  0.900
  25    0.1 8.1e-02   0.938    1475.15 1.0623e-08   6.025          0    0.000   0.949  0.0142  129.0     1.00    113600  0.900
  26    0.1 7.3e-02   1.008    1474.60 1.0141e-08   5.446          0    0.000   0.951  0.0184  129.0     1.00    118144  0.900
  27    0.1 6.5e-02   1.010    1463.98 1.0024e-08   5.391          0    0.000   0.945  0.0109  129.0     1.00    122688  0.900
  28    0.1 5.9e-02   0.998    1458.49 9.8298e-09   5.400          0    0.000   0.950  0.0071  129.0     1.00    127232  0.900
  29    0.1 5.3e-02   1.032    1462.45 9.3823e-09   5.135          0    0.000   0.954  0.0187  129.0     1.00    131776  0.900
  30    0.1 4.8e-02   1.004    1458.34 1.0331e-08   5.446          0    0.000   0.940  0.0411  129.0     1.00    136320  0.900
  31    0.1 4.3e-02   0.998    1472.37 1.0178e-08   5.391          0    0.000   0.943  0.0131  129.0     1.00    140864  0.900
  32    0.1 3.9e-02   0.968    1441.38 1.0308e-08   5.523          0    0.000   0.943  0.0202  129.0     1.00    145408  0.900
  33    0.1 3.5e-02   1.030    1464.85 1.0828e-08   5.388          0    0.000   0.953  0.0533  129.0     1.00    149952  0.900
  34    0.1 3.1e-02   0.915    1471.58 1.1453e-08   6.336          0    0.000   0.938  0.0174  129.0     1.00    154496  0.900
  35    0.1 2.8e-02   1.014    1474.08 1.0511e-08   5.391          0    0.000   0.945  0.0055  129.0     1.00    159040  0.900
  36    0.1 2.5e-02   0.999    1465.68 1.0178e-08   5.384          0    0.000   0.941  0.0111  129.0     1.00    163584  0.900
  37    0.1 2.3e-02   0.981    1462.98 9.9772e-09   5.388          0    0.000   0.942  0.0098  129.0     1.00    168128  0.900
  38    0.1 2.0e-02   0.999    1485.90 9.9655e-09   5.274          0    0.000   0.942  0.0073  129.0     1.00    172672  0.900
  39    0.1 1.8e-02   0.980    1473.18 9.7339e-09   5.417          0    0.000   0.943  0.0151  129.0     1.00    177216  0.900
  40    0.1 1.7e-02   0.996    1482.42 9.0861e-09   5.110          0    0.000   0.934  0.0042  129.0     1.00    181760  0.900
  41    0.1 1.5e-02   1.029    1472.55 9.6425e-09   5.110          0    0.000   0.943  0.0145  129.0     1.00    186304  0.900
  42    0.1 1.3e-02   0.977    1451.99 1.0098e-08   5.388          0    0.000   0.931  0.0087  129.0     1.00    190848  0.900
  43    0.1 1.2e-02   1.006    1479.96 1.0231e-08   5.275          0    0.000   0.934  0.0070  129.0     1.00    195392  0.900
  44    0.1 1.1e-02   0.996    1468.26 1.051e-08    5.391          0    0.000   0.935  0.0043  129.0     1.00    199936  0.900
  45    0.1 9.8e-03   1.005    1461.94 1.0715e-08   5.376          0    0.000   0.944  0.0064  129.0     1.00    204480  0.900
  46    0.1 8.8e-03   0.975    1453.49 9.9875e-09   5.376          0    0.000   0.936  0.0135  129.0     1.00    209024  0.900
  47    0.1 7.9e-03   1.010    1453.61 9.2848e-09   5.135          0    0.000   0.933  0.0070  129.0     1.00    213568  0.900
  48    0.1 7.1e-03   1.007    1451.84 9.2848e-09   5.135          0    0.000   0.934  0.0057  129.0     1.00    218112  0.900
  49    0.1 6.4e-03   1.000    1442.31 9.2848e-09   5.135          0    0.000   0.925  0.0041  129.0     1.00    222656  0.900
  50    0.1 5.8e-03   1.002    1438.88 9.2848e-09   5.135          0    0.000   0.928  0.0048  129.0     1.00    227200  0.900
  51    0.1 5.2e-03   1.003    1440.33 9.2848e-09   5.135          0    0.000   0.918  0.0054  129.0     1.00    231744  0.900
  52    0.1 4.7e-03   0.998    1428.87 9.2848e-09   5.135          0    0.000   0.908  0.0046  129.0     1.00    236288  0.900
  53    0.1 4.2e-03   1.002    1431.33 9.2848e-09   5.135          0    0.000   0.917  0.0049  129.0     1.00    240832  0.900
  54    0.1 3.8e-03   1.006    1450.31 9.2848e-09   5.135          0    0.000   0.910  0.0049  129.0     1.00    245376  0.900
  55    0.1 3.4e-03   0.994    1431.26 9.2848e-09   5.135          0    0.000   0.901  0.0040  129.0     1.00    249920  0.900
  56    0.1 3.1e-03   1.000    1423.43 9.2848e-09   5.135          0    0.000   0.903  0.0059  129.0     1.00    254464  0.900
  57    0.1 2.8e-03   0.992    1428.11 9.3086e-09   5.135          0    0.000   0.894  0.0045  129.0     1.00    259008  0.900
  58    0.1 2.5e-03   0.995    1423.42 9.3856e-09   5.161          0    0.000   0.884  0.0065  129.0     1.00    263552  0.900
  59    0.1 2.2e-03   0.996    1408.92 9.3856e-09   5.161          0    0.000   0.885  0.0057  129.0     1.00    268096  0.900
  60    0.1 2.0e-03   0.996    1403.82 9.368e-09    5.161          0    0.000   0.880  0.0075  129.0     1.00    272640  0.900
  61    0.1 1.8e-03   0.992    1379.66 9.2848e-09   5.135          0    0.000   0.866  0.0052  129.0     1.00    277184  0.900
  62    0.1 1.6e-03   1.003    1386.67 9.2848e-09   5.135          0    0.000   0.863  0.0045  129.0     1.00    281728  0.900
  63    0.1 1.5e-03   0.999    1372.81 9.2848e-09   5.135          0    0.000   0.847  0.0032  129.0     1.00    286272  0.900
  64    0.1 1.3e-03   0.990    1334.82 9.2848e-09   5.135          0    0.000   0.841  0.0059  129.0     1.00    290816  0.900
  65    0.1 1.2e-03   0.998    1357.90 9.2848e-09   5.135          0    0.000   0.826  0.0057  129.0     1.00    295360  0.900
  66    0.1 1.1e-03   1.015    1355.20 9.2848e-09   5.135          0    0.000   0.810  0.0060  129.0     1.00    299904  0.900
  67    0.1 9.7e-04   0.992    1345.68 9.2848e-09   5.135          0    0.000   0.792  0.0048  129.0     1.00    304448  0.900
  68    0.1 9.2e-04   0.985    1291.40 9.2267e-09   5.135          0    0.000   0.786  0.0057  129.0     1.00    308992  0.950
  69    0.1 8.7e-04   1.004    1263.64 9.1795e-09   5.110          0    0.000   0.756  0.0045  129.0     1.00    313536  0.950
  70    0.1 8.3e-04   0.992    1237.38 9.1795e-09   5.110          0    0.000   0.741  0.0053  129.0     1.00    318080  0.950
  71    0.1 7.9e-04   1.003    1230.76 9.1795e-09   5.110          0    0.000   0.748  0.0035  129.0     1.00    322624  0.950
  72    0.1 7.5e-04   0.998    1246.46 9.1795e-09   5.110          0    0.000   0.739  0.0053  129.0     1.00    327168  0.950
  73    0.1 7.1e-04   0.991    1250.23 9.1795e-09   5.110          0    0.000   0.742  0.0051  129.0     1.00    331712  0.950
  74    0.1 6.7e-04   1.005    1263.03 9.1795e-09   5.110          0    0.000   0.724  0.0051  129.0     1.00    336256  0.950
  75    0.1 6.4e-04   0.987    1209.74 9.1795e-09   5.110          0    0.000   0.706  0.0056  129.0     1.00    340800  0.950
  76    0.1 6.1e-04   0.995    1202.07 9.1795e-09   5.110          0    0.000   0.686  0.0045  129.0     1.00    345344  0.950
  77    0.1 5.8e-04   0.994    1199.37 9.1795e-09   5.110          0    0.000   0.682  0.0043  129.0     1.00    349888  0.950
  78    0.1 5.5e-04   0.991    1163.26 9.1795e-09   5.110          0    0.000   0.637  0.0067  129.0     1.00    354432  0.950
  79    0.1 5.2e-04   0.996    1129.01 9.1795e-09   5.110          0    0.000   0.628  0.0027  129.0     1.00    358976  0.950
  80    0.1 5.0e-04   0.999    1136.33 9.1795e-09   5.110          0    0.000   0.618  0.0035  129.0     1.00    363520  0.950
  81    0.1 4.7e-04   0.985    1104.61 9.1795e-09   5.110          0    0.000   0.595  0.0056  129.0     1.00    368064  0.950
  82    0.1 4.5e-04   0.981    1046.56 9.1795e-09   5.110          0    0.000   0.579  0.0091  129.0     1.00    372608  0.950
  83    0.1 4.2e-04   0.985     987.99 9.1795e-09   5.110          0    0.000   0.510  0.0083  129.0     1.00    377152  0.950
  84    0.1 4.0e-04   0.988     928.64 9.1795e-09   5.110          0    0.000   0.489  0.0076  129.0     1.00    381696  0.950
  85    0.1 3.8e-04   0.993     892.87 9.1795e-09   5.110          0    0.000   0.477  0.0108  129.0     1.00    386240  0.950
  86    0.1 3.6e-04   0.993     849.03 9.1795e-09   5.110          0    0.000   0.450  0.0056  129.0     1.00    390784  0.950
  87    0.1 3.5e-04   0.986     816.91 9.1795e-09   5.110          0    0.000   0.432  0.0097  129.0     1.00    395328  0.950
  88    0.1 3.3e-04   0.993     786.93 8.9009e-09   5.110          0    0.000   0.402  0.0042  128.0     1.06    399872  0.950
  89    0.1 3.1e-04   0.994     759.07 7.7157e-09   5.110          0    0.000   0.399  0.0046  123.1     1.32    404416  0.950
  90    0.1 3.0e-04   0.984     735.14 6.6637e-09   5.110          0    0.000   0.378  0.0058  118.1     1.60    408960  0.950
  91    0.1 2.8e-04   0.995     725.45 5.4078e-09   5.110          0    0.000   0.375  0.0032  110.8     1.99    413504  0.950
  92    0.1 2.7e-04   0.989     698.80 4.4151e-09   5.110          0    0.000   0.369  0.0060  103.6     2.39    418048  0.950
  93    0.1 2.5e-04   0.993     681.19 3.6056e-09   5.110          0    0.000   0.353  0.0052   96.2     2.79    422592  0.950
  94    0.1 2.4e-04   0.993     659.43 2.8791e-09   5.110          0    0.000   0.330  0.0042   87.9     3.25    427136  0.950
  95    0.1 2.3e-04   0.993     641.08 2.235e-09    5.110          0    0.000   0.329  0.0035   78.2     3.78    431680  0.950
  96    0.1 2.2e-04   0.996     630.02 1.7895e-09   5.110          0    0.000   0.325  0.0043   69.5     4.25    436224  0.950
  97    0.1 2.1e-04   0.997     614.81 1.4633e-09   5.110          0    0.000   0.311  0.0019   61.5     4.69    440768  0.950
  98    0.1 2.0e-04   1.002     613.86 1.2044e-09   5.110          0    0.000   0.305  0.0018   53.6     5.12    445312  0.950
  99    0.1 1.9e-04   0.994     604.71 1.0116e-09   5.110          0    0.000   0.312  0.0034   46.4     5.52    449856  0.950
 100    0.1 1.8e-04   0.991     592.33 8.7817e-10   5.110          0    0.000   0.314  0.0031   40.5     5.84    454400  0.950
 101    0.1 1.7e-04   0.999     587.05 7.7864e-10   5.110          0    0.000   0.295  0.0020   35.4     6.12    458944  0.950
 102    0.1 1.6e-04   0.999     580.51 6.9052e-10   5.110          0    0.000   0.297  0.0034   30.2     6.40    463488  0.950
 103    0.1 1.5e-04   0.994     566.90 6.2458e-10   5.110          0    0.000   0.287  0.0029   25.9     6.64    468032  0.950
 104    0.1 1.4e-04   0.997     559.65 5.7019e-10   5.110          0    0.000   0.290  0.0036   21.9     6.86    472576  0.950
 105    0.1 1.4e-04   0.994     545.19 5.2886e-10   5.110          0    0.000   0.447  0.0022   18.6     7.04    477120  0.950
 106    0.1 1.3e-04   0.999     539.04 5.3033e-10   5.110          0    0.000   0.430  0.0013   18.8     7.03    481664  0.950
 107    0.1 1.2e-04   0.993     531.93 5.2817e-10   5.110          0    0.000   0.437  0.0037   18.6     7.04    486208  0.950
 108    0.1 1.2e-04   0.996     522.64 5.2742e-10   5.110          0    0.000   0.394  0.0023   18.5     7.04    490752  0.950
 109    0.1 1.1e-04   0.999     515.47 5.1727e-10   5.110          0    0.000   0.393  0.0016   17.7     7.09    495296  0.950
 110    0.1 1.1e-04   0.997     511.05 5.0752e-10   5.110          0    0.000   0.362  0.0021   16.8     7.13    499840  0.950
 111    0.2 1.0e-04   1.000     506.75 4.9259e-10   5.110          0    0.000   0.349  0.0010   15.5     7.21    504384  0.950
 112    0.1 9.6e-05   0.999     505.74 4.7707e-10   5.110          0    0.000   0.365  0.0010   14.1     7.28    508928  0.950
 113    0.1 9.1e-05   0.997     500.87 4.6576e-10   5.110          0    0.000   0.343  0.0021   13.0     7.34    513472  0.950
 114    0.1 8.7e-05   0.997     494.18 4.5267e-10   5.110          0    0.000   0.317  0.0008   11.8     7.41    518016  0.950
 115    0.2 8.2e-05   0.998     490.76 4.382e-10    5.110          0    0.000   0.325  0.0013   10.3     7.49    522560  0.950
 116    0.1 7.8e-05   0.996     486.46 4.2665e-10   5.110          0    0.000   0.316  0.0017    9.1     7.56    527104  0.950
 117    0.1 7.4e-05   0.998     482.08 4.1599e-10   5.110          0    0.000   0.301  0.0018    8.0     7.62    531648  0.950
 118    0.1 7.1e-05   0.998     479.94 4.0572e-10   5.110          0    0.000   0.292  0.0007    6.9     7.68    536192  0.950
 119    0.1 6.7e-05   0.999     478.53 3.9656e-10   5.110          0    0.000   0.300  0.0007    5.9     7.73    540736  0.950
 120    0.1 6.4e-05   0.996     475.36 3.8933e-10   5.110          0    0.000   0.276  0.0018    5.0     7.78    545280  0.950
 121    0.1 6.0e-05   0.999     470.99 3.8223e-10   5.110          0    0.000   0.269  0.0007    4.2     7.82    549824  0.950
 122    0.2 5.7e-05   0.998     469.85 3.7615e-10   5.110          0    0.000   0.265  0.0014    3.5     7.86    554368  0.950
 123    0.2 5.5e-05   0.997     465.55 3.7106e-10   5.110          0    0.000   0.384  0.0016    2.9     7.90    558912  0.950
 124    0.2 5.2e-05   0.998     462.01 3.6973e-10   5.110          0    0.000   0.333  0.0007    2.7     7.91    563456  0.950
 125    0.2 4.9e-05   0.998     460.30 3.6733e-10   5.110          0    0.000   0.341  0.0011    2.4     7.92    568000  0.950
 126    0.2 4.7e-05   0.999     457.93 3.6537e-10   5.110          0    0.000   0.327  0.0012    2.2     7.93    572544  0.950
 127    0.1 4.4e-05   0.998     455.58 3.6338e-10   5.110          0    0.000   0.460  0.0011    1.9     7.95    577088  0.950
 128    0.1 4.2e-05   0.998     451.84 3.637e-10    5.110          0    0.000   0.463  0.0010    2.0     7.95    581632  0.950
 129    0.1 4.0e-05   0.999     450.06 3.6407e-10   5.110          0    0.000   0.275  0.0005    2.0     7.94    586176  0.950
 130    0.1 3.8e-05   0.999     448.58 3.6137e-10   5.110          0    0.000   0.438  0.0011    1.7     7.96    590720  0.950
 131    0.1 3.6e-05   1.000     446.31 3.6135e-10   5.110          0    0.000   0.395  0.0004    1.7     7.96    595264  0.950
 132    0.1 3.4e-05   0.998     444.87 3.6074e-10   5.110          0    0.000   0.396  0.0007    1.6     7.97    599808  0.950
 133    0.1 3.3e-05   0.999     443.64 3.6018e-10   5.110          0    0.000   0.386  0.0006    1.5     7.97    604352  0.950
 134    0.1 3.1e-05   1.000     442.47 3.5951e-10   5.110          0    0.000   0.368  0.0004    1.5     7.97    608896  0.950
 135    0.1 2.9e-05   0.999     440.60 3.5867e-10   5.110          0    0.000   0.356  0.0007    1.4     7.98    613440  0.950
 136    0.1 2.8e-05   0.999     438.44 3.5776e-10   5.110          0    0.000   0.333  0.0007    1.2     7.99    617984  0.950
 137    0.1 2.7e-05   0.999     437.01 3.567e-10    5.110          0    0.000   0.328  0.0006    1.1     7.99    622528  0.950
 138    0.1 2.5e-05   0.999     435.44 3.5584e-10   5.110          0    0.000   0.293  0.0004    1.0     8.00    627072  0.950
 139    0.1 2.4e-05   0.999     435.09 3.5584e-10   5.110          0    0.000   0.285  0.0004    1.0     8.00    631616  0.950
 140    0.1 2.3e-05   1.000     434.56 3.5584e-10   5.110          0    0.000   0.270  0.0002    1.0     8.00    636160  0.950
 141    0.1 2.2e-05   0.999     433.87 3.5584e-10   5.110          0    0.000   0.265  0.0006    1.0     8.00    640704  0.950
 142    0.1 2.1e-05   0.999     433.22 3.5584e-10   5.110          0    0.000   0.263  0.0004    1.0     8.00    645248  0.950
 143    0.1 2.0e-05   0.999     431.78 3.5584e-10   5.110          0    0.000   0.237  0.0004    1.0     8.00    649792  0.950
 144    0.1 1.9e-05   0.999     430.56 3.5584e-10   5.110          0    0.000   0.216  0.0005    1.0     8.00    654336  0.950
 145    0.1 1.8e-05   0.999     429.48 3.5584e-10   5.110          0    0.000   0.207  0.0002    1.0     8.00    658880  0.950
 146    0.1 1.7e-05   1.000     428.90 3.5584e-10   5.110          0    0.000   0.204  0.0002    1.0     8.00    663424  0.950
 147    0.1 1.6e-05   1.000     428.46 3.5584e-10   5.110          0    0.000   0.203  0.0001    1.0     8.00    667968  0.950
 148    0.1 1.5e-05   1.000     428.25 3.5584e-10   5.110          0    0.000   0.194  0.0002    1.0     8.00    672512  0.950
 149    0.1 1.4e-05   0.999     427.37 3.5584e-10   5.110          0    0.000   0.182  0.0004    1.0     8.00    677056  0.950
 150    0.1 1.4e-05   1.000     426.70 3.5584e-10   5.110          0    0.000   0.167  0.0002    1.0     8.00    681600  0.950
 151    0.1 1.3e-05   1.000     426.11 3.5584e-10   5.110          0    0.000   0.165  0.0001    1.0     8.00    686144  0.950
 152    0.1 1.2e-05   1.000     425.47 3.5584e-10   5.110          0    0.000   0.160  0.0001    1.0     8.00    690688  0.950
 153    0.1 1.2e-05   1.000     425.01 3.5584e-10   5.110          0    0.000   0.152  0.0003    1.0     8.00    695232  0.950
 154    0.1 1.1e-05   1.000     424.59 3.5584e-10   5.110          0    0.000   0.136  0.0002    1.0     8.00    699776  0.950
 155    0.1 8.9e-06   0.999     423.85 3.5584e-10   5.110          0    0.000   0.120  0.0004    1.0     8.00    704320  0.800
Agent's 2nd state: 
Checkpoint saved: bb_costs=423.509, TD costs=3.55841e-10, CPD=  5.110 (ns) 
 156    0.1 7.1e-06   0.999     423.05 3.5584e-10   5.110          0    0.000   0.062  0.0002    1.0     8.00    708864  0.800
 157    0.1 5.7e-06   1.000     422.38 3.5584e-10   5.110          0    0.000   0.052  0.0002    1.0     8.00    713408  0.800
 158    0.1 4.6e-06   1.000     422.01 3.5584e-10   5.110          0    0.000   0.039  0.0001    1.0     8.00    717952  0.800
 159    0.1 3.6e-06   1.000     421.66 3.5584e-10   5.110          0    0.000   0.032  0.0001    1.0     8.00    722496  0.800
 160    0.1 2.9e-06   1.000     421.36 3.5584e-10   5.110          0    0.000   0.023  0.0001    1.0     8.00    727040  0.800
 161    0.1 2.3e-06   1.000     421.15 3.5584e-10   5.110          0    0.000   0.017  0.0001    1.0     8.00    731584  0.800
 162    0.1 1.9e-06   1.000     420.95 3.5584e-10   5.110          0    0.000   0.015  0.0001    1.0     8.00    736128  0.800
 163    0.1 1.5e-06   1.000     420.79 3.5584e-10   5.110          0    0.000   0.010  0.0000    1.0     8.00    740672  0.800
 164    0.1 1.2e-06   1.000     420.66 3.5584e-10   5.110          0    0.000   0.011  0.0000    1.0     8.00    745216  0.800
 165    0.1 9.6e-07   1.000     420.59 3.5584e-10   5.110          0    0.000   0.011  0.0000    1.0     8.00    749760  0.800
 166    0.1 0.0e+00   1.000     420.55 3.5584e-10   5.110          0    0.000   0.004  0.0000    1.0     8.00    754304  0.800
## Placement Quench took 0.07 seconds (max_rss 1955.5 MiB)
post-quench CPD = 5.10957 (ns) 

Completed placement consistency check successfully.

Swaps called: 755235

Aborted Move Reasons:
  duplicate block move from location: 2
  duplicate block move to location: 49
  macro move to location illegal: 1332
  macro_from swap to location illegal: 22820

Placement estimated critical path delay (least slack): 5.10957 ns, Fmax: 195.711 MHz
Placement estimated setup Worst Negative Slack (sWNS): 0 ns
Placement estimated setup Total Negative Slack (sTNS): 0 ns

Placement estimated setup slack histogram:
[  2.9e-09:  3.1e-09) 1 ( 20.0%) |*************************
[  3.1e-09:  3.4e-09) 1 ( 20.0%) |*************************
[  3.4e-09:  3.7e-09) 0 (  0.0%) |
[  3.7e-09:  3.9e-09) 0 (  0.0%) |
[  3.9e-09:  4.2e-09) 1 ( 20.0%) |*************************
[  4.2e-09:  4.4e-09) 0 (  0.0%) |
[  4.4e-09:  4.7e-09) 0 (  0.0%) |
[  4.7e-09:  4.9e-09) 0 (  0.0%) |
[  4.9e-09:  5.2e-09) 0 (  0.0%) |
[  5.2e-09:  5.4e-09) 2 ( 40.0%) |*************************************************

Placement estimated geomean non-virtual intra-domain period: 5.10957 ns (195.711 MHz)
Placement estimated fanout-weighted geomean non-virtual intra-domain period: 5.10957 ns (195.711 MHz)

Placement cost: 0.999976, bb_cost: 420.542, td_cost: 3.55841e-10, 

Placement resource usage:
  BLK-TL-SLICEL implemented as BLK-TL-CLBLL_L    : 93
  BLK-TL-SLICEL implemented as BLK-TL-CLBLL_R    : 160
  BLK-TL-SLICEL implemented as BLK-TL-CLBLM_L    : 275
  BLK-TL-SLICEL implemented as BLK-TL-CLBLM_R    : 352
  BLK-TL-SLICEM implemented as BLK-TL-CLBLM_L    : 8
  BLK-TL-SLICEM implemented as BLK-TL-CLBLM_R    : 4
  BLK-TL-BRAM_L implemented as BLK-TL-BRAM_L     : 19
  BLK-TL-IOPAD  implemented as BLK-TL-RIOPAD_M   : 9
  BLK-TL-IOPAD  implemented as BLK-TL-RIOPAD_S   : 8
  BLK-TL-IOPAD  implemented as BLK-TL-RIOPAD_SING: 1
  SYN-VCC       implemented as SYN-VCC           : 1
  SYN-GND       implemented as SYN-GND           : 1

Placement number of temperatures: 166
Placement total # of swap attempts: 755235
	Swaps accepted: 438280 (58.0 %)
	Swaps rejected: 277693 (36.8 %)
	Swaps aborted :  39262 ( 5.2 %)


Percentage of different move types:
	Uniform move: 27.82 % (acc=47.63 %, rej=49.23 %, aborted=3.14 %)
	Median move: 24.44 % (acc=68.85 %, rej=26.76 %, aborted=4.39 %)
	W. Centroid move: 21.73 % (acc=69.24 %, rej=26.50 %, aborted=4.26 %)
	Centroid move: 23.42 % (acc=55.11 %, rej=38.61 %, aborted=6.28 %)
	W. Median move: 0.86 % (acc=0.00 %, rej=0.28 %, aborted=99.72 %)
	Crit. Uniform move: 0.87 % (acc=0.00 %, rej=100.00 %, aborted=0.00 %)
	Feasible Region move: 0.86 % (acc=0.00 %, rej=100.00 %, aborted=0.00 %)

Placement Quench timing analysis took 0.00698982 seconds (0.00553787 STA, 0.00145195 slack) (1 full updates: 1 setup, 0 hold, 0 combined).
Placement Total  timing analysis took 1.42801 seconds (1.114 STA, 0.314007 slack) (168 full updates: 168 setup, 0 hold, 0 combined).
update_td_costs: connections 0 nets 0 sum_nets 0 total 0
# Placement took 14.84 seconds (max_rss 1955.5 MiB, delta_rss +0.0 MiB)
Incr Slack updates 168 in 0.123937 sec
Full Max Req/Worst Slack updates 41 in 0.00556591 sec
Incr Max Req/Worst Slack updates 127 in 0.0176421 sec
Incr Criticality updates 118 in 0.0971912 sec
Full Criticality updates 50 in 0.0399586 sec

Flow timing analysis took 1.42801 seconds (1.114 STA, 0.314007 slack) (168 full updates: 168 setup, 0 hold, 0 combined).
VPR succeeded
The entire flow of VPR took 24.37 seconds (max_rss 1955.5 MiB)
