#Unconstrained hold timing startpoint/endpoint

timing_node_id node_type node_name
-------------- --------- ---------
0 .input btn[0].inpad[0]
1 .input btn[1].inpad[0]
2 .input btn[2].inpad[0]
3 .input btn[3].inpad[0]
4 .input clk.inpad[0]
5 .input sw[0].inpad[0]
6 .input sw[1].inpad[0]
7 .input sw[2].inpad[0]
8 .input sw[3].inpad[0]
11 FDCE_ZINI $auto$ff.cc:266:slice$17055.Q[0]
2186 FDCE_ZINI $auto$ff.cc:266:slice$12283.Q[0]
2187 FDCE_ZINI $auto$ff.cc:266:slice$12285.Q[0]
2188 FDPE_ZINI $auto$ff.cc:266:slice$12286.Q[0]
2189 FDPE_ZINI $auto$ff.cc:266:slice$12287.Q[0]
2190 FDPE_ZINI $auto$ff.cc:266:slice$12288.Q[0]
2191 FDRE_ZINI $auto$ff.cc:266:slice$12292.Q[0]
2192 FDRE_ZINI $auto$ff.cc:266:slice$12293.Q[0]
2193 FDRE_ZINI $auto$ff.cc:266:slice$12294.Q[0]
2194 FDRE_ZINI $auto$ff.cc:266:slice$12295.Q[0]
2195 FDRE_ZINI $auto$ff.cc:266:slice$12296.Q[0]
2196 FDRE_ZINI $auto$ff.cc:266:slice$12297.Q[0]
2197 FDRE_ZINI $auto$ff.cc:266:slice$12298.Q[0]
2198 FDRE_ZINI $auto$ff.cc:266:slice$12299.Q[0]
2199 FDRE_ZINI $auto$ff.cc:266:slice$12300.Q[0]
2200 FDRE_ZINI $auto$ff.cc:266:slice$12301.Q[0]
2201 FDRE_ZINI $auto$ff.cc:266:slice$12302.Q[0]
2202 FDRE_ZINI $auto$ff.cc:266:slice$12303.Q[0]
2203 FDRE_ZINI $auto$ff.cc:266:slice$12304.Q[0]
2204 FDRE_ZINI $auto$ff.cc:266:slice$12305.Q[0]
2205 FDRE_ZINI $auto$ff.cc:266:slice$12306.Q[0]
2206 FDRE_ZINI $auto$ff.cc:266:slice$12307.Q[0]
2207 FDRE_ZINI $auto$ff.cc:266:slice$12308.Q[0]
2208 FDRE_ZINI $auto$ff.cc:266:slice$12309.Q[0]
2209 FDRE_ZINI $auto$ff.cc:266:slice$12310.Q[0]
2210 FDRE_ZINI $auto$ff.cc:266:slice$12311.Q[0]
2211 FDRE_ZINI $auto$ff.cc:266:slice$12312.Q[0]
2212 FDRE_ZINI $auto$ff.cc:266:slice$12313.Q[0]
2213 FDRE_ZINI $auto$ff.cc:266:slice$12314.Q[0]
2214 FDRE_ZINI $auto$ff.cc:266:slice$12315.Q[0]
2215 FDCE_ZINI $auto$ff.cc:266:slice$12976.Q[0]
2216 FDCE_ZINI $auto$ff.cc:266:slice$12977.Q[0]
2217 FDCE_ZINI $auto$ff.cc:266:slice$13085.Q[0]
2218 FDCE_ZINI $auto$ff.cc:266:slice$13086.Q[0]
2219 FDCE_ZINI $auto$ff.cc:266:slice$13087.Q[0]
2220 FDCE_ZINI $auto$ff.cc:266:slice$13088.Q[0]
2221 FDCE_ZINI $auto$ff.cc:266:slice$13089.Q[0]
2222 FDPE_ZINI $auto$ff.cc:266:slice$13090.Q[0]
2223 FDPE_ZINI $auto$ff.cc:266:slice$13091.Q[0]
2224 FDPE_ZINI $auto$ff.cc:266:slice$13092.Q[0]
2225 FDPE_ZINI $auto$ff.cc:266:slice$13098.Q[0]
2226 FDCE_ZINI $auto$ff.cc:266:slice$13099.Q[0]
2227 FDCE_ZINI $auto$ff.cc:266:slice$13100.Q[0]
2228 FDCE_ZINI $auto$ff.cc:266:slice$13101.Q[0]
2229 FDCE_ZINI $auto$ff.cc:266:slice$13102.Q[0]
2230 FDRE_ZINI $auto$ff.cc:266:slice$13392.Q[0]
2231 FDRE_ZINI $auto$ff.cc:266:slice$13393.Q[0]
2232 FDRE_ZINI $auto$ff.cc:266:slice$13394.Q[0]
2233 FDRE_ZINI $auto$ff.cc:266:slice$13395.Q[0]
2234 FDRE_ZINI $auto$ff.cc:266:slice$13396.Q[0]
2235 FDCE_ZINI $auto$ff.cc:266:slice$13635.Q[0]
2236 FDCE_ZINI $auto$ff.cc:266:slice$13636.Q[0]
2237 FDCE_ZINI $auto$ff.cc:266:slice$13637.Q[0]
2238 FDCE_ZINI $auto$ff.cc:266:slice$13638.Q[0]
2239 FDCE_ZINI $auto$ff.cc:266:slice$13639.Q[0]
2240 FDCE_ZINI $auto$ff.cc:266:slice$13640.Q[0]
2241 FDCE_ZINI $auto$ff.cc:266:slice$13641.Q[0]
2242 FDCE_ZINI $auto$ff.cc:266:slice$13642.Q[0]
2243 FDCE_ZINI $auto$ff.cc:266:slice$13650.Q[0]
2244 FDCE_ZINI $auto$ff.cc:266:slice$13651.Q[0]
2245 FDCE_ZINI $auto$ff.cc:266:slice$13652.Q[0]
2246 FDCE_ZINI $auto$ff.cc:266:slice$13653.Q[0]
2247 FDCE_ZINI $auto$ff.cc:266:slice$13654.Q[0]
2248 FDCE_ZINI $auto$ff.cc:266:slice$13655.Q[0]
2249 FDCE_ZINI $auto$ff.cc:266:slice$13656.Q[0]
2250 FDCE_ZINI $auto$ff.cc:266:slice$13657.Q[0]
2251 FDCE_ZINI $auto$ff.cc:266:slice$13665.Q[0]
2252 FDCE_ZINI $auto$ff.cc:266:slice$13666.Q[0]
2253 FDCE_ZINI $auto$ff.cc:266:slice$13667.Q[0]
2254 FDCE_ZINI $auto$ff.cc:266:slice$13668.Q[0]
2255 FDCE_ZINI $auto$ff.cc:266:slice$13669.Q[0]
2256 FDCE_ZINI $auto$ff.cc:266:slice$13670.Q[0]
2257 FDCE_ZINI $auto$ff.cc:266:slice$13671.Q[0]
2258 FDCE_ZINI $auto$ff.cc:266:slice$13672.Q[0]
2259 FDPE_ZINI $auto$ff.cc:266:slice$13691.Q[0]
2260 FDCE_ZINI $auto$ff.cc:266:slice$13692.Q[0]
2261 FDCE_ZINI $auto$ff.cc:266:slice$13693.Q[0]
2262 FDCE_ZINI $auto$ff.cc:266:slice$13694.Q[0]
2263 FDCE_ZINI $auto$ff.cc:266:slice$13695.Q[0]
2264 FDCE_ZINI $auto$ff.cc:266:slice$13696.Q[0]
2265 FDCE_ZINI $auto$ff.cc:266:slice$13697.Q[0]
2266 FDCE_ZINI $auto$ff.cc:266:slice$13698.Q[0]
2267 FDPE_ZINI $auto$ff.cc:266:slice$13791.Q[0]
2268 FDCE_ZINI $auto$ff.cc:266:slice$13792.Q[0]
2269 FDCE_ZINI $auto$ff.cc:266:slice$13793.Q[0]
2270 FDPE_ZINI $auto$ff.cc:266:slice$13842.Q[0]
2271 FDCE_ZINI $auto$ff.cc:266:slice$13843.Q[0]
2272 FDCE_ZINI $auto$ff.cc:266:slice$13844.Q[0]
2273 FDCE_ZINI $auto$ff.cc:266:slice$13845.Q[0]
2274 FDPE_ZINI $auto$ff.cc:266:slice$13926.Q[0]
2275 FDPE_ZINI $auto$ff.cc:266:slice$13927.Q[0]
2276 FDCE_ZINI $auto$ff.cc:266:slice$13928.Q[0]
2277 FDCE_ZINI $auto$ff.cc:266:slice$13929.Q[0]
2278 FDCE_ZINI $auto$ff.cc:266:slice$13930.Q[0]
2279 FDCE_ZINI $auto$ff.cc:266:slice$13931.Q[0]
2280 FDCE_ZINI $auto$ff.cc:266:slice$13932.Q[0]
2281 FDCE_ZINI $auto$ff.cc:266:slice$13933.Q[0]
2282 FDCE_ZINI $auto$ff.cc:266:slice$13934.Q[0]
2283 FDCE_ZINI $auto$ff.cc:266:slice$13935.Q[0]
2284 FDCE_ZINI $auto$ff.cc:266:slice$13936.Q[0]
2285 FDCE_ZINI $auto$ff.cc:266:slice$13937.Q[0]
2286 FDCE_ZINI $auto$ff.cc:266:slice$13938.Q[0]
2287 FDCE_ZINI $auto$ff.cc:266:slice$13939.Q[0]
2288 FDCE_ZINI $auto$ff.cc:266:slice$13940.Q[0]
2289 FDCE_ZINI $auto$ff.cc:266:slice$13941.Q[0]
2290 FDCE_ZINI $auto$ff.cc:266:slice$13942.Q[0]
2291 FDCE_ZINI $auto$ff.cc:266:slice$13943.Q[0]
2292 FDCE_ZINI $auto$ff.cc:266:slice$14048.Q[0]
2293 FDCE_ZINI $auto$ff.cc:266:slice$14071.Q[0]
2294 FDCE_ZINI $auto$ff.cc:266:slice$14905.Q[0]
2295 FDPE_ZINI $auto$ff.cc:266:slice$14906.Q[0]
2296 FDCE_ZINI $auto$ff.cc:266:slice$14907.Q[0]
2297 FDCE_ZINI $auto$ff.cc:266:slice$14908.Q[0]
2298 FDCE_ZINI $auto$ff.cc:266:slice$14909.Q[0]
2299 FDCE_ZINI $auto$ff.cc:266:slice$14910.Q[0]
2300 FDCE_ZINI $auto$ff.cc:266:slice$14911.Q[0]
2301 FDCE_ZINI $auto$ff.cc:266:slice$14912.Q[0]
2302 FDRE_ZINI $auto$ff.cc:266:slice$15017.Q[0]
2303 FDRE_ZINI $auto$ff.cc:266:slice$15018.Q[0]
2304 FDRE_ZINI $auto$ff.cc:266:slice$15019.Q[0]
2305 FDRE_ZINI $auto$ff.cc:266:slice$15020.Q[0]
2306 FDRE_ZINI $auto$ff.cc:266:slice$15021.Q[0]
2307 FDRE_ZINI $auto$ff.cc:266:slice$15022.Q[0]
2308 FDRE_ZINI $auto$ff.cc:266:slice$15023.Q[0]
2309 FDRE_ZINI $auto$ff.cc:266:slice$15024.Q[0]
2310 FDRE_ZINI $auto$ff.cc:266:slice$15025.Q[0]
2311 FDRE_ZINI $auto$ff.cc:266:slice$15026.Q[0]
2312 FDRE_ZINI $auto$ff.cc:266:slice$15027.Q[0]
2313 FDRE_ZINI $auto$ff.cc:266:slice$15028.Q[0]
2314 FDRE_ZINI $auto$ff.cc:266:slice$15029.Q[0]
2315 FDRE_ZINI $auto$ff.cc:266:slice$15030.Q[0]
2316 FDRE_ZINI $auto$ff.cc:266:slice$15031.Q[0]
2317 FDRE_ZINI $auto$ff.cc:266:slice$15032.Q[0]
2318 FDRE_ZINI $auto$ff.cc:266:slice$15033.Q[0]
2319 FDRE_ZINI $auto$ff.cc:266:slice$15034.Q[0]
2320 FDRE_ZINI $auto$ff.cc:266:slice$15035.Q[0]
2321 FDRE_ZINI $auto$ff.cc:266:slice$15036.Q[0]
2322 FDRE_ZINI $auto$ff.cc:266:slice$15037.Q[0]
2323 FDRE_ZINI $auto$ff.cc:266:slice$15038.Q[0]
2324 FDRE_ZINI $auto$ff.cc:266:slice$15039.Q[0]
2325 FDRE_ZINI $auto$ff.cc:266:slice$15040.Q[0]
2326 FDRE_ZINI $auto$ff.cc:266:slice$15041.Q[0]
2327 FDRE_ZINI $auto$ff.cc:266:slice$15042.Q[0]
2328 FDRE_ZINI $auto$ff.cc:266:slice$15043.Q[0]
2329 FDRE_ZINI $auto$ff.cc:266:slice$15044.Q[0]
2330 FDRE_ZINI $auto$ff.cc:266:slice$15045.Q[0]
2331 FDRE_ZINI $auto$ff.cc:266:slice$15046.Q[0]
2332 FDCE_ZINI $auto$ff.cc:266:slice$15239.Q[0]
2333 FDCE_ZINI $auto$ff.cc:266:slice$15240.Q[0]
2334 FDCE_ZINI $auto$ff.cc:266:slice$15241.Q[0]
2335 FDCE_ZINI $auto$ff.cc:266:slice$15242.Q[0]
2336 FDCE_ZINI $auto$ff.cc:266:slice$15243.Q[0]
2337 FDCE_ZINI $auto$ff.cc:266:slice$15244.Q[0]
2338 FDCE_ZINI $auto$ff.cc:266:slice$15245.Q[0]
2339 FDCE_ZINI $auto$ff.cc:266:slice$15246.Q[0]
2340 FDCE_ZINI $auto$ff.cc:266:slice$15247.Q[0]
2341 FDCE_ZINI $auto$ff.cc:266:slice$15248.Q[0]
2342 FDCE_ZINI $auto$ff.cc:266:slice$15249.Q[0]
2343 FDCE_ZINI $auto$ff.cc:266:slice$15250.Q[0]
2344 FDCE_ZINI $auto$ff.cc:266:slice$15251.Q[0]
2345 FDCE_ZINI $auto$ff.cc:266:slice$15252.Q[0]
2346 FDCE_ZINI $auto$ff.cc:266:slice$15253.Q[0]
2347 FDCE_ZINI $auto$ff.cc:266:slice$15254.Q[0]
2348 FDPE_ZINI $auto$ff.cc:266:slice$15255.Q[0]
2349 FDCE_ZINI $auto$ff.cc:266:slice$15256.Q[0]
2350 FDCE_ZINI $auto$ff.cc:266:slice$15257.Q[0]
2351 FDCE_ZINI $auto$ff.cc:266:slice$15258.Q[0]
2352 FDCE_ZINI $auto$ff.cc:266:slice$15259.Q[0]
2353 FDCE_ZINI $auto$ff.cc:266:slice$15260.Q[0]
2354 FDCE_ZINI $auto$ff.cc:266:slice$15261.Q[0]
2355 FDCE_ZINI $auto$ff.cc:266:slice$15262.Q[0]
2356 FDCE_ZINI $auto$ff.cc:266:slice$15263.Q[0]
2357 FDCE_ZINI $auto$ff.cc:266:slice$15264.Q[0]
2358 FDCE_ZINI $auto$ff.cc:266:slice$15265.Q[0]
2359 FDCE_ZINI $auto$ff.cc:266:slice$15266.Q[0]
2360 FDCE_ZINI $auto$ff.cc:266:slice$15267.Q[0]
2361 FDCE_ZINI $auto$ff.cc:266:slice$15268.Q[0]
2362 FDCE_ZINI $auto$ff.cc:266:slice$15269.Q[0]
2363 FDCE_ZINI $auto$ff.cc:266:slice$15270.Q[0]
2364 FDCE_ZINI $auto$ff.cc:266:slice$15271.Q[0]
2365 FDCE_ZINI $auto$ff.cc:266:slice$15272.Q[0]
2366 FDCE_ZINI $auto$ff.cc:266:slice$15273.Q[0]
2367 FDCE_ZINI $auto$ff.cc:266:slice$15274.Q[0]
2368 FDCE_ZINI $auto$ff.cc:266:slice$15275.Q[0]
2369 FDCE_ZINI $auto$ff.cc:266:slice$15276.Q[0]
2370 FDCE_ZINI $auto$ff.cc:266:slice$15277.Q[0]
2371 FDCE_ZINI $auto$ff.cc:266:slice$15278.Q[0]
2372 FDCE_ZINI $auto$ff.cc:266:slice$15279.Q[0]
2373 FDCE_ZINI $auto$ff.cc:266:slice$15280.Q[0]
2374 FDCE_ZINI $auto$ff.cc:266:slice$15281.Q[0]
2375 FDCE_ZINI $auto$ff.cc:266:slice$15282.Q[0]
2376 FDCE_ZINI $auto$ff.cc:266:slice$15283.Q[0]
2377 FDCE_ZINI $auto$ff.cc:266:slice$15284.Q[0]
2378 FDCE_ZINI $auto$ff.cc:266:slice$15285.Q[0]
2379 FDCE_ZINI $auto$ff.cc:266:slice$15286.Q[0]
2380 FDCE_ZINI $auto$ff.cc:266:slice$15287.Q[0]
2381 FDCE_ZINI $auto$ff.cc:266:slice$15288.Q[0]
2382 FDPE_ZINI $auto$ff.cc:266:slice$15289.Q[0]
2383 FDPE_ZINI $auto$ff.cc:266:slice$15290.Q[0]
2384 FDCE_ZINI $auto$ff.cc:266:slice$15293.Q[0]
2385 FDCE_ZINI $auto$ff.cc:266:slice$15294.Q[0]
2386 FDCE_ZINI $auto$ff.cc:266:slice$15295.Q[0]
2387 FDCE_ZINI $auto$ff.cc:266:slice$15296.Q[0]
2388 FDCE_ZINI $auto$ff.cc:266:slice$15297.Q[0]
2389 FDCE_ZINI $auto$ff.cc:266:slice$15298.Q[0]
2390 FDCE_ZINI $auto$ff.cc:266:slice$15299.Q[0]
2391 FDCE_ZINI $auto$ff.cc:266:slice$15300.Q[0]
2392 FDCE_ZINI $auto$ff.cc:266:slice$15301.Q[0]
2393 FDCE_ZINI $auto$ff.cc:266:slice$15302.Q[0]
2394 FDCE_ZINI $auto$ff.cc:266:slice$15303.Q[0]
2395 FDCE_ZINI $auto$ff.cc:266:slice$15304.Q[0]
2396 FDCE_ZINI $auto$ff.cc:266:slice$15305.Q[0]
2397 FDCE_ZINI $auto$ff.cc:266:slice$15306.Q[0]
2398 FDCE_ZINI $auto$ff.cc:266:slice$15307.Q[0]
2399 FDCE_ZINI $auto$ff.cc:266:slice$15308.Q[0]
2400 FDCE_ZINI $auto$ff.cc:266:slice$15309.Q[0]
2401 FDCE_ZINI $auto$ff.cc:266:slice$15310.Q[0]
2402 FDCE_ZINI $auto$ff.cc:266:slice$15311.Q[0]
2403 FDCE_ZINI $auto$ff.cc:266:slice$15312.Q[0]
2404 FDCE_ZINI $auto$ff.cc:266:slice$15313.Q[0]
2405 FDCE_ZINI $auto$ff.cc:266:slice$15314.Q[0]
2406 FDCE_ZINI $auto$ff.cc:266:slice$15315.Q[0]
2407 FDCE_ZINI $auto$ff.cc:266:slice$15316.Q[0]
2408 FDCE_ZINI $auto$ff.cc:266:slice$15317.Q[0]
2409 FDCE_ZINI $auto$ff.cc:266:slice$15318.Q[0]
2410 FDCE_ZINI $auto$ff.cc:266:slice$15319.Q[0]
2411 FDCE_ZINI $auto$ff.cc:266:slice$15320.Q[0]
2412 FDCE_ZINI $auto$ff.cc:266:slice$15321.Q[0]
2413 FDCE_ZINI $auto$ff.cc:266:slice$15322.Q[0]
2414 FDCE_ZINI $auto$ff.cc:266:slice$15323.Q[0]
2415 FDPE_ZINI $auto$ff.cc:266:slice$15324.Q[0]
2416 FDCE_ZINI $auto$ff.cc:266:slice$15325.Q[0]
2417 FDCE_ZINI $auto$ff.cc:266:slice$15326.Q[0]
2418 FDCE_ZINI $auto$ff.cc:266:slice$15327.Q[0]
2419 FDCE_ZINI $auto$ff.cc:266:slice$15328.Q[0]
2420 FDCE_ZINI $auto$ff.cc:266:slice$15329.Q[0]
2421 FDCE_ZINI $auto$ff.cc:266:slice$15330.Q[0]
2422 FDCE_ZINI $auto$ff.cc:266:slice$15331.Q[0]
2423 FDCE_ZINI $auto$ff.cc:266:slice$15332.Q[0]
2424 FDCE_ZINI $auto$ff.cc:266:slice$15333.Q[0]
2425 FDCE_ZINI $auto$ff.cc:266:slice$15334.Q[0]
2426 FDCE_ZINI $auto$ff.cc:266:slice$15335.Q[0]
2427 FDCE_ZINI $auto$ff.cc:266:slice$15336.Q[0]
2428 FDCE_ZINI $auto$ff.cc:266:slice$15337.Q[0]
2429 FDCE_ZINI $auto$ff.cc:266:slice$15338.Q[0]
2430 FDCE_ZINI $auto$ff.cc:266:slice$15339.Q[0]
2431 FDCE_ZINI $auto$ff.cc:266:slice$15340.Q[0]
2432 FDCE_ZINI $auto$ff.cc:266:slice$15341.Q[0]
2433 FDCE_ZINI $auto$ff.cc:266:slice$15342.Q[0]
2434 FDCE_ZINI $auto$ff.cc:266:slice$15343.Q[0]
2435 FDCE_ZINI $auto$ff.cc:266:slice$15344.Q[0]
2436 FDCE_ZINI $auto$ff.cc:266:slice$15345.Q[0]
2437 FDCE_ZINI $auto$ff.cc:266:slice$15346.Q[0]
2438 FDCE_ZINI $auto$ff.cc:266:slice$15347.Q[0]
2439 FDCE_ZINI $auto$ff.cc:266:slice$15348.Q[0]
2440 FDCE_ZINI $auto$ff.cc:266:slice$15349.Q[0]
2441 FDCE_ZINI $auto$ff.cc:266:slice$15350.Q[0]
2442 FDCE_ZINI $auto$ff.cc:266:slice$15351.Q[0]
2443 FDCE_ZINI $auto$ff.cc:266:slice$15352.Q[0]
2444 FDCE_ZINI $auto$ff.cc:266:slice$15353.Q[0]
2445 FDCE_ZINI $auto$ff.cc:266:slice$15354.Q[0]
2446 FDCE_ZINI $auto$ff.cc:266:slice$15355.Q[0]
2447 FDCE_ZINI $auto$ff.cc:266:slice$15356.Q[0]
2448 FDCE_ZINI $auto$ff.cc:266:slice$15357.Q[0]
2449 FDCE_ZINI $auto$ff.cc:266:slice$15358.Q[0]
2450 FDCE_ZINI $auto$ff.cc:266:slice$15359.Q[0]
2451 FDCE_ZINI $auto$ff.cc:266:slice$15360.Q[0]
2452 FDCE_ZINI $auto$ff.cc:266:slice$15361.Q[0]
2453 FDCE_ZINI $auto$ff.cc:266:slice$15362.Q[0]
2454 FDCE_ZINI $auto$ff.cc:266:slice$15363.Q[0]
2455 FDCE_ZINI $auto$ff.cc:266:slice$15364.Q[0]
2456 FDCE_ZINI $auto$ff.cc:266:slice$15365.Q[0]
2457 FDCE_ZINI $auto$ff.cc:266:slice$15366.Q[0]
2458 FDCE_ZINI $auto$ff.cc:266:slice$15367.Q[0]
2459 FDCE_ZINI $auto$ff.cc:266:slice$15368.Q[0]
2460 FDCE_ZINI $auto$ff.cc:266:slice$15369.Q[0]
2461 FDCE_ZINI $auto$ff.cc:266:slice$15370.Q[0]
2462 FDCE_ZINI $auto$ff.cc:266:slice$15371.Q[0]
2463 FDCE_ZINI $auto$ff.cc:266:slice$15372.Q[0]
2464 FDCE_ZINI $auto$ff.cc:266:slice$15373.Q[0]
2465 FDCE_ZINI $auto$ff.cc:266:slice$15374.Q[0]
2466 FDCE_ZINI $auto$ff.cc:266:slice$15375.Q[0]
2467 FDCE_ZINI $auto$ff.cc:266:slice$15376.Q[0]
2468 FDCE_ZINI $auto$ff.cc:266:slice$15377.Q[0]
2469 FDCE_ZINI $auto$ff.cc:266:slice$15378.Q[0]
2470 FDCE_ZINI $auto$ff.cc:266:slice$15379.Q[0]
2471 FDCE_ZINI $auto$ff.cc:266:slice$15380.Q[0]
2472 FDCE_ZINI $auto$ff.cc:266:slice$15381.Q[0]
2473 FDCE_ZINI $auto$ff.cc:266:slice$15382.Q[0]
2474 FDCE_ZINI $auto$ff.cc:266:slice$15383.Q[0]
2475 FDCE_ZINI $auto$ff.cc:266:slice$15384.Q[0]
2476 FDCE_ZINI $auto$ff.cc:266:slice$15385.Q[0]
2477 FDCE_ZINI $auto$ff.cc:266:slice$15386.Q[0]
2478 FDCE_ZINI $auto$ff.cc:266:slice$15387.Q[0]
2479 FDCE_ZINI $auto$ff.cc:266:slice$15388.Q[0]
2480 FDCE_ZINI $auto$ff.cc:266:slice$15389.Q[0]
2481 FDCE_ZINI $auto$ff.cc:266:slice$15390.Q[0]
2482 FDCE_ZINI $auto$ff.cc:266:slice$16678.Q[0]
2483 FDCE_ZINI $auto$ff.cc:266:slice$16679.Q[0]
2484 FDCE_ZINI $auto$ff.cc:266:slice$16680.Q[0]
2485 FDCE_ZINI $auto$ff.cc:266:slice$16681.Q[0]
2486 FDCE_ZINI $auto$ff.cc:266:slice$16682.Q[0]
2487 FDCE_ZINI $auto$ff.cc:266:slice$16683.Q[0]
2488 FDCE_ZINI $auto$ff.cc:266:slice$16684.Q[0]
2489 FDCE_ZINI $auto$ff.cc:266:slice$16685.Q[0]
2490 FDCE_ZINI $auto$ff.cc:266:slice$16686.Q[0]
2491 FDCE_ZINI $auto$ff.cc:266:slice$16687.Q[0]
2492 FDCE_ZINI $auto$ff.cc:266:slice$16688.Q[0]
2493 FDCE_ZINI $auto$ff.cc:266:slice$16689.Q[0]
2494 FDCE_ZINI $auto$ff.cc:266:slice$16690.Q[0]
2495 FDCE_ZINI $auto$ff.cc:266:slice$16691.Q[0]
2496 FDCE_ZINI $auto$ff.cc:266:slice$16692.Q[0]
2497 FDCE_ZINI $auto$ff.cc:266:slice$16693.Q[0]
2498 FDCE_ZINI $auto$ff.cc:266:slice$16694.Q[0]
2499 FDCE_ZINI $auto$ff.cc:266:slice$16695.Q[0]
2500 FDCE_ZINI $auto$ff.cc:266:slice$16696.Q[0]
2501 FDCE_ZINI $auto$ff.cc:266:slice$16697.Q[0]
2502 FDCE_ZINI $auto$ff.cc:266:slice$16698.Q[0]
2503 FDCE_ZINI $auto$ff.cc:266:slice$16699.Q[0]
2504 FDCE_ZINI $auto$ff.cc:266:slice$16700.Q[0]
2505 FDCE_ZINI $auto$ff.cc:266:slice$16701.Q[0]
2506 FDCE_ZINI $auto$ff.cc:266:slice$16702.Q[0]
2507 FDCE_ZINI $auto$ff.cc:266:slice$16703.Q[0]
2508 FDCE_ZINI $auto$ff.cc:266:slice$16704.Q[0]
2509 FDCE_ZINI $auto$ff.cc:266:slice$16705.Q[0]
2510 FDCE_ZINI $auto$ff.cc:266:slice$16706.Q[0]
2511 FDCE_ZINI $auto$ff.cc:266:slice$16707.Q[0]
2512 FDCE_ZINI $auto$ff.cc:266:slice$16708.Q[0]
2513 FDCE_ZINI $auto$ff.cc:266:slice$16709.Q[0]
2514 FDCE_ZINI $auto$ff.cc:266:slice$16710.Q[0]
2515 FDCE_ZINI $auto$ff.cc:266:slice$16712.Q[0]
2516 FDCE_ZINI $auto$ff.cc:266:slice$16713.Q[0]
2517 FDCE_ZINI $auto$ff.cc:266:slice$16714.Q[0]
2518 FDCE_ZINI $auto$ff.cc:266:slice$16715.Q[0]
2519 FDCE_ZINI $auto$ff.cc:266:slice$16716.Q[0]
2520 FDCE_ZINI $auto$ff.cc:266:slice$16717.Q[0]
2521 FDCE_ZINI $auto$ff.cc:266:slice$16718.Q[0]
2522 FDCE_ZINI $auto$ff.cc:266:slice$16719.Q[0]
2523 FDCE_ZINI $auto$ff.cc:266:slice$16720.Q[0]
2524 FDCE_ZINI $auto$ff.cc:266:slice$16721.Q[0]
2525 FDCE_ZINI $auto$ff.cc:266:slice$16722.Q[0]
2526 FDCE_ZINI $auto$ff.cc:266:slice$16723.Q[0]
2527 FDCE_ZINI $auto$ff.cc:266:slice$16724.Q[0]
2528 FDCE_ZINI $auto$ff.cc:266:slice$16725.Q[0]
2529 FDCE_ZINI $auto$ff.cc:266:slice$16726.Q[0]
2530 FDCE_ZINI $auto$ff.cc:266:slice$16727.Q[0]
2531 FDCE_ZINI $auto$ff.cc:266:slice$16728.Q[0]
2532 FDCE_ZINI $auto$ff.cc:266:slice$16729.Q[0]
2533 FDCE_ZINI $auto$ff.cc:266:slice$16730.Q[0]
2534 FDCE_ZINI $auto$ff.cc:266:slice$16731.Q[0]
2535 FDCE_ZINI $auto$ff.cc:266:slice$16732.Q[0]
2536 FDCE_ZINI $auto$ff.cc:266:slice$16733.Q[0]
2537 FDCE_ZINI $auto$ff.cc:266:slice$16734.Q[0]
2538 FDCE_ZINI $auto$ff.cc:266:slice$16735.Q[0]
2539 FDCE_ZINI $auto$ff.cc:266:slice$16736.Q[0]
2540 FDCE_ZINI $auto$ff.cc:266:slice$16737.Q[0]
2541 FDCE_ZINI $auto$ff.cc:266:slice$16738.Q[0]
2542 FDCE_ZINI $auto$ff.cc:266:slice$16739.Q[0]
2543 FDCE_ZINI $auto$ff.cc:266:slice$16740.Q[0]
2544 FDCE_ZINI $auto$ff.cc:266:slice$16741.Q[0]
2545 FDCE_ZINI $auto$ff.cc:266:slice$16742.Q[0]
2546 FDCE_ZINI $auto$ff.cc:266:slice$16743.Q[0]
2547 FDCE_ZINI $auto$ff.cc:266:slice$16744.Q[0]
2548 FDCE_ZINI $auto$ff.cc:266:slice$16745.Q[0]
2549 FDCE_ZINI $auto$ff.cc:266:slice$16746.Q[0]
2550 FDCE_ZINI $auto$ff.cc:266:slice$16747.Q[0]
2551 FDCE_ZINI $auto$ff.cc:266:slice$16748.Q[0]
2552 FDCE_ZINI $auto$ff.cc:266:slice$16749.Q[0]
2553 FDCE_ZINI $auto$ff.cc:266:slice$16750.Q[0]
2554 FDCE_ZINI $auto$ff.cc:266:slice$16751.Q[0]
2555 FDCE_ZINI $auto$ff.cc:266:slice$16752.Q[0]
2556 FDCE_ZINI $auto$ff.cc:266:slice$16753.Q[0]
2557 FDCE_ZINI $auto$ff.cc:266:slice$16754.Q[0]
2558 FDCE_ZINI $auto$ff.cc:266:slice$16755.Q[0]
2559 FDCE_ZINI $auto$ff.cc:266:slice$16756.Q[0]
2560 FDCE_ZINI $auto$ff.cc:266:slice$16757.Q[0]
2561 FDCE_ZINI $auto$ff.cc:266:slice$16758.Q[0]
2562 FDCE_ZINI $auto$ff.cc:266:slice$16759.Q[0]
2563 FDCE_ZINI $auto$ff.cc:266:slice$16760.Q[0]
2564 FDCE_ZINI $auto$ff.cc:266:slice$16761.Q[0]
2565 FDCE_ZINI $auto$ff.cc:266:slice$16762.Q[0]
2566 FDCE_ZINI $auto$ff.cc:266:slice$16763.Q[0]
2567 FDCE_ZINI $auto$ff.cc:266:slice$16764.Q[0]
2568 FDCE_ZINI $auto$ff.cc:266:slice$16765.Q[0]
2569 FDCE_ZINI $auto$ff.cc:266:slice$16766.Q[0]
2570 FDCE_ZINI $auto$ff.cc:266:slice$16767.Q[0]
2571 FDCE_ZINI $auto$ff.cc:266:slice$16768.Q[0]
2572 FDCE_ZINI $auto$ff.cc:266:slice$16769.Q[0]
2573 FDCE_ZINI $auto$ff.cc:266:slice$16770.Q[0]
2574 FDCE_ZINI $auto$ff.cc:266:slice$16771.Q[0]
2575 FDCE_ZINI $auto$ff.cc:266:slice$16772.Q[0]
2576 FDCE_ZINI $auto$ff.cc:266:slice$16773.Q[0]
2577 FDCE_ZINI $auto$ff.cc:266:slice$16774.Q[0]
2578 FDCE_ZINI $auto$ff.cc:266:slice$16775.Q[0]
2579 FDCE_ZINI $auto$ff.cc:266:slice$16776.Q[0]
2580 FDCE_ZINI $auto$ff.cc:266:slice$16777.Q[0]
2581 FDCE_ZINI $auto$ff.cc:266:slice$16778.Q[0]
2582 FDCE_ZINI $auto$ff.cc:266:slice$16779.Q[0]
2583 FDPE_ZINI $auto$ff.cc:266:slice$16817.Q[0]
2584 FDCE_ZINI $auto$ff.cc:266:slice$16818.Q[0]
2585 FDCE_ZINI $auto$ff.cc:266:slice$16819.Q[0]
2586 FDCE_ZINI $auto$ff.cc:266:slice$16820.Q[0]
2587 FDCE_ZINI $auto$ff.cc:266:slice$16821.Q[0]
2588 FDCE_ZINI $auto$ff.cc:266:slice$17082.Q[0]
2589 FDCE_ZINI $auto$ff.cc:266:slice$17083.Q[0]
2590 FDCE_ZINI $auto$ff.cc:266:slice$17084.Q[0]
2591 FDCE_ZINI $auto$ff.cc:266:slice$17085.Q[0]
2592 FDCE_ZINI $auto$ff.cc:266:slice$17086.Q[0]
2593 FDCE_ZINI $auto$ff.cc:266:slice$17087.Q[0]
2594 FDCE_ZINI $auto$ff.cc:266:slice$17088.Q[0]
2595 FDCE_ZINI $auto$ff.cc:266:slice$17089.Q[0]
2596 FDCE_ZINI $auto$ff.cc:266:slice$17090.Q[0]
2597 FDCE_ZINI $auto$ff.cc:266:slice$17091.Q[0]
2598 FDCE_ZINI $auto$ff.cc:266:slice$17092.Q[0]
2599 FDCE_ZINI $auto$ff.cc:266:slice$17093.Q[0]
2600 FDCE_ZINI $auto$ff.cc:266:slice$17094.Q[0]
2601 FDCE_ZINI $auto$ff.cc:266:slice$17095.Q[0]
2602 FDCE_ZINI $auto$ff.cc:266:slice$17096.Q[0]
2603 FDCE_ZINI $auto$ff.cc:266:slice$17097.Q[0]
2604 FDCE_ZINI $auto$ff.cc:266:slice$17098.Q[0]
2605 FDCE_ZINI $auto$ff.cc:266:slice$17099.Q[0]
2606 FDCE_ZINI $auto$ff.cc:266:slice$17100.Q[0]
2607 FDCE_ZINI $auto$ff.cc:266:slice$17101.Q[0]
2608 FDCE_ZINI $auto$ff.cc:266:slice$17102.Q[0]
2609 FDCE_ZINI $auto$ff.cc:266:slice$17103.Q[0]
2610 FDCE_ZINI $auto$ff.cc:266:slice$17104.Q[0]
2611 FDCE_ZINI $auto$ff.cc:266:slice$17105.Q[0]
2612 FDCE_ZINI $auto$ff.cc:266:slice$17106.Q[0]
2613 FDCE_ZINI $auto$ff.cc:266:slice$17107.Q[0]
2614 FDCE_ZINI $auto$ff.cc:266:slice$17108.Q[0]
2615 FDCE_ZINI $auto$ff.cc:266:slice$17109.Q[0]
2616 FDCE_ZINI $auto$ff.cc:266:slice$17110.Q[0]
2617 FDCE_ZINI $auto$ff.cc:266:slice$17111.Q[0]
2618 FDCE_ZINI $auto$ff.cc:266:slice$17112.Q[0]
2619 FDCE_ZINI $auto$ff.cc:266:slice$17113.Q[0]
2620 FDCE_ZINI $auto$ff.cc:266:slice$17114.Q[0]
2621 FDCE_ZINI $auto$ff.cc:266:slice$17115.Q[0]
2622 FDCE_ZINI $auto$ff.cc:266:slice$17116.Q[0]
2623 FDCE_ZINI $auto$ff.cc:266:slice$17117.Q[0]
2624 FDCE_ZINI $auto$ff.cc:266:slice$17118.Q[0]
2625 FDCE_ZINI $auto$ff.cc:266:slice$17119.Q[0]
2626 FDCE_ZINI $auto$ff.cc:266:slice$17120.Q[0]
2627 FDCE_ZINI $auto$ff.cc:266:slice$17121.Q[0]
2628 FDCE_ZINI $auto$ff.cc:266:slice$17122.Q[0]
2629 FDCE_ZINI $auto$ff.cc:266:slice$17123.Q[0]
2630 FDCE_ZINI $auto$ff.cc:266:slice$17124.Q[0]
2631 FDCE_ZINI $auto$ff.cc:266:slice$17125.Q[0]
2632 FDCE_ZINI $auto$ff.cc:266:slice$17126.Q[0]
2633 FDCE_ZINI $auto$ff.cc:266:slice$17127.Q[0]
2634 FDCE_ZINI $auto$ff.cc:266:slice$17128.Q[0]
2635 FDCE_ZINI $auto$ff.cc:266:slice$17129.Q[0]
2636 FDCE_ZINI $auto$ff.cc:266:slice$17130.Q[0]
2637 FDCE_ZINI $auto$ff.cc:266:slice$17131.Q[0]
2638 FDCE_ZINI $auto$ff.cc:266:slice$17132.Q[0]
2639 FDCE_ZINI $auto$ff.cc:266:slice$17133.Q[0]
2640 FDCE_ZINI $auto$ff.cc:266:slice$17134.Q[0]
2641 FDCE_ZINI $auto$ff.cc:266:slice$17135.Q[0]
2642 FDCE_ZINI $auto$ff.cc:266:slice$17136.Q[0]
2643 FDCE_ZINI $auto$ff.cc:266:slice$17137.Q[0]
2644 FDCE_ZINI $auto$ff.cc:266:slice$17138.Q[0]
2645 FDCE_ZINI $auto$ff.cc:266:slice$17139.Q[0]
2646 FDCE_ZINI $auto$ff.cc:266:slice$17140.Q[0]
2647 FDCE_ZINI $auto$ff.cc:266:slice$17141.Q[0]
2648 FDCE_ZINI $auto$ff.cc:266:slice$17142.Q[0]
2649 FDCE_ZINI $auto$ff.cc:266:slice$17143.Q[0]
2650 FDCE_ZINI $auto$ff.cc:266:slice$17144.Q[0]
2651 FDCE_ZINI $auto$ff.cc:266:slice$17145.Q[0]
2652 FDCE_ZINI $auto$ff.cc:266:slice$17146.Q[0]
2653 FDCE_ZINI $auto$ff.cc:266:slice$17147.Q[0]
2654 FDCE_ZINI $auto$ff.cc:266:slice$17148.Q[0]
2655 FDCE_ZINI $auto$ff.cc:266:slice$17149.Q[0]
2656 FDCE_ZINI $auto$ff.cc:266:slice$17150.Q[0]
2657 FDCE_ZINI $auto$ff.cc:266:slice$17151.Q[0]
2658 FDCE_ZINI $auto$ff.cc:266:slice$17152.Q[0]
2659 FDCE_ZINI $auto$ff.cc:266:slice$17153.Q[0]
2660 FDCE_ZINI $auto$ff.cc:266:slice$17154.Q[0]
2661 FDCE_ZINI $auto$ff.cc:266:slice$17155.Q[0]
2662 FDCE_ZINI $auto$ff.cc:266:slice$17156.Q[0]
2663 FDCE_ZINI $auto$ff.cc:266:slice$17157.Q[0]
2664 FDCE_ZINI $auto$ff.cc:266:slice$17158.Q[0]
2665 FDCE_ZINI $auto$ff.cc:266:slice$17159.Q[0]
2666 FDCE_ZINI $auto$ff.cc:266:slice$17160.Q[0]
2667 FDCE_ZINI $auto$ff.cc:266:slice$17161.Q[0]
2668 FDCE_ZINI $auto$ff.cc:266:slice$17162.Q[0]
2669 FDCE_ZINI $auto$ff.cc:266:slice$17163.Q[0]
2670 FDCE_ZINI $auto$ff.cc:266:slice$17164.Q[0]
2671 FDCE_ZINI $auto$ff.cc:266:slice$17165.Q[0]
2672 FDCE_ZINI $auto$ff.cc:266:slice$17166.Q[0]
2673 FDCE_ZINI $auto$ff.cc:266:slice$17167.Q[0]
2674 FDCE_ZINI $auto$ff.cc:266:slice$17168.Q[0]
2675 FDCE_ZINI $auto$ff.cc:266:slice$17169.Q[0]
2676 FDCE_ZINI $auto$ff.cc:266:slice$17170.Q[0]
2677 FDCE_ZINI $auto$ff.cc:266:slice$17171.Q[0]
2678 FDCE_ZINI $auto$ff.cc:266:slice$17172.Q[0]
2679 FDCE_ZINI $auto$ff.cc:266:slice$17173.Q[0]
2680 FDCE_ZINI $auto$ff.cc:266:slice$17174.Q[0]
2681 FDCE_ZINI $auto$ff.cc:266:slice$17175.Q[0]
2682 FDCE_ZINI $auto$ff.cc:266:slice$17176.Q[0]
2683 FDCE_ZINI $auto$ff.cc:266:slice$17177.Q[0]
2684 FDCE_ZINI $auto$ff.cc:266:slice$17178.Q[0]
2685 FDCE_ZINI $auto$ff.cc:266:slice$17179.Q[0]
2686 FDCE_ZINI $auto$ff.cc:266:slice$17180.Q[0]
2687 FDCE_ZINI $auto$ff.cc:266:slice$17181.Q[0]
2688 FDCE_ZINI $auto$ff.cc:266:slice$17182.Q[0]
2689 FDCE_ZINI $auto$ff.cc:266:slice$17183.Q[0]
2690 FDCE_ZINI $auto$ff.cc:266:slice$17184.Q[0]
2691 FDCE_ZINI $auto$ff.cc:266:slice$17185.Q[0]
2692 FDCE_ZINI $auto$ff.cc:266:slice$17186.Q[0]
2693 FDCE_ZINI $auto$ff.cc:266:slice$17187.Q[0]
2694 FDCE_ZINI $auto$ff.cc:266:slice$17188.Q[0]
2695 FDCE_ZINI $auto$ff.cc:266:slice$17189.Q[0]
2696 FDCE_ZINI $auto$ff.cc:266:slice$17190.Q[0]
2697 FDCE_ZINI $auto$ff.cc:266:slice$17191.Q[0]
2698 FDCE_ZINI $auto$ff.cc:266:slice$17192.Q[0]
2699 FDCE_ZINI $auto$ff.cc:266:slice$17193.Q[0]
2700 FDCE_ZINI $auto$ff.cc:266:slice$17194.Q[0]
2701 FDCE_ZINI $auto$ff.cc:266:slice$17195.Q[0]
2702 FDCE_ZINI $auto$ff.cc:266:slice$17196.Q[0]
2703 FDCE_ZINI $auto$ff.cc:266:slice$17197.Q[0]
2704 FDCE_ZINI $auto$ff.cc:266:slice$17198.Q[0]
2705 FDCE_ZINI $auto$ff.cc:266:slice$17199.Q[0]
2706 FDCE_ZINI $auto$ff.cc:266:slice$17200.Q[0]
2707 FDCE_ZINI $auto$ff.cc:266:slice$17201.Q[0]
2708 FDCE_ZINI $auto$ff.cc:266:slice$17202.Q[0]
2709 FDCE_ZINI $auto$ff.cc:266:slice$17203.Q[0]
2710 FDCE_ZINI $auto$ff.cc:266:slice$17204.Q[0]
2711 FDCE_ZINI $auto$ff.cc:266:slice$17205.Q[0]
2712 FDCE_ZINI $auto$ff.cc:266:slice$17206.Q[0]
2713 FDCE_ZINI $auto$ff.cc:266:slice$17207.Q[0]
2714 FDCE_ZINI $auto$ff.cc:266:slice$17208.Q[0]
2715 FDCE_ZINI $auto$ff.cc:266:slice$17209.Q[0]
2716 FDCE_ZINI $auto$ff.cc:266:slice$17210.Q[0]
2717 FDCE_ZINI $auto$ff.cc:266:slice$17211.Q[0]
2718 FDCE_ZINI $auto$ff.cc:266:slice$17212.Q[0]
2719 FDCE_ZINI $auto$ff.cc:266:slice$17213.Q[0]
2720 FDCE_ZINI $auto$ff.cc:266:slice$17214.Q[0]
2721 FDCE_ZINI $auto$ff.cc:266:slice$17216.Q[0]
2722 FDCE_ZINI $auto$ff.cc:266:slice$17217.Q[0]
2723 FDCE_ZINI $auto$ff.cc:266:slice$17218.Q[0]
2724 FDCE_ZINI $auto$ff.cc:266:slice$17219.Q[0]
2725 FDCE_ZINI $auto$ff.cc:266:slice$17220.Q[0]
2726 FDCE_ZINI $auto$ff.cc:266:slice$17221.Q[0]
2727 FDCE_ZINI $auto$ff.cc:266:slice$17222.Q[0]
2728 FDCE_ZINI $auto$ff.cc:266:slice$17356.Q[0]
2729 FDCE_ZINI $auto$ff.cc:266:slice$17357.Q[0]
2730 FDCE_ZINI $auto$ff.cc:266:slice$17358.Q[0]
2731 FDCE_ZINI $auto$ff.cc:266:slice$17359.Q[0]
2732 FDCE_ZINI $auto$ff.cc:266:slice$17360.Q[0]
2733 FDCE_ZINI $auto$ff.cc:266:slice$17361.Q[0]
2734 FDCE_ZINI $auto$ff.cc:266:slice$17362.Q[0]
2735 FDCE_ZINI $auto$ff.cc:266:slice$17363.Q[0]
2736 FDCE_ZINI $auto$ff.cc:266:slice$17364.Q[0]
2737 FDCE_ZINI $auto$ff.cc:266:slice$17365.Q[0]
2738 FDCE_ZINI $auto$ff.cc:266:slice$17366.Q[0]
2739 FDCE_ZINI $auto$ff.cc:266:slice$17367.Q[0]
2740 FDCE_ZINI $auto$ff.cc:266:slice$17368.Q[0]
2741 FDCE_ZINI $auto$ff.cc:266:slice$17369.Q[0]
2742 FDCE_ZINI $auto$ff.cc:266:slice$17370.Q[0]
2743 FDCE_ZINI $auto$ff.cc:266:slice$17371.Q[0]
2744 FDCE_ZINI $auto$ff.cc:266:slice$17372.Q[0]
2745 FDCE_ZINI $auto$ff.cc:266:slice$17373.Q[0]
2746 FDCE_ZINI $auto$ff.cc:266:slice$17374.Q[0]
2747 FDCE_ZINI $auto$ff.cc:266:slice$17375.Q[0]
2748 FDCE_ZINI $auto$ff.cc:266:slice$17376.Q[0]
2749 FDCE_ZINI $auto$ff.cc:266:slice$17377.Q[0]
2750 FDCE_ZINI $auto$ff.cc:266:slice$17378.Q[0]
2751 FDCE_ZINI $auto$ff.cc:266:slice$17379.Q[0]
2752 FDCE_ZINI $auto$ff.cc:266:slice$17380.Q[0]
2753 FDCE_ZINI $auto$ff.cc:266:slice$17381.Q[0]
2754 FDCE_ZINI $auto$ff.cc:266:slice$17382.Q[0]
2755 FDCE_ZINI $auto$ff.cc:266:slice$17383.Q[0]
2756 FDCE_ZINI $auto$ff.cc:266:slice$17384.Q[0]
2757 FDCE_ZINI $auto$ff.cc:266:slice$17385.Q[0]
2758 FDCE_ZINI $auto$ff.cc:266:slice$17386.Q[0]
2759 FDCE_ZINI $auto$ff.cc:266:slice$17387.Q[0]
2760 FDCE_ZINI $auto$ff.cc:266:slice$17388.Q[0]
2761 FDCE_ZINI $auto$ff.cc:266:slice$17389.Q[0]
2762 FDCE_ZINI $auto$ff.cc:266:slice$17390.Q[0]
2763 FDCE_ZINI $auto$ff.cc:266:slice$17391.Q[0]
2764 FDCE_ZINI $auto$ff.cc:266:slice$17392.Q[0]
2765 FDCE_ZINI $auto$ff.cc:266:slice$17393.Q[0]
2766 FDCE_ZINI $auto$ff.cc:266:slice$17394.Q[0]
2767 FDCE_ZINI $auto$ff.cc:266:slice$17395.Q[0]
2768 FDCE_ZINI $auto$ff.cc:266:slice$17396.Q[0]
2769 FDCE_ZINI $auto$ff.cc:266:slice$17397.Q[0]
2770 FDCE_ZINI $auto$ff.cc:266:slice$17398.Q[0]
2771 FDCE_ZINI $auto$ff.cc:266:slice$17399.Q[0]
2772 FDCE_ZINI $auto$ff.cc:266:slice$17400.Q[0]
2773 FDCE_ZINI $auto$ff.cc:266:slice$17401.Q[0]
2774 FDCE_ZINI $auto$ff.cc:266:slice$17402.Q[0]
2775 FDCE_ZINI $auto$ff.cc:266:slice$17403.Q[0]
2776 FDCE_ZINI $auto$ff.cc:266:slice$17404.Q[0]
2777 FDCE_ZINI $auto$ff.cc:266:slice$17405.Q[0]
2778 FDCE_ZINI $auto$ff.cc:266:slice$17406.Q[0]
2779 FDCE_ZINI $auto$ff.cc:266:slice$17407.Q[0]
2780 FDCE_ZINI $auto$ff.cc:266:slice$17408.Q[0]
2781 FDCE_ZINI $auto$ff.cc:266:slice$17409.Q[0]
2782 FDCE_ZINI $auto$ff.cc:266:slice$17410.Q[0]
2783 FDCE_ZINI $auto$ff.cc:266:slice$17411.Q[0]
2784 FDCE_ZINI $auto$ff.cc:266:slice$17412.Q[0]
2785 FDCE_ZINI $auto$ff.cc:266:slice$17413.Q[0]
2786 FDCE_ZINI $auto$ff.cc:266:slice$17414.Q[0]
2787 FDCE_ZINI $auto$ff.cc:266:slice$17415.Q[0]
2788 FDCE_ZINI $auto$ff.cc:266:slice$17416.Q[0]
2789 FDCE_ZINI $auto$ff.cc:266:slice$17417.Q[0]
2790 FDCE_ZINI $auto$ff.cc:266:slice$17418.Q[0]
2791 FDCE_ZINI $auto$ff.cc:266:slice$17419.Q[0]
2792 FDCE_ZINI $auto$ff.cc:266:slice$17420.Q[0]
2793 FDCE_ZINI $auto$ff.cc:266:slice$17421.Q[0]
2794 FDCE_ZINI $auto$ff.cc:266:slice$17422.Q[0]
2795 FDCE_ZINI $auto$ff.cc:266:slice$17423.Q[0]
2796 FDCE_ZINI $auto$ff.cc:266:slice$17424.Q[0]
2797 FDCE_ZINI $auto$ff.cc:266:slice$17425.Q[0]
2798 FDCE_ZINI $auto$ff.cc:266:slice$17426.Q[0]
2799 FDCE_ZINI $auto$ff.cc:266:slice$17427.Q[0]
2800 FDCE_ZINI $auto$ff.cc:266:slice$17428.Q[0]
2801 FDCE_ZINI $auto$ff.cc:266:slice$17429.Q[0]
2802 FDCE_ZINI $auto$ff.cc:266:slice$17430.Q[0]
2803 FDCE_ZINI $auto$ff.cc:266:slice$17431.Q[0]
2804 FDCE_ZINI $auto$ff.cc:266:slice$17432.Q[0]
2805 FDCE_ZINI $auto$ff.cc:266:slice$17433.Q[0]
2806 FDCE_ZINI $auto$ff.cc:266:slice$17434.Q[0]
2807 FDCE_ZINI $auto$ff.cc:266:slice$17435.Q[0]
2808 FDCE_ZINI $auto$ff.cc:266:slice$17436.Q[0]
2809 FDCE_ZINI $auto$ff.cc:266:slice$17437.Q[0]
2810 FDCE_ZINI $auto$ff.cc:266:slice$17438.Q[0]
2811 FDCE_ZINI $auto$ff.cc:266:slice$17439.Q[0]
2812 FDCE_ZINI $auto$ff.cc:266:slice$17440.Q[0]
2813 FDCE_ZINI $auto$ff.cc:266:slice$17441.Q[0]
2814 FDCE_ZINI $auto$ff.cc:266:slice$17442.Q[0]
2815 FDCE_ZINI $auto$ff.cc:266:slice$17443.Q[0]
2816 FDCE_ZINI $auto$ff.cc:266:slice$17444.Q[0]
2817 FDCE_ZINI $auto$ff.cc:266:slice$17445.Q[0]
2818 FDCE_ZINI $auto$ff.cc:266:slice$17446.Q[0]
2819 FDCE_ZINI $auto$ff.cc:266:slice$17447.Q[0]
2820 FDCE_ZINI $auto$ff.cc:266:slice$17448.Q[0]
2821 FDCE_ZINI $auto$ff.cc:266:slice$17449.Q[0]
2822 FDCE_ZINI $auto$ff.cc:266:slice$17450.Q[0]
2823 FDCE_ZINI $auto$ff.cc:266:slice$17451.Q[0]
2824 FDCE_ZINI $auto$ff.cc:266:slice$17452.Q[0]
2825 FDCE_ZINI $auto$ff.cc:266:slice$17453.Q[0]
2826 FDCE_ZINI $auto$ff.cc:266:slice$17454.Q[0]
2827 FDCE_ZINI $auto$ff.cc:266:slice$17455.Q[0]
2828 FDCE_ZINI $auto$ff.cc:266:slice$17456.Q[0]
2829 FDCE_ZINI $auto$ff.cc:266:slice$17457.Q[0]
2830 FDCE_ZINI $auto$ff.cc:266:slice$17458.Q[0]
2831 FDCE_ZINI $auto$ff.cc:266:slice$17459.Q[0]
2832 FDRE_ZINI $auto$ff.cc:266:slice$18327.Q[0]
2833 FDRE_ZINI $auto$ff.cc:266:slice$18328.Q[0]
2834 FDRE_ZINI $auto$ff.cc:266:slice$18329.Q[0]
2835 FDRE_ZINI $auto$ff.cc:266:slice$18330.Q[0]
2836 FDRE_ZINI $auto$ff.cc:266:slice$18331.Q[0]
2837 FDRE_ZINI $auto$ff.cc:266:slice$18332.Q[0]
2838 FDRE_ZINI $auto$ff.cc:266:slice$18333.Q[0]
2839 FDRE_ZINI $auto$ff.cc:266:slice$18334.Q[0]
2840 FDRE_ZINI $auto$ff.cc:266:slice$18335.Q[0]
2841 FDRE_ZINI $auto$ff.cc:266:slice$18336.Q[0]
2842 FDRE_ZINI $auto$ff.cc:266:slice$18337.Q[0]
2843 FDRE_ZINI $auto$ff.cc:266:slice$18338.Q[0]
2844 FDRE_ZINI $auto$ff.cc:266:slice$18339.Q[0]
2845 FDRE_ZINI $auto$ff.cc:266:slice$18340.Q[0]
2846 FDRE_ZINI $auto$ff.cc:266:slice$18341.Q[0]
2847 FDRE_ZINI $auto$ff.cc:266:slice$18342.Q[0]
2848 FDRE_ZINI $auto$ff.cc:266:slice$18343.Q[0]
2849 FDRE_ZINI $auto$ff.cc:266:slice$18344.Q[0]
2850 FDRE_ZINI $auto$ff.cc:266:slice$18345.Q[0]
2851 FDRE_ZINI $auto$ff.cc:266:slice$18346.Q[0]
2852 FDRE_ZINI $auto$ff.cc:266:slice$18347.Q[0]
2853 FDRE_ZINI $auto$ff.cc:266:slice$18348.Q[0]
2854 FDRE_ZINI $auto$ff.cc:266:slice$18349.Q[0]
2855 FDRE_ZINI $auto$ff.cc:266:slice$18350.Q[0]
2856 FDRE_ZINI $auto$ff.cc:266:slice$18351.Q[0]
2857 FDRE_ZINI $auto$ff.cc:266:slice$18352.Q[0]
2858 FDRE_ZINI $auto$ff.cc:266:slice$18353.Q[0]
2859 FDRE_ZINI $auto$ff.cc:266:slice$18354.Q[0]
2860 FDRE_ZINI $auto$ff.cc:266:slice$18355.Q[0]
2861 FDRE_ZINI $auto$ff.cc:266:slice$18356.Q[0]
2862 FDRE_ZINI $auto$ff.cc:266:slice$18357.Q[0]
2863 FDRE_ZINI $auto$ff.cc:266:slice$18358.Q[0]
2864 FDRE_ZINI $auto$ff.cc:266:slice$18359.Q[0]
2865 FDRE_ZINI $auto$ff.cc:266:slice$18360.Q[0]
2866 FDRE_ZINI $auto$ff.cc:266:slice$18361.Q[0]
2867 FDRE_ZINI $auto$ff.cc:266:slice$18362.Q[0]
2868 FDRE_ZINI $auto$ff.cc:266:slice$18363.Q[0]
2869 FDRE_ZINI $auto$ff.cc:266:slice$18364.Q[0]
2870 FDRE_ZINI $auto$ff.cc:266:slice$18365.Q[0]
2871 FDRE_ZINI $auto$ff.cc:266:slice$18366.Q[0]
2872 FDRE_ZINI $auto$ff.cc:266:slice$18367.Q[0]
2873 FDRE_ZINI $auto$ff.cc:266:slice$18368.Q[0]
2874 FDRE_ZINI $auto$ff.cc:266:slice$18369.Q[0]
2875 FDRE_ZINI $auto$ff.cc:266:slice$18370.Q[0]
2876 FDRE_ZINI $auto$ff.cc:266:slice$18371.Q[0]
2877 FDRE_ZINI $auto$ff.cc:266:slice$18372.Q[0]
2878 FDRE_ZINI $auto$ff.cc:266:slice$18373.Q[0]
2879 FDRE_ZINI $auto$ff.cc:266:slice$18374.Q[0]
2880 FDRE_ZINI $auto$ff.cc:266:slice$18375.Q[0]
2881 FDRE_ZINI $auto$ff.cc:266:slice$18376.Q[0]
2882 FDRE_ZINI $auto$ff.cc:266:slice$18377.Q[0]
2883 FDRE_ZINI $auto$ff.cc:266:slice$18378.Q[0]
2884 FDRE_ZINI $auto$ff.cc:266:slice$18379.Q[0]
2885 FDRE_ZINI $auto$ff.cc:266:slice$18380.Q[0]
2886 FDRE_ZINI $auto$ff.cc:266:slice$18381.Q[0]
2887 FDRE_ZINI $auto$ff.cc:266:slice$18382.Q[0]
2888 FDRE_ZINI $auto$ff.cc:266:slice$18383.Q[0]
2889 FDRE_ZINI $auto$ff.cc:266:slice$18384.Q[0]
2890 FDRE_ZINI $auto$ff.cc:266:slice$18385.Q[0]
2891 FDRE_ZINI $auto$ff.cc:266:slice$18386.Q[0]
2892 FDRE_ZINI $auto$ff.cc:266:slice$18387.Q[0]
2893 FDRE_ZINI $auto$ff.cc:266:slice$18388.Q[0]
2894 FDRE_ZINI $auto$ff.cc:266:slice$18389.Q[0]
2895 FDRE_ZINI $auto$ff.cc:266:slice$18390.Q[0]
2896 FDRE_ZINI $auto$ff.cc:266:slice$18391.Q[0]
2897 FDRE_ZINI $auto$ff.cc:266:slice$18392.Q[0]
2898 FDRE_ZINI $auto$ff.cc:266:slice$18393.Q[0]
2899 FDRE_ZINI $auto$ff.cc:266:slice$18394.Q[0]
2900 FDRE_ZINI $auto$ff.cc:266:slice$18395.Q[0]
2901 FDRE_ZINI $auto$ff.cc:266:slice$18396.Q[0]
2902 FDRE_ZINI $auto$ff.cc:266:slice$18397.Q[0]
2903 FDRE_ZINI $auto$ff.cc:266:slice$18398.Q[0]
2904 FDRE_ZINI $auto$ff.cc:266:slice$18399.Q[0]
2905 FDRE_ZINI $auto$ff.cc:266:slice$18400.Q[0]
2906 FDRE_ZINI $auto$ff.cc:266:slice$18401.Q[0]
2907 FDRE_ZINI $auto$ff.cc:266:slice$18402.Q[0]
2908 FDRE_ZINI $auto$ff.cc:266:slice$18403.Q[0]
2909 FDRE_ZINI $auto$ff.cc:266:slice$18404.Q[0]
2910 FDRE_ZINI $auto$ff.cc:266:slice$18405.Q[0]
2911 FDRE_ZINI $auto$ff.cc:266:slice$18406.Q[0]
2912 FDRE_ZINI $auto$ff.cc:266:slice$18407.Q[0]
2913 FDRE_ZINI $auto$ff.cc:266:slice$18408.Q[0]
2914 FDRE_ZINI $auto$ff.cc:266:slice$18409.Q[0]
2915 FDRE_ZINI $auto$ff.cc:266:slice$18410.Q[0]
2916 FDRE_ZINI $auto$ff.cc:266:slice$18411.Q[0]
2917 FDRE_ZINI $auto$ff.cc:266:slice$18412.Q[0]
2918 FDRE_ZINI $auto$ff.cc:266:slice$18413.Q[0]
2919 FDRE_ZINI $auto$ff.cc:266:slice$18414.Q[0]
2920 FDRE_ZINI $auto$ff.cc:266:slice$18415.Q[0]
2921 FDRE_ZINI $auto$ff.cc:266:slice$18416.Q[0]
2922 FDRE_ZINI $auto$ff.cc:266:slice$18417.Q[0]
2923 FDRE_ZINI $auto$ff.cc:266:slice$18418.Q[0]
2924 FDRE_ZINI $auto$ff.cc:266:slice$18419.Q[0]
2925 FDRE_ZINI $auto$ff.cc:266:slice$18420.Q[0]
2926 FDRE_ZINI $auto$ff.cc:266:slice$18421.Q[0]
2927 FDRE_ZINI $auto$ff.cc:266:slice$18422.Q[0]
2928 FDRE_ZINI $auto$ff.cc:266:slice$18423.Q[0]
2929 FDRE_ZINI $auto$ff.cc:266:slice$18424.Q[0]
2930 FDRE_ZINI $auto$ff.cc:266:slice$18425.Q[0]
2931 FDRE_ZINI $auto$ff.cc:266:slice$18426.Q[0]
2932 FDRE_ZINI $auto$ff.cc:266:slice$18427.Q[0]
2933 FDRE_ZINI $auto$ff.cc:266:slice$18428.Q[0]
2934 FDRE_ZINI $auto$ff.cc:266:slice$18429.Q[0]
2935 FDRE_ZINI $auto$ff.cc:266:slice$18430.Q[0]
2936 FDRE_ZINI $auto$ff.cc:266:slice$18431.Q[0]
2937 FDRE_ZINI $auto$ff.cc:266:slice$18432.Q[0]
2938 FDRE_ZINI $auto$ff.cc:266:slice$18433.Q[0]
2939 FDRE_ZINI $auto$ff.cc:266:slice$18434.Q[0]
2940 FDRE_ZINI $auto$ff.cc:266:slice$18435.Q[0]
2941 FDRE_ZINI $auto$ff.cc:266:slice$18436.Q[0]
2942 FDRE_ZINI $auto$ff.cc:266:slice$18437.Q[0]
2943 FDRE_ZINI $auto$ff.cc:266:slice$18438.Q[0]
2944 FDRE_ZINI $auto$ff.cc:266:slice$18439.Q[0]
2945 FDRE_ZINI $auto$ff.cc:266:slice$18440.Q[0]
2946 FDRE_ZINI $auto$ff.cc:266:slice$18441.Q[0]
2947 FDRE_ZINI $auto$ff.cc:266:slice$18442.Q[0]
2948 FDRE_ZINI $auto$ff.cc:266:slice$18443.Q[0]
2949 FDRE_ZINI $auto$ff.cc:266:slice$18444.Q[0]
2950 FDRE_ZINI $auto$ff.cc:266:slice$18445.Q[0]
2951 FDRE_ZINI $auto$ff.cc:266:slice$18446.Q[0]
2952 FDRE_ZINI $auto$ff.cc:266:slice$18447.Q[0]
2953 FDRE_ZINI $auto$ff.cc:266:slice$18448.Q[0]
2954 FDRE_ZINI $auto$ff.cc:266:slice$18449.Q[0]
2955 FDRE_ZINI $auto$ff.cc:266:slice$18450.Q[0]
2956 FDRE_ZINI $auto$ff.cc:266:slice$18451.Q[0]
2957 FDRE_ZINI $auto$ff.cc:266:slice$18452.Q[0]
2958 FDRE_ZINI $auto$ff.cc:266:slice$18453.Q[0]
2959 FDRE_ZINI $auto$ff.cc:266:slice$18454.Q[0]
2960 FDRE_ZINI $auto$ff.cc:266:slice$18455.Q[0]
2961 FDRE_ZINI $auto$ff.cc:266:slice$18456.Q[0]
2962 FDRE_ZINI $auto$ff.cc:266:slice$18457.Q[0]
2963 FDRE_ZINI $auto$ff.cc:266:slice$18458.Q[0]
2964 FDRE_ZINI $auto$ff.cc:266:slice$18459.Q[0]
2965 FDRE_ZINI $auto$ff.cc:266:slice$18460.Q[0]
2966 FDRE_ZINI $auto$ff.cc:266:slice$18461.Q[0]
2967 FDRE_ZINI $auto$ff.cc:266:slice$18462.Q[0]
2968 FDRE_ZINI $auto$ff.cc:266:slice$18463.Q[0]
2969 FDRE_ZINI $auto$ff.cc:266:slice$18464.Q[0]
2970 FDRE_ZINI $auto$ff.cc:266:slice$18465.Q[0]
2971 FDRE_ZINI $auto$ff.cc:266:slice$18466.Q[0]
2972 FDRE_ZINI $auto$ff.cc:266:slice$18467.Q[0]
2973 FDRE_ZINI $auto$ff.cc:266:slice$18468.Q[0]
2974 FDRE_ZINI $auto$ff.cc:266:slice$18469.Q[0]
2975 FDRE_ZINI $auto$ff.cc:266:slice$18470.Q[0]
2976 FDRE_ZINI $auto$ff.cc:266:slice$18471.Q[0]
2977 FDRE_ZINI $auto$ff.cc:266:slice$18472.Q[0]
2978 FDRE_ZINI $auto$ff.cc:266:slice$18473.Q[0]
2979 FDRE_ZINI $auto$ff.cc:266:slice$18474.Q[0]
2980 FDRE_ZINI $auto$ff.cc:266:slice$18475.Q[0]
2981 FDRE_ZINI $auto$ff.cc:266:slice$18476.Q[0]
2982 FDRE_ZINI $auto$ff.cc:266:slice$18477.Q[0]
2983 FDRE_ZINI $auto$ff.cc:266:slice$18478.Q[0]
2984 FDRE_ZINI $auto$ff.cc:266:slice$18479.Q[0]
2985 FDRE_ZINI $auto$ff.cc:266:slice$18480.Q[0]
2986 FDRE_ZINI $auto$ff.cc:266:slice$18481.Q[0]
2987 FDRE_ZINI $auto$ff.cc:266:slice$18482.Q[0]
2988 FDRE_ZINI $auto$ff.cc:266:slice$18483.Q[0]
2989 FDRE_ZINI $auto$ff.cc:266:slice$18484.Q[0]
2990 FDRE_ZINI $auto$ff.cc:266:slice$18485.Q[0]
2991 FDRE_ZINI $auto$ff.cc:266:slice$18486.Q[0]
2992 FDRE_ZINI $auto$ff.cc:266:slice$18487.Q[0]
2993 FDRE_ZINI $auto$ff.cc:266:slice$18488.Q[0]
2994 FDRE_ZINI $auto$ff.cc:266:slice$18489.Q[0]
2995 FDRE_ZINI $auto$ff.cc:266:slice$18490.Q[0]
2996 FDRE_ZINI $auto$ff.cc:266:slice$18491.Q[0]
2997 FDRE_ZINI $auto$ff.cc:266:slice$18492.Q[0]
2998 FDRE_ZINI $auto$ff.cc:266:slice$18493.Q[0]
2999 FDRE_ZINI $auto$ff.cc:266:slice$18494.Q[0]
3000 FDRE_ZINI $auto$ff.cc:266:slice$18495.Q[0]
3001 FDRE_ZINI $auto$ff.cc:266:slice$18496.Q[0]
3002 FDRE_ZINI $auto$ff.cc:266:slice$18497.Q[0]
3003 FDRE_ZINI $auto$ff.cc:266:slice$18498.Q[0]
3004 FDRE_ZINI $auto$ff.cc:266:slice$18499.Q[0]
3005 FDRE_ZINI $auto$ff.cc:266:slice$18500.Q[0]
3006 FDRE_ZINI $auto$ff.cc:266:slice$18501.Q[0]
3007 FDRE_ZINI $auto$ff.cc:266:slice$18502.Q[0]
3008 FDRE_ZINI $auto$ff.cc:266:slice$18503.Q[0]
3009 FDRE_ZINI $auto$ff.cc:266:slice$18504.Q[0]
3010 FDRE_ZINI $auto$ff.cc:266:slice$18505.Q[0]
3011 FDRE_ZINI $auto$ff.cc:266:slice$18506.Q[0]
3012 FDRE_ZINI $auto$ff.cc:266:slice$18507.Q[0]
3013 FDRE_ZINI $auto$ff.cc:266:slice$18508.Q[0]
3014 FDRE_ZINI $auto$ff.cc:266:slice$18509.Q[0]
3015 FDRE_ZINI $auto$ff.cc:266:slice$18510.Q[0]
3016 FDRE_ZINI $auto$ff.cc:266:slice$18511.Q[0]
3017 FDRE_ZINI $auto$ff.cc:266:slice$18512.Q[0]
3018 FDRE_ZINI $auto$ff.cc:266:slice$18513.Q[0]
3019 FDRE_ZINI $auto$ff.cc:266:slice$18514.Q[0]
3020 FDRE_ZINI $auto$ff.cc:266:slice$18515.Q[0]
3021 FDRE_ZINI $auto$ff.cc:266:slice$18516.Q[0]
3022 FDRE_ZINI $auto$ff.cc:266:slice$18517.Q[0]
3023 FDRE_ZINI $auto$ff.cc:266:slice$18518.Q[0]
3024 FDRE_ZINI $auto$ff.cc:266:slice$18519.Q[0]
3025 FDRE_ZINI $auto$ff.cc:266:slice$18520.Q[0]
3026 FDRE_ZINI $auto$ff.cc:266:slice$18521.Q[0]
3027 FDRE_ZINI $auto$ff.cc:266:slice$18522.Q[0]
3028 FDRE_ZINI $auto$ff.cc:266:slice$18523.Q[0]
3029 FDRE_ZINI $auto$ff.cc:266:slice$18524.Q[0]
3030 FDRE_ZINI $auto$ff.cc:266:slice$18525.Q[0]
3031 FDRE_ZINI $auto$ff.cc:266:slice$18526.Q[0]
3032 FDRE_ZINI $auto$ff.cc:266:slice$18527.Q[0]
3033 FDRE_ZINI $auto$ff.cc:266:slice$18528.Q[0]
3034 FDRE_ZINI $auto$ff.cc:266:slice$18529.Q[0]
3035 FDRE_ZINI $auto$ff.cc:266:slice$18530.Q[0]
3036 FDRE_ZINI $auto$ff.cc:266:slice$18531.Q[0]
3037 FDRE_ZINI $auto$ff.cc:266:slice$18532.Q[0]
3038 FDRE_ZINI $auto$ff.cc:266:slice$18533.Q[0]
3039 FDRE_ZINI $auto$ff.cc:266:slice$18534.Q[0]
3040 FDRE_ZINI $auto$ff.cc:266:slice$18535.Q[0]
3041 FDRE_ZINI $auto$ff.cc:266:slice$18536.Q[0]
3042 FDRE_ZINI $auto$ff.cc:266:slice$18537.Q[0]
3043 FDRE_ZINI $auto$ff.cc:266:slice$18538.Q[0]
3044 FDRE_ZINI $auto$ff.cc:266:slice$18539.Q[0]
3045 FDRE_ZINI $auto$ff.cc:266:slice$18540.Q[0]
3046 FDRE_ZINI $auto$ff.cc:266:slice$18541.Q[0]
3047 FDRE_ZINI $auto$ff.cc:266:slice$18542.Q[0]
3048 FDRE_ZINI $auto$ff.cc:266:slice$18543.Q[0]
3049 FDRE_ZINI $auto$ff.cc:266:slice$18544.Q[0]
3050 FDRE_ZINI $auto$ff.cc:266:slice$18545.Q[0]
3051 FDRE_ZINI $auto$ff.cc:266:slice$18546.Q[0]
3052 FDRE_ZINI $auto$ff.cc:266:slice$18547.Q[0]
3053 FDRE_ZINI $auto$ff.cc:266:slice$18548.Q[0]
3054 FDRE_ZINI $auto$ff.cc:266:slice$18549.Q[0]
3055 FDRE_ZINI $auto$ff.cc:266:slice$18550.Q[0]
3056 FDRE_ZINI $auto$ff.cc:266:slice$18551.Q[0]
3057 FDRE_ZINI $auto$ff.cc:266:slice$18552.Q[0]
3058 FDRE_ZINI $auto$ff.cc:266:slice$18553.Q[0]
3059 FDRE_ZINI $auto$ff.cc:266:slice$18554.Q[0]
3060 FDRE_ZINI $auto$ff.cc:266:slice$18555.Q[0]
3061 FDRE_ZINI $auto$ff.cc:266:slice$18556.Q[0]
3062 FDRE_ZINI $auto$ff.cc:266:slice$18557.Q[0]
3063 FDRE_ZINI $auto$ff.cc:266:slice$18558.Q[0]
3064 FDRE_ZINI $auto$ff.cc:266:slice$18559.Q[0]
3065 FDRE_ZINI $auto$ff.cc:266:slice$18560.Q[0]
3066 FDRE_ZINI $auto$ff.cc:266:slice$18561.Q[0]
3067 FDRE_ZINI $auto$ff.cc:266:slice$18562.Q[0]
3068 FDRE_ZINI $auto$ff.cc:266:slice$18563.Q[0]
3069 FDRE_ZINI $auto$ff.cc:266:slice$18564.Q[0]
3070 FDRE_ZINI $auto$ff.cc:266:slice$18565.Q[0]
3071 FDRE_ZINI $auto$ff.cc:266:slice$18566.Q[0]
3072 FDRE_ZINI $auto$ff.cc:266:slice$18567.Q[0]
3073 FDRE_ZINI $auto$ff.cc:266:slice$18568.Q[0]
3074 FDRE_ZINI $auto$ff.cc:266:slice$18569.Q[0]
3075 FDRE_ZINI $auto$ff.cc:266:slice$18570.Q[0]
3076 FDRE_ZINI $auto$ff.cc:266:slice$18571.Q[0]
3077 FDRE_ZINI $auto$ff.cc:266:slice$18572.Q[0]
3078 FDRE_ZINI $auto$ff.cc:266:slice$18573.Q[0]
3079 FDRE_ZINI $auto$ff.cc:266:slice$18574.Q[0]
3080 FDRE_ZINI $auto$ff.cc:266:slice$18575.Q[0]
3081 FDRE_ZINI $auto$ff.cc:266:slice$18576.Q[0]
3082 FDRE_ZINI $auto$ff.cc:266:slice$18577.Q[0]
3083 FDRE_ZINI $auto$ff.cc:266:slice$18578.Q[0]
3084 FDRE_ZINI $auto$ff.cc:266:slice$18579.Q[0]
3085 FDRE_ZINI $auto$ff.cc:266:slice$18580.Q[0]
3086 FDRE_ZINI $auto$ff.cc:266:slice$18581.Q[0]
3087 FDRE_ZINI $auto$ff.cc:266:slice$18582.Q[0]
3088 FDRE_ZINI $auto$ff.cc:266:slice$18583.Q[0]
3089 FDRE_ZINI $auto$ff.cc:266:slice$18584.Q[0]
3090 FDRE_ZINI $auto$ff.cc:266:slice$18585.Q[0]
3091 FDRE_ZINI $auto$ff.cc:266:slice$18586.Q[0]
3092 FDRE_ZINI $auto$ff.cc:266:slice$18587.Q[0]
3093 FDRE_ZINI $auto$ff.cc:266:slice$18588.Q[0]
3094 FDRE_ZINI $auto$ff.cc:266:slice$18589.Q[0]
3095 FDRE_ZINI $auto$ff.cc:266:slice$18590.Q[0]
3096 FDRE_ZINI $auto$ff.cc:266:slice$18591.Q[0]
3097 FDRE_ZINI $auto$ff.cc:266:slice$18592.Q[0]
3098 FDRE_ZINI $auto$ff.cc:266:slice$18593.Q[0]
3099 FDRE_ZINI $auto$ff.cc:266:slice$18594.Q[0]
3100 FDRE_ZINI $auto$ff.cc:266:slice$18595.Q[0]
3101 FDRE_ZINI $auto$ff.cc:266:slice$18596.Q[0]
3102 FDRE_ZINI $auto$ff.cc:266:slice$18597.Q[0]
3103 FDRE_ZINI $auto$ff.cc:266:slice$18598.Q[0]
3104 FDRE_ZINI $auto$ff.cc:266:slice$18599.Q[0]
3105 FDRE_ZINI $auto$ff.cc:266:slice$18600.Q[0]
3106 FDRE_ZINI $auto$ff.cc:266:slice$18601.Q[0]
3107 FDRE_ZINI $auto$ff.cc:266:slice$18602.Q[0]
3108 FDRE_ZINI $auto$ff.cc:266:slice$18603.Q[0]
3109 FDRE_ZINI $auto$ff.cc:266:slice$18604.Q[0]
3110 FDRE_ZINI $auto$ff.cc:266:slice$18605.Q[0]
3111 FDRE_ZINI $auto$ff.cc:266:slice$18606.Q[0]
3112 FDRE_ZINI $auto$ff.cc:266:slice$18607.Q[0]
3113 FDRE_ZINI $auto$ff.cc:266:slice$18608.Q[0]
3114 FDRE_ZINI $auto$ff.cc:266:slice$18609.Q[0]
3115 FDRE_ZINI $auto$ff.cc:266:slice$18610.Q[0]
3116 FDRE_ZINI $auto$ff.cc:266:slice$18611.Q[0]
3117 FDRE_ZINI $auto$ff.cc:266:slice$18612.Q[0]
3118 FDRE_ZINI $auto$ff.cc:266:slice$18613.Q[0]
3119 FDRE_ZINI $auto$ff.cc:266:slice$18614.Q[0]
3120 FDRE_ZINI $auto$ff.cc:266:slice$18615.Q[0]
3121 FDRE_ZINI $auto$ff.cc:266:slice$18616.Q[0]
3122 FDRE_ZINI $auto$ff.cc:266:slice$18617.Q[0]
3123 FDRE_ZINI $auto$ff.cc:266:slice$18618.Q[0]
3124 FDRE_ZINI $auto$ff.cc:266:slice$18619.Q[0]
3125 FDRE_ZINI $auto$ff.cc:266:slice$18620.Q[0]
3126 FDRE_ZINI $auto$ff.cc:266:slice$18621.Q[0]
3127 FDRE_ZINI $auto$ff.cc:266:slice$18622.Q[0]
3128 FDRE_ZINI $auto$ff.cc:266:slice$18623.Q[0]
3129 FDRE_ZINI $auto$ff.cc:266:slice$18624.Q[0]
3130 FDRE_ZINI $auto$ff.cc:266:slice$18625.Q[0]
3131 FDRE_ZINI $auto$ff.cc:266:slice$18626.Q[0]
3132 FDRE_ZINI $auto$ff.cc:266:slice$18627.Q[0]
3133 FDRE_ZINI $auto$ff.cc:266:slice$18628.Q[0]
3134 FDRE_ZINI $auto$ff.cc:266:slice$18629.Q[0]
3135 FDRE_ZINI $auto$ff.cc:266:slice$18630.Q[0]
3136 FDRE_ZINI $auto$ff.cc:266:slice$18631.Q[0]
3137 FDRE_ZINI $auto$ff.cc:266:slice$18632.Q[0]
3138 FDRE_ZINI $auto$ff.cc:266:slice$18633.Q[0]
3139 FDRE_ZINI $auto$ff.cc:266:slice$18634.Q[0]
3140 FDRE_ZINI $auto$ff.cc:266:slice$18635.Q[0]
3141 FDRE_ZINI $auto$ff.cc:266:slice$18636.Q[0]
3142 FDRE_ZINI $auto$ff.cc:266:slice$18637.Q[0]
3143 FDRE_ZINI $auto$ff.cc:266:slice$18638.Q[0]
3144 FDRE_ZINI $auto$ff.cc:266:slice$18639.Q[0]
3145 FDRE_ZINI $auto$ff.cc:266:slice$18640.Q[0]
3146 FDRE_ZINI $auto$ff.cc:266:slice$18641.Q[0]
3147 FDRE_ZINI $auto$ff.cc:266:slice$18642.Q[0]
3148 FDRE_ZINI $auto$ff.cc:266:slice$18643.Q[0]
3149 FDRE_ZINI $auto$ff.cc:266:slice$18644.Q[0]
3150 FDRE_ZINI $auto$ff.cc:266:slice$18645.Q[0]
3151 FDRE_ZINI $auto$ff.cc:266:slice$18646.Q[0]
3152 FDRE_ZINI $auto$ff.cc:266:slice$18647.Q[0]
3153 FDRE_ZINI $auto$ff.cc:266:slice$18648.Q[0]
3154 FDRE_ZINI $auto$ff.cc:266:slice$18649.Q[0]
3155 FDRE_ZINI $auto$ff.cc:266:slice$18650.Q[0]
3156 FDRE_ZINI $auto$ff.cc:266:slice$18651.Q[0]
3157 FDRE_ZINI $auto$ff.cc:266:slice$18652.Q[0]
3158 FDRE_ZINI $auto$ff.cc:266:slice$18653.Q[0]
3159 FDRE_ZINI $auto$ff.cc:266:slice$18654.Q[0]
3160 FDRE_ZINI $auto$ff.cc:266:slice$18655.Q[0]
3161 FDRE_ZINI $auto$ff.cc:266:slice$18656.Q[0]
3162 FDRE_ZINI $auto$ff.cc:266:slice$18657.Q[0]
3163 FDRE_ZINI $auto$ff.cc:266:slice$18658.Q[0]
3164 FDRE_ZINI $auto$ff.cc:266:slice$18659.Q[0]
3165 FDRE_ZINI $auto$ff.cc:266:slice$18660.Q[0]
3166 FDRE_ZINI $auto$ff.cc:266:slice$18661.Q[0]
3167 FDRE_ZINI $auto$ff.cc:266:slice$18662.Q[0]
3168 FDRE_ZINI $auto$ff.cc:266:slice$18663.Q[0]
3169 FDRE_ZINI $auto$ff.cc:266:slice$18664.Q[0]
3170 FDRE_ZINI $auto$ff.cc:266:slice$18665.Q[0]
3171 FDRE_ZINI $auto$ff.cc:266:slice$18666.Q[0]
3172 FDRE_ZINI $auto$ff.cc:266:slice$18667.Q[0]
3173 FDRE_ZINI $auto$ff.cc:266:slice$18668.Q[0]
3174 FDRE_ZINI $auto$ff.cc:266:slice$18669.Q[0]
3175 FDRE_ZINI $auto$ff.cc:266:slice$18670.Q[0]
3176 FDRE_ZINI $auto$ff.cc:266:slice$18671.Q[0]
3177 FDRE_ZINI $auto$ff.cc:266:slice$18672.Q[0]
3178 FDRE_ZINI $auto$ff.cc:266:slice$18673.Q[0]
3179 FDRE_ZINI $auto$ff.cc:266:slice$18674.Q[0]
3180 FDRE_ZINI $auto$ff.cc:266:slice$18675.Q[0]
3181 FDRE_ZINI $auto$ff.cc:266:slice$18676.Q[0]
3182 FDRE_ZINI $auto$ff.cc:266:slice$18677.Q[0]
3183 FDRE_ZINI $auto$ff.cc:266:slice$18678.Q[0]
3184 FDRE_ZINI $auto$ff.cc:266:slice$18679.Q[0]
3185 FDRE_ZINI $auto$ff.cc:266:slice$18680.Q[0]
3186 FDRE_ZINI $auto$ff.cc:266:slice$18681.Q[0]
3187 FDRE_ZINI $auto$ff.cc:266:slice$18682.Q[0]
3188 FDRE_ZINI $auto$ff.cc:266:slice$18683.Q[0]
3189 FDRE_ZINI $auto$ff.cc:266:slice$18684.Q[0]
3190 FDRE_ZINI $auto$ff.cc:266:slice$18685.Q[0]
3191 FDRE_ZINI $auto$ff.cc:266:slice$18686.Q[0]
3192 FDRE_ZINI $auto$ff.cc:266:slice$18687.Q[0]
3193 FDRE_ZINI $auto$ff.cc:266:slice$18688.Q[0]
3194 FDRE_ZINI $auto$ff.cc:266:slice$18689.Q[0]
3195 FDRE_ZINI $auto$ff.cc:266:slice$18690.Q[0]
3196 FDRE_ZINI $auto$ff.cc:266:slice$18691.Q[0]
3197 FDRE_ZINI $auto$ff.cc:266:slice$18692.Q[0]
3198 FDRE_ZINI $auto$ff.cc:266:slice$18693.Q[0]
3199 FDRE_ZINI $auto$ff.cc:266:slice$18694.Q[0]
3200 FDRE_ZINI $auto$ff.cc:266:slice$18695.Q[0]
3201 FDRE_ZINI $auto$ff.cc:266:slice$18696.Q[0]
3202 FDRE_ZINI $auto$ff.cc:266:slice$18697.Q[0]
3203 FDRE_ZINI $auto$ff.cc:266:slice$18698.Q[0]
3204 FDRE_ZINI $auto$ff.cc:266:slice$18699.Q[0]
3205 FDRE_ZINI $auto$ff.cc:266:slice$18700.Q[0]
3206 FDRE_ZINI $auto$ff.cc:266:slice$18701.Q[0]
3207 FDRE_ZINI $auto$ff.cc:266:slice$18702.Q[0]
3208 FDRE_ZINI $auto$ff.cc:266:slice$18703.Q[0]
3209 FDRE_ZINI $auto$ff.cc:266:slice$18704.Q[0]
3210 FDRE_ZINI $auto$ff.cc:266:slice$18705.Q[0]
3211 FDRE_ZINI $auto$ff.cc:266:slice$18706.Q[0]
3212 FDRE_ZINI $auto$ff.cc:266:slice$18707.Q[0]
3213 FDRE_ZINI $auto$ff.cc:266:slice$18708.Q[0]
3214 FDRE_ZINI $auto$ff.cc:266:slice$18709.Q[0]
3215 FDRE_ZINI $auto$ff.cc:266:slice$18710.Q[0]
3216 FDRE_ZINI $auto$ff.cc:266:slice$18711.Q[0]
3217 FDRE_ZINI $auto$ff.cc:266:slice$18712.Q[0]
3218 FDRE_ZINI $auto$ff.cc:266:slice$18713.Q[0]
3219 FDRE_ZINI $auto$ff.cc:266:slice$18714.Q[0]
3220 FDRE_ZINI $auto$ff.cc:266:slice$18715.Q[0]
3221 FDRE_ZINI $auto$ff.cc:266:slice$18716.Q[0]
3222 FDRE_ZINI $auto$ff.cc:266:slice$18717.Q[0]
3223 FDRE_ZINI $auto$ff.cc:266:slice$18718.Q[0]
3224 FDRE_ZINI $auto$ff.cc:266:slice$18719.Q[0]
3225 FDRE_ZINI $auto$ff.cc:266:slice$18720.Q[0]
3226 FDRE_ZINI $auto$ff.cc:266:slice$18721.Q[0]
3227 FDRE_ZINI $auto$ff.cc:266:slice$18722.Q[0]
3228 FDRE_ZINI $auto$ff.cc:266:slice$18723.Q[0]
3229 FDRE_ZINI $auto$ff.cc:266:slice$18724.Q[0]
3230 FDRE_ZINI $auto$ff.cc:266:slice$18725.Q[0]
3231 FDRE_ZINI $auto$ff.cc:266:slice$18726.Q[0]
3232 FDRE_ZINI $auto$ff.cc:266:slice$18727.Q[0]
3233 FDRE_ZINI $auto$ff.cc:266:slice$18728.Q[0]
3234 FDRE_ZINI $auto$ff.cc:266:slice$18729.Q[0]
3235 FDRE_ZINI $auto$ff.cc:266:slice$18730.Q[0]
3236 FDRE_ZINI $auto$ff.cc:266:slice$18731.Q[0]
3237 FDRE_ZINI $auto$ff.cc:266:slice$18732.Q[0]
3238 FDRE_ZINI $auto$ff.cc:266:slice$18733.Q[0]
3239 FDRE_ZINI $auto$ff.cc:266:slice$18734.Q[0]
3240 FDRE_ZINI $auto$ff.cc:266:slice$18735.Q[0]
3241 FDRE_ZINI $auto$ff.cc:266:slice$18736.Q[0]
3242 FDRE_ZINI $auto$ff.cc:266:slice$18737.Q[0]
3243 FDRE_ZINI $auto$ff.cc:266:slice$18738.Q[0]
3244 FDRE_ZINI $auto$ff.cc:266:slice$18739.Q[0]
3245 FDRE_ZINI $auto$ff.cc:266:slice$18740.Q[0]
3246 FDRE_ZINI $auto$ff.cc:266:slice$18741.Q[0]
3247 FDRE_ZINI $auto$ff.cc:266:slice$18742.Q[0]
3248 FDRE_ZINI $auto$ff.cc:266:slice$18743.Q[0]
3249 FDRE_ZINI $auto$ff.cc:266:slice$18744.Q[0]
3250 FDRE_ZINI $auto$ff.cc:266:slice$18745.Q[0]
3251 FDRE_ZINI $auto$ff.cc:266:slice$18746.Q[0]
3252 FDRE_ZINI $auto$ff.cc:266:slice$18747.Q[0]
3253 FDRE_ZINI $auto$ff.cc:266:slice$18748.Q[0]
3254 FDRE_ZINI $auto$ff.cc:266:slice$18749.Q[0]
3255 FDRE_ZINI $auto$ff.cc:266:slice$18750.Q[0]
3256 FDRE_ZINI $auto$ff.cc:266:slice$18751.Q[0]
3257 FDRE_ZINI $auto$ff.cc:266:slice$18752.Q[0]
3258 FDRE_ZINI $auto$ff.cc:266:slice$18753.Q[0]
3259 FDRE_ZINI $auto$ff.cc:266:slice$18754.Q[0]
3260 FDRE_ZINI $auto$ff.cc:266:slice$18755.Q[0]
3261 FDRE_ZINI $auto$ff.cc:266:slice$18756.Q[0]
3262 FDRE_ZINI $auto$ff.cc:266:slice$18757.Q[0]
3263 FDRE_ZINI $auto$ff.cc:266:slice$18758.Q[0]
3264 FDRE_ZINI $auto$ff.cc:266:slice$18759.Q[0]
3265 FDRE_ZINI $auto$ff.cc:266:slice$18760.Q[0]
3266 FDRE_ZINI $auto$ff.cc:266:slice$18761.Q[0]
3267 FDRE_ZINI $auto$ff.cc:266:slice$18762.Q[0]
3268 FDRE_ZINI $auto$ff.cc:266:slice$18763.Q[0]
3269 FDRE_ZINI $auto$ff.cc:266:slice$18764.Q[0]
3270 FDRE_ZINI $auto$ff.cc:266:slice$18765.Q[0]
3271 FDRE_ZINI $auto$ff.cc:266:slice$18766.Q[0]
3272 FDRE_ZINI $auto$ff.cc:266:slice$18767.Q[0]
3273 FDRE_ZINI $auto$ff.cc:266:slice$18768.Q[0]
3274 FDRE_ZINI $auto$ff.cc:266:slice$18769.Q[0]
3275 FDRE_ZINI $auto$ff.cc:266:slice$18770.Q[0]
3276 FDRE_ZINI $auto$ff.cc:266:slice$18771.Q[0]
3277 FDRE_ZINI $auto$ff.cc:266:slice$18772.Q[0]
3278 FDRE_ZINI $auto$ff.cc:266:slice$18773.Q[0]
3279 FDRE_ZINI $auto$ff.cc:266:slice$18774.Q[0]
3280 FDRE_ZINI $auto$ff.cc:266:slice$18775.Q[0]
3281 FDRE_ZINI $auto$ff.cc:266:slice$18776.Q[0]
3282 FDRE_ZINI $auto$ff.cc:266:slice$18777.Q[0]
3283 FDRE_ZINI $auto$ff.cc:266:slice$18778.Q[0]
3284 FDRE_ZINI $auto$ff.cc:266:slice$18779.Q[0]
3285 FDRE_ZINI $auto$ff.cc:266:slice$18780.Q[0]
3286 FDRE_ZINI $auto$ff.cc:266:slice$18781.Q[0]
3287 FDRE_ZINI $auto$ff.cc:266:slice$18782.Q[0]
3288 FDRE_ZINI $auto$ff.cc:266:slice$18783.Q[0]
3289 FDRE_ZINI $auto$ff.cc:266:slice$18784.Q[0]
3290 FDRE_ZINI $auto$ff.cc:266:slice$18785.Q[0]
3291 FDRE_ZINI $auto$ff.cc:266:slice$18786.Q[0]
3292 FDRE_ZINI $auto$ff.cc:266:slice$18787.Q[0]
3293 FDRE_ZINI $auto$ff.cc:266:slice$18788.Q[0]
3294 FDRE_ZINI $auto$ff.cc:266:slice$18789.Q[0]
3295 FDRE_ZINI $auto$ff.cc:266:slice$18790.Q[0]
3296 FDRE_ZINI $auto$ff.cc:266:slice$18791.Q[0]
3297 FDRE_ZINI $auto$ff.cc:266:slice$18792.Q[0]
3298 FDRE_ZINI $auto$ff.cc:266:slice$18793.Q[0]
3299 FDRE_ZINI $auto$ff.cc:266:slice$18794.Q[0]
3300 FDRE_ZINI $auto$ff.cc:266:slice$18795.Q[0]
3301 FDRE_ZINI $auto$ff.cc:266:slice$18796.Q[0]
3302 FDRE_ZINI $auto$ff.cc:266:slice$18797.Q[0]
3303 FDRE_ZINI $auto$ff.cc:266:slice$18798.Q[0]
3304 FDRE_ZINI $auto$ff.cc:266:slice$18799.Q[0]
3305 FDRE_ZINI $auto$ff.cc:266:slice$18800.Q[0]
3306 FDRE_ZINI $auto$ff.cc:266:slice$18801.Q[0]
3307 FDRE_ZINI $auto$ff.cc:266:slice$18802.Q[0]
3308 FDRE_ZINI $auto$ff.cc:266:slice$18803.Q[0]
3309 FDRE_ZINI $auto$ff.cc:266:slice$18804.Q[0]
3310 FDRE_ZINI $auto$ff.cc:266:slice$18805.Q[0]
3311 FDRE_ZINI $auto$ff.cc:266:slice$18806.Q[0]
3312 FDRE_ZINI $auto$ff.cc:266:slice$18807.Q[0]
3313 FDRE_ZINI $auto$ff.cc:266:slice$18808.Q[0]
3314 FDRE_ZINI $auto$ff.cc:266:slice$18809.Q[0]
3315 FDRE_ZINI $auto$ff.cc:266:slice$18810.Q[0]
3316 FDRE_ZINI $auto$ff.cc:266:slice$18811.Q[0]
3317 FDRE_ZINI $auto$ff.cc:266:slice$18812.Q[0]
3318 FDRE_ZINI $auto$ff.cc:266:slice$18813.Q[0]
3319 FDRE_ZINI $auto$ff.cc:266:slice$18814.Q[0]
3320 FDRE_ZINI $auto$ff.cc:266:slice$18815.Q[0]
3321 FDRE_ZINI $auto$ff.cc:266:slice$18816.Q[0]
3322 FDRE_ZINI $auto$ff.cc:266:slice$18817.Q[0]
3323 FDRE_ZINI $auto$ff.cc:266:slice$18818.Q[0]
3324 FDRE_ZINI $auto$ff.cc:266:slice$18819.Q[0]
3325 FDRE_ZINI $auto$ff.cc:266:slice$18820.Q[0]
3326 FDRE_ZINI $auto$ff.cc:266:slice$18821.Q[0]
3327 FDRE_ZINI $auto$ff.cc:266:slice$18822.Q[0]
3328 FDRE_ZINI $auto$ff.cc:266:slice$18823.Q[0]
3329 FDRE_ZINI $auto$ff.cc:266:slice$18824.Q[0]
3330 FDRE_ZINI $auto$ff.cc:266:slice$18825.Q[0]
3331 FDRE_ZINI $auto$ff.cc:266:slice$18826.Q[0]
3332 FDRE_ZINI $auto$ff.cc:266:slice$18827.Q[0]
3333 FDRE_ZINI $auto$ff.cc:266:slice$18828.Q[0]
3334 FDRE_ZINI $auto$ff.cc:266:slice$18829.Q[0]
3335 FDRE_ZINI $auto$ff.cc:266:slice$18830.Q[0]
3336 FDRE_ZINI $auto$ff.cc:266:slice$18831.Q[0]
3337 FDRE_ZINI $auto$ff.cc:266:slice$18832.Q[0]
3338 FDRE_ZINI $auto$ff.cc:266:slice$18833.Q[0]
3339 FDRE_ZINI $auto$ff.cc:266:slice$18834.Q[0]
3340 FDRE_ZINI $auto$ff.cc:266:slice$18835.Q[0]
3341 FDRE_ZINI $auto$ff.cc:266:slice$18836.Q[0]
3342 FDRE_ZINI $auto$ff.cc:266:slice$18837.Q[0]
3343 FDRE_ZINI $auto$ff.cc:266:slice$18838.Q[0]
3344 FDRE_ZINI $auto$ff.cc:266:slice$18839.Q[0]
3345 FDRE_ZINI $auto$ff.cc:266:slice$18840.Q[0]
3346 FDRE_ZINI $auto$ff.cc:266:slice$18841.Q[0]
3347 FDRE_ZINI $auto$ff.cc:266:slice$18842.Q[0]
3348 FDRE_ZINI $auto$ff.cc:266:slice$18843.Q[0]
3349 FDRE_ZINI $auto$ff.cc:266:slice$18844.Q[0]
3350 FDRE_ZINI $auto$ff.cc:266:slice$18845.Q[0]
3351 FDRE_ZINI $auto$ff.cc:266:slice$18846.Q[0]
3352 FDRE_ZINI $auto$ff.cc:266:slice$18847.Q[0]
3353 FDRE_ZINI $auto$ff.cc:266:slice$18848.Q[0]
3354 FDRE_ZINI $auto$ff.cc:266:slice$18849.Q[0]
3355 FDRE_ZINI $auto$ff.cc:266:slice$18850.Q[0]
3356 FDRE_ZINI $auto$ff.cc:266:slice$18851.Q[0]
3357 FDRE_ZINI $auto$ff.cc:266:slice$18852.Q[0]
3358 FDRE_ZINI $auto$ff.cc:266:slice$18853.Q[0]
3359 FDRE_ZINI $auto$ff.cc:266:slice$18854.Q[0]
3360 FDRE_ZINI $auto$ff.cc:266:slice$18855.Q[0]
3361 FDRE_ZINI $auto$ff.cc:266:slice$18856.Q[0]
3362 FDRE_ZINI $auto$ff.cc:266:slice$18857.Q[0]
3363 FDRE_ZINI $auto$ff.cc:266:slice$18858.Q[0]
3364 FDRE_ZINI $auto$ff.cc:266:slice$18859.Q[0]
3365 FDRE_ZINI $auto$ff.cc:266:slice$18860.Q[0]
3366 FDRE_ZINI $auto$ff.cc:266:slice$18861.Q[0]
3367 FDRE_ZINI $auto$ff.cc:266:slice$18862.Q[0]
3368 FDRE_ZINI $auto$ff.cc:266:slice$18863.Q[0]
3369 FDRE_ZINI $auto$ff.cc:266:slice$18864.Q[0]
3370 FDRE_ZINI $auto$ff.cc:266:slice$18865.Q[0]
3371 FDRE_ZINI $auto$ff.cc:266:slice$18866.Q[0]
3372 FDRE_ZINI $auto$ff.cc:266:slice$18867.Q[0]
3373 FDRE_ZINI $auto$ff.cc:266:slice$18868.Q[0]
3374 FDRE_ZINI $auto$ff.cc:266:slice$18869.Q[0]
3375 FDRE_ZINI $auto$ff.cc:266:slice$18870.Q[0]
3376 FDRE_ZINI $auto$ff.cc:266:slice$18871.Q[0]
3377 FDRE_ZINI $auto$ff.cc:266:slice$18872.Q[0]
3378 FDRE_ZINI $auto$ff.cc:266:slice$18873.Q[0]
3379 FDRE_ZINI $auto$ff.cc:266:slice$18874.Q[0]
3380 FDRE_ZINI $auto$ff.cc:266:slice$18875.Q[0]
3381 FDRE_ZINI $auto$ff.cc:266:slice$18876.Q[0]
3382 FDRE_ZINI $auto$ff.cc:266:slice$18877.Q[0]
3383 FDRE_ZINI $auto$ff.cc:266:slice$18878.Q[0]
3384 FDRE_ZINI $auto$ff.cc:266:slice$18879.Q[0]
3385 FDRE_ZINI $auto$ff.cc:266:slice$18880.Q[0]
3386 FDRE_ZINI $auto$ff.cc:266:slice$18881.Q[0]
3387 FDRE_ZINI $auto$ff.cc:266:slice$18882.Q[0]
3388 FDRE_ZINI $auto$ff.cc:266:slice$18883.Q[0]
3389 FDRE_ZINI $auto$ff.cc:266:slice$18884.Q[0]
3390 FDRE_ZINI $auto$ff.cc:266:slice$18885.Q[0]
3391 FDRE_ZINI $auto$ff.cc:266:slice$18886.Q[0]
3392 FDRE_ZINI $auto$ff.cc:266:slice$18887.Q[0]
3393 FDRE_ZINI $auto$ff.cc:266:slice$18888.Q[0]
3394 FDRE_ZINI $auto$ff.cc:266:slice$18889.Q[0]
3395 FDRE_ZINI $auto$ff.cc:266:slice$18890.Q[0]
3396 FDRE_ZINI $auto$ff.cc:266:slice$18891.Q[0]
3397 FDRE_ZINI $auto$ff.cc:266:slice$18892.Q[0]
3398 FDRE_ZINI $auto$ff.cc:266:slice$18893.Q[0]
3399 FDRE_ZINI $auto$ff.cc:266:slice$18894.Q[0]
3400 FDRE_ZINI $auto$ff.cc:266:slice$18895.Q[0]
3401 FDRE_ZINI $auto$ff.cc:266:slice$18896.Q[0]
3402 FDRE_ZINI $auto$ff.cc:266:slice$18897.Q[0]
3403 FDRE_ZINI $auto$ff.cc:266:slice$18898.Q[0]
3404 FDRE_ZINI $auto$ff.cc:266:slice$18899.Q[0]
3405 FDRE_ZINI $auto$ff.cc:266:slice$18900.Q[0]
3406 FDRE_ZINI $auto$ff.cc:266:slice$18901.Q[0]
3407 FDRE_ZINI $auto$ff.cc:266:slice$18902.Q[0]
3408 FDRE_ZINI $auto$ff.cc:266:slice$18903.Q[0]
3409 FDRE_ZINI $auto$ff.cc:266:slice$18904.Q[0]
3410 FDRE_ZINI $auto$ff.cc:266:slice$18905.Q[0]
3411 FDRE_ZINI $auto$ff.cc:266:slice$18906.Q[0]
3412 FDRE_ZINI $auto$ff.cc:266:slice$18907.Q[0]
3413 FDRE_ZINI $auto$ff.cc:266:slice$18908.Q[0]
3414 FDRE_ZINI $auto$ff.cc:266:slice$18909.Q[0]
3415 FDRE_ZINI $auto$ff.cc:266:slice$18910.Q[0]
3416 FDRE_ZINI $auto$ff.cc:266:slice$18911.Q[0]
3417 FDRE_ZINI $auto$ff.cc:266:slice$18912.Q[0]
3418 FDRE_ZINI $auto$ff.cc:266:slice$18913.Q[0]
3419 FDRE_ZINI $auto$ff.cc:266:slice$18914.Q[0]
3420 FDRE_ZINI $auto$ff.cc:266:slice$18915.Q[0]
3421 FDRE_ZINI $auto$ff.cc:266:slice$18916.Q[0]
3422 FDRE_ZINI $auto$ff.cc:266:slice$18917.Q[0]
3423 FDRE_ZINI $auto$ff.cc:266:slice$18918.Q[0]
3424 FDRE_ZINI $auto$ff.cc:266:slice$18919.Q[0]
3425 FDRE_ZINI $auto$ff.cc:266:slice$18920.Q[0]
3426 FDRE_ZINI $auto$ff.cc:266:slice$18921.Q[0]
3427 FDRE_ZINI $auto$ff.cc:266:slice$18922.Q[0]
3428 FDRE_ZINI $auto$ff.cc:266:slice$18923.Q[0]
3429 FDRE_ZINI $auto$ff.cc:266:slice$18924.Q[0]
3430 FDRE_ZINI $auto$ff.cc:266:slice$18925.Q[0]
3431 FDRE_ZINI $auto$ff.cc:266:slice$18926.Q[0]
3432 FDRE_ZINI $auto$ff.cc:266:slice$18927.Q[0]
3433 FDRE_ZINI $auto$ff.cc:266:slice$18928.Q[0]
3434 FDRE_ZINI $auto$ff.cc:266:slice$18929.Q[0]
3435 FDRE_ZINI $auto$ff.cc:266:slice$18930.Q[0]
3436 FDRE_ZINI $auto$ff.cc:266:slice$18931.Q[0]
3437 FDRE_ZINI $auto$ff.cc:266:slice$18932.Q[0]
3438 FDRE_ZINI $auto$ff.cc:266:slice$18933.Q[0]
3439 FDRE_ZINI $auto$ff.cc:266:slice$18934.Q[0]
3440 FDRE_ZINI $auto$ff.cc:266:slice$18935.Q[0]
3441 FDRE_ZINI $auto$ff.cc:266:slice$18936.Q[0]
3442 FDRE_ZINI $auto$ff.cc:266:slice$18937.Q[0]
3443 FDRE_ZINI $auto$ff.cc:266:slice$18938.Q[0]
3444 FDRE_ZINI $auto$ff.cc:266:slice$18939.Q[0]
3445 FDRE_ZINI $auto$ff.cc:266:slice$18940.Q[0]
3446 FDRE_ZINI $auto$ff.cc:266:slice$18941.Q[0]
3447 FDRE_ZINI $auto$ff.cc:266:slice$18942.Q[0]
3448 FDRE_ZINI $auto$ff.cc:266:slice$18943.Q[0]
3449 FDRE_ZINI $auto$ff.cc:266:slice$18944.Q[0]
3450 FDRE_ZINI $auto$ff.cc:266:slice$18945.Q[0]
3451 FDRE_ZINI $auto$ff.cc:266:slice$18946.Q[0]
3452 FDRE_ZINI $auto$ff.cc:266:slice$18947.Q[0]
3453 FDRE_ZINI $auto$ff.cc:266:slice$18948.Q[0]
3454 FDRE_ZINI $auto$ff.cc:266:slice$18949.Q[0]
3455 FDRE_ZINI $auto$ff.cc:266:slice$18950.Q[0]
3456 FDRE_ZINI $auto$ff.cc:266:slice$18951.Q[0]
3457 FDRE_ZINI $auto$ff.cc:266:slice$18952.Q[0]
3458 FDRE_ZINI $auto$ff.cc:266:slice$18953.Q[0]
3459 FDRE_ZINI $auto$ff.cc:266:slice$18954.Q[0]
3460 FDRE_ZINI $auto$ff.cc:266:slice$18955.Q[0]
3461 FDRE_ZINI $auto$ff.cc:266:slice$18956.Q[0]
3462 FDRE_ZINI $auto$ff.cc:266:slice$18957.Q[0]
3463 FDRE_ZINI $auto$ff.cc:266:slice$18958.Q[0]
3464 FDRE_ZINI $auto$ff.cc:266:slice$18959.Q[0]
3465 FDRE_ZINI $auto$ff.cc:266:slice$18960.Q[0]
3466 FDRE_ZINI $auto$ff.cc:266:slice$18961.Q[0]
3467 FDRE_ZINI $auto$ff.cc:266:slice$18962.Q[0]
3468 FDRE_ZINI $auto$ff.cc:266:slice$18963.Q[0]
3469 FDRE_ZINI $auto$ff.cc:266:slice$18964.Q[0]
3470 FDRE_ZINI $auto$ff.cc:266:slice$18965.Q[0]
3471 FDRE_ZINI $auto$ff.cc:266:slice$18966.Q[0]
3472 FDRE_ZINI $auto$ff.cc:266:slice$18967.Q[0]
3473 FDRE_ZINI $auto$ff.cc:266:slice$18968.Q[0]
3474 FDRE_ZINI $auto$ff.cc:266:slice$18969.Q[0]
3475 FDRE_ZINI $auto$ff.cc:266:slice$18970.Q[0]
3476 FDRE_ZINI $auto$ff.cc:266:slice$18971.Q[0]
3477 FDRE_ZINI $auto$ff.cc:266:slice$18972.Q[0]
3478 FDRE_ZINI $auto$ff.cc:266:slice$18973.Q[0]
3479 FDRE_ZINI $auto$ff.cc:266:slice$18974.Q[0]
3480 FDRE_ZINI $auto$ff.cc:266:slice$18975.Q[0]
3481 FDRE_ZINI $auto$ff.cc:266:slice$18976.Q[0]
3482 FDRE_ZINI $auto$ff.cc:266:slice$18977.Q[0]
3483 FDRE_ZINI $auto$ff.cc:266:slice$18978.Q[0]
3484 FDRE_ZINI $auto$ff.cc:266:slice$18979.Q[0]
3485 FDRE_ZINI $auto$ff.cc:266:slice$18980.Q[0]
3486 FDRE_ZINI $auto$ff.cc:266:slice$18981.Q[0]
3487 FDRE_ZINI $auto$ff.cc:266:slice$18982.Q[0]
3488 FDRE_ZINI $auto$ff.cc:266:slice$18983.Q[0]
3489 FDRE_ZINI $auto$ff.cc:266:slice$18984.Q[0]
3490 FDRE_ZINI $auto$ff.cc:266:slice$18985.Q[0]
3491 FDRE_ZINI $auto$ff.cc:266:slice$18986.Q[0]
3492 FDRE_ZINI $auto$ff.cc:266:slice$18987.Q[0]
3493 FDRE_ZINI $auto$ff.cc:266:slice$18988.Q[0]
3494 FDRE_ZINI $auto$ff.cc:266:slice$18989.Q[0]
3495 FDRE_ZINI $auto$ff.cc:266:slice$18990.Q[0]
3496 FDRE_ZINI $auto$ff.cc:266:slice$18991.Q[0]
3497 FDRE_ZINI $auto$ff.cc:266:slice$18992.Q[0]
3498 FDRE_ZINI $auto$ff.cc:266:slice$18993.Q[0]
3499 FDRE_ZINI $auto$ff.cc:266:slice$18994.Q[0]
3500 FDRE_ZINI $auto$ff.cc:266:slice$18995.Q[0]
3501 FDRE_ZINI $auto$ff.cc:266:slice$18996.Q[0]
3502 FDRE_ZINI $auto$ff.cc:266:slice$18997.Q[0]
3503 FDRE_ZINI $auto$ff.cc:266:slice$18998.Q[0]
3504 FDRE_ZINI $auto$ff.cc:266:slice$18999.Q[0]
3505 FDRE_ZINI $auto$ff.cc:266:slice$19000.Q[0]
3506 FDRE_ZINI $auto$ff.cc:266:slice$19001.Q[0]
3507 FDRE_ZINI $auto$ff.cc:266:slice$19002.Q[0]
3508 FDRE_ZINI $auto$ff.cc:266:slice$19003.Q[0]
3509 FDRE_ZINI $auto$ff.cc:266:slice$19004.Q[0]
3510 FDRE_ZINI $auto$ff.cc:266:slice$19005.Q[0]
3511 FDRE_ZINI $auto$ff.cc:266:slice$19006.Q[0]
3512 FDRE_ZINI $auto$ff.cc:266:slice$19007.Q[0]
3513 FDRE_ZINI $auto$ff.cc:266:slice$19008.Q[0]
3514 FDRE_ZINI $auto$ff.cc:266:slice$19009.Q[0]
3515 FDRE_ZINI $auto$ff.cc:266:slice$19010.Q[0]
3516 FDRE_ZINI $auto$ff.cc:266:slice$19011.Q[0]
3517 FDRE_ZINI $auto$ff.cc:266:slice$19012.Q[0]
3518 FDRE_ZINI $auto$ff.cc:266:slice$19013.Q[0]
3519 FDRE_ZINI $auto$ff.cc:266:slice$19014.Q[0]
3520 FDRE_ZINI $auto$ff.cc:266:slice$19015.Q[0]
3521 FDRE_ZINI $auto$ff.cc:266:slice$19016.Q[0]
3522 FDRE_ZINI $auto$ff.cc:266:slice$19017.Q[0]
3523 FDRE_ZINI $auto$ff.cc:266:slice$19018.Q[0]
3524 FDRE_ZINI $auto$ff.cc:266:slice$19019.Q[0]
3525 FDRE_ZINI $auto$ff.cc:266:slice$19020.Q[0]
3526 FDRE_ZINI $auto$ff.cc:266:slice$19021.Q[0]
3527 FDRE_ZINI $auto$ff.cc:266:slice$19022.Q[0]
3528 FDRE_ZINI $auto$ff.cc:266:slice$19023.Q[0]
3529 FDRE_ZINI $auto$ff.cc:266:slice$19024.Q[0]
3530 FDRE_ZINI $auto$ff.cc:266:slice$19025.Q[0]
3531 FDRE_ZINI $auto$ff.cc:266:slice$19026.Q[0]
3532 FDRE_ZINI $auto$ff.cc:266:slice$19027.Q[0]
3533 FDRE_ZINI $auto$ff.cc:266:slice$19028.Q[0]
3534 FDRE_ZINI $auto$ff.cc:266:slice$19029.Q[0]
3535 FDRE_ZINI $auto$ff.cc:266:slice$19030.Q[0]
3536 FDRE_ZINI $auto$ff.cc:266:slice$19031.Q[0]
3537 FDRE_ZINI $auto$ff.cc:266:slice$19032.Q[0]
3538 FDRE_ZINI $auto$ff.cc:266:slice$19033.Q[0]
3539 FDRE_ZINI $auto$ff.cc:266:slice$19034.Q[0]
3540 FDRE_ZINI $auto$ff.cc:266:slice$19035.Q[0]
3541 FDRE_ZINI $auto$ff.cc:266:slice$19036.Q[0]
3542 FDRE_ZINI $auto$ff.cc:266:slice$19037.Q[0]
3543 FDRE_ZINI $auto$ff.cc:266:slice$19038.Q[0]
3544 FDRE_ZINI $auto$ff.cc:266:slice$19039.Q[0]
3545 FDRE_ZINI $auto$ff.cc:266:slice$19040.Q[0]
3546 FDRE_ZINI $auto$ff.cc:266:slice$19041.Q[0]
3547 FDRE_ZINI $auto$ff.cc:266:slice$19042.Q[0]
3548 FDRE_ZINI $auto$ff.cc:266:slice$19043.Q[0]
3549 FDRE_ZINI $auto$ff.cc:266:slice$19044.Q[0]
3550 FDRE_ZINI $auto$ff.cc:266:slice$19045.Q[0]
3551 FDRE_ZINI $auto$ff.cc:266:slice$19046.Q[0]
3552 FDRE_ZINI $auto$ff.cc:266:slice$19047.Q[0]
3553 FDRE_ZINI $auto$ff.cc:266:slice$19048.Q[0]
3554 FDRE_ZINI $auto$ff.cc:266:slice$19049.Q[0]
3555 FDRE_ZINI $auto$ff.cc:266:slice$19050.Q[0]
3556 FDRE_ZINI $auto$ff.cc:266:slice$19051.Q[0]
3557 FDRE_ZINI $auto$ff.cc:266:slice$19052.Q[0]
3558 FDRE_ZINI $auto$ff.cc:266:slice$19053.Q[0]
3559 FDRE_ZINI $auto$ff.cc:266:slice$19054.Q[0]
3560 FDRE_ZINI $auto$ff.cc:266:slice$19055.Q[0]
3561 FDRE_ZINI $auto$ff.cc:266:slice$19056.Q[0]
3562 FDRE_ZINI $auto$ff.cc:266:slice$19057.Q[0]
3563 FDRE_ZINI $auto$ff.cc:266:slice$19058.Q[0]
3564 FDRE_ZINI $auto$ff.cc:266:slice$19059.Q[0]
3565 FDRE_ZINI $auto$ff.cc:266:slice$19060.Q[0]
3566 FDRE_ZINI $auto$ff.cc:266:slice$19061.Q[0]
3567 FDRE_ZINI $auto$ff.cc:266:slice$19062.Q[0]
3568 FDRE_ZINI $auto$ff.cc:266:slice$19063.Q[0]
3569 FDRE_ZINI $auto$ff.cc:266:slice$19064.Q[0]
3570 FDRE_ZINI $auto$ff.cc:266:slice$19065.Q[0]
3571 FDRE_ZINI $auto$ff.cc:266:slice$19066.Q[0]
3572 FDRE_ZINI $auto$ff.cc:266:slice$19067.Q[0]
3573 FDRE_ZINI $auto$ff.cc:266:slice$19068.Q[0]
3574 FDRE_ZINI $auto$ff.cc:266:slice$19069.Q[0]
3575 FDRE_ZINI $auto$ff.cc:266:slice$19070.Q[0]
3576 FDRE_ZINI $auto$ff.cc:266:slice$19071.Q[0]
3577 FDRE_ZINI $auto$ff.cc:266:slice$19072.Q[0]
3578 FDRE_ZINI $auto$ff.cc:266:slice$19073.Q[0]
3579 FDRE_ZINI $auto$ff.cc:266:slice$19074.Q[0]
3580 FDRE_ZINI $auto$ff.cc:266:slice$19075.Q[0]
3581 FDRE_ZINI $auto$ff.cc:266:slice$19076.Q[0]
3582 FDRE_ZINI $auto$ff.cc:266:slice$19077.Q[0]
3583 FDRE_ZINI $auto$ff.cc:266:slice$19078.Q[0]
3584 FDRE_ZINI $auto$ff.cc:266:slice$19079.Q[0]
3585 FDRE_ZINI $auto$ff.cc:266:slice$19080.Q[0]
3586 FDRE_ZINI $auto$ff.cc:266:slice$19081.Q[0]
3587 FDRE_ZINI $auto$ff.cc:266:slice$19082.Q[0]
3588 FDRE_ZINI $auto$ff.cc:266:slice$19083.Q[0]
3589 FDRE_ZINI $auto$ff.cc:266:slice$19084.Q[0]
3590 FDRE_ZINI $auto$ff.cc:266:slice$19085.Q[0]
3591 FDRE_ZINI $auto$ff.cc:266:slice$19086.Q[0]
3592 FDRE_ZINI $auto$ff.cc:266:slice$19087.Q[0]
3593 FDRE_ZINI $auto$ff.cc:266:slice$19088.Q[0]
3594 FDRE_ZINI $auto$ff.cc:266:slice$19089.Q[0]
3595 FDRE_ZINI $auto$ff.cc:266:slice$19090.Q[0]
3596 FDRE_ZINI $auto$ff.cc:266:slice$19091.Q[0]
3597 FDRE_ZINI $auto$ff.cc:266:slice$19092.Q[0]
3598 FDRE_ZINI $auto$ff.cc:266:slice$19093.Q[0]
3599 FDRE_ZINI $auto$ff.cc:266:slice$19094.Q[0]
3600 FDRE_ZINI $auto$ff.cc:266:slice$19095.Q[0]
3601 FDRE_ZINI $auto$ff.cc:266:slice$19096.Q[0]
3602 FDRE_ZINI $auto$ff.cc:266:slice$19097.Q[0]
3603 FDRE_ZINI $auto$ff.cc:266:slice$19098.Q[0]
3604 FDRE_ZINI $auto$ff.cc:266:slice$19099.Q[0]
3605 FDRE_ZINI $auto$ff.cc:266:slice$19100.Q[0]
3606 FDRE_ZINI $auto$ff.cc:266:slice$19101.Q[0]
3607 FDRE_ZINI $auto$ff.cc:266:slice$19102.Q[0]
3608 FDRE_ZINI $auto$ff.cc:266:slice$19103.Q[0]
3609 FDRE_ZINI $auto$ff.cc:266:slice$19104.Q[0]
3610 FDRE_ZINI $auto$ff.cc:266:slice$19105.Q[0]
3611 FDRE_ZINI $auto$ff.cc:266:slice$19106.Q[0]
3612 FDRE_ZINI $auto$ff.cc:266:slice$19107.Q[0]
3613 FDRE_ZINI $auto$ff.cc:266:slice$19108.Q[0]
3614 FDRE_ZINI $auto$ff.cc:266:slice$19109.Q[0]
3615 FDRE_ZINI $auto$ff.cc:266:slice$19110.Q[0]
3616 FDRE_ZINI $auto$ff.cc:266:slice$19111.Q[0]
3617 FDRE_ZINI $auto$ff.cc:266:slice$19112.Q[0]
3618 FDRE_ZINI $auto$ff.cc:266:slice$19113.Q[0]
3619 FDRE_ZINI $auto$ff.cc:266:slice$19114.Q[0]
3620 FDRE_ZINI $auto$ff.cc:266:slice$19115.Q[0]
3621 FDRE_ZINI $auto$ff.cc:266:slice$19116.Q[0]
3622 FDRE_ZINI $auto$ff.cc:266:slice$19117.Q[0]
3623 FDRE_ZINI $auto$ff.cc:266:slice$19118.Q[0]
3624 FDRE_ZINI $auto$ff.cc:266:slice$19119.Q[0]
3625 FDRE_ZINI $auto$ff.cc:266:slice$19120.Q[0]
3626 FDRE_ZINI $auto$ff.cc:266:slice$19121.Q[0]
3627 FDRE_ZINI $auto$ff.cc:266:slice$19122.Q[0]
3628 FDRE_ZINI $auto$ff.cc:266:slice$19123.Q[0]
3629 FDRE_ZINI $auto$ff.cc:266:slice$19124.Q[0]
3630 FDRE_ZINI $auto$ff.cc:266:slice$19125.Q[0]
3631 FDRE_ZINI $auto$ff.cc:266:slice$19126.Q[0]
3632 FDRE_ZINI $auto$ff.cc:266:slice$19127.Q[0]
3633 FDRE_ZINI $auto$ff.cc:266:slice$19128.Q[0]
3634 FDRE_ZINI $auto$ff.cc:266:slice$19129.Q[0]
3635 FDRE_ZINI $auto$ff.cc:266:slice$19130.Q[0]
3636 FDRE_ZINI $auto$ff.cc:266:slice$19131.Q[0]
3637 FDRE_ZINI $auto$ff.cc:266:slice$19132.Q[0]
3638 FDRE_ZINI $auto$ff.cc:266:slice$19133.Q[0]
3639 FDRE_ZINI $auto$ff.cc:266:slice$19134.Q[0]
3640 FDRE_ZINI $auto$ff.cc:266:slice$19135.Q[0]
3641 FDRE_ZINI $auto$ff.cc:266:slice$19136.Q[0]
3642 FDRE_ZINI $auto$ff.cc:266:slice$19137.Q[0]
3643 FDRE_ZINI $auto$ff.cc:266:slice$19138.Q[0]
3644 FDRE_ZINI $auto$ff.cc:266:slice$19139.Q[0]
3645 FDRE_ZINI $auto$ff.cc:266:slice$19140.Q[0]
3646 FDRE_ZINI $auto$ff.cc:266:slice$19141.Q[0]
3647 FDRE_ZINI $auto$ff.cc:266:slice$19142.Q[0]
3648 FDRE_ZINI $auto$ff.cc:266:slice$19143.Q[0]
3649 FDRE_ZINI $auto$ff.cc:266:slice$19144.Q[0]
3650 FDRE_ZINI $auto$ff.cc:266:slice$19145.Q[0]
3651 FDRE_ZINI $auto$ff.cc:266:slice$19146.Q[0]
3652 FDRE_ZINI $auto$ff.cc:266:slice$19147.Q[0]
3653 FDRE_ZINI $auto$ff.cc:266:slice$19148.Q[0]
3654 FDRE_ZINI $auto$ff.cc:266:slice$19149.Q[0]
3655 FDRE_ZINI $auto$ff.cc:266:slice$19150.Q[0]
3656 FDRE_ZINI $auto$ff.cc:266:slice$19151.Q[0]
3657 FDRE_ZINI $auto$ff.cc:266:slice$19152.Q[0]
3658 FDRE_ZINI $auto$ff.cc:266:slice$19153.Q[0]
3659 FDRE_ZINI $auto$ff.cc:266:slice$19154.Q[0]
3660 FDRE_ZINI $auto$ff.cc:266:slice$19155.Q[0]
3661 FDRE_ZINI $auto$ff.cc:266:slice$19156.Q[0]
3662 FDRE_ZINI $auto$ff.cc:266:slice$19157.Q[0]
3663 FDRE_ZINI $auto$ff.cc:266:slice$19158.Q[0]
3664 FDRE_ZINI $auto$ff.cc:266:slice$19159.Q[0]
3665 FDRE_ZINI $auto$ff.cc:266:slice$19160.Q[0]
3666 FDRE_ZINI $auto$ff.cc:266:slice$19161.Q[0]
3667 FDRE_ZINI $auto$ff.cc:266:slice$19162.Q[0]
3668 FDRE_ZINI $auto$ff.cc:266:slice$19163.Q[0]
3669 FDRE_ZINI $auto$ff.cc:266:slice$19164.Q[0]
3670 FDRE_ZINI $auto$ff.cc:266:slice$19165.Q[0]
3671 FDRE_ZINI $auto$ff.cc:266:slice$19166.Q[0]
3672 FDRE_ZINI $auto$ff.cc:266:slice$19167.Q[0]
3673 FDRE_ZINI $auto$ff.cc:266:slice$19168.Q[0]
3674 FDRE_ZINI $auto$ff.cc:266:slice$19169.Q[0]
3675 FDRE_ZINI $auto$ff.cc:266:slice$19170.Q[0]
3676 FDRE_ZINI $auto$ff.cc:266:slice$19171.Q[0]
3677 FDRE_ZINI $auto$ff.cc:266:slice$19172.Q[0]
3678 FDRE_ZINI $auto$ff.cc:266:slice$19173.Q[0]
3679 FDRE_ZINI $auto$ff.cc:266:slice$19174.Q[0]
3680 FDRE_ZINI $auto$ff.cc:266:slice$19175.Q[0]
3681 FDRE_ZINI $auto$ff.cc:266:slice$19176.Q[0]
3682 FDRE_ZINI $auto$ff.cc:266:slice$19177.Q[0]
3683 FDRE_ZINI $auto$ff.cc:266:slice$19178.Q[0]
3684 FDRE_ZINI $auto$ff.cc:266:slice$19179.Q[0]
3685 FDRE_ZINI $auto$ff.cc:266:slice$19180.Q[0]
3686 FDRE_ZINI $auto$ff.cc:266:slice$19181.Q[0]
3687 FDRE_ZINI $auto$ff.cc:266:slice$19182.Q[0]
3688 FDRE_ZINI $auto$ff.cc:266:slice$19183.Q[0]
3689 FDRE_ZINI $auto$ff.cc:266:slice$19184.Q[0]
3690 FDRE_ZINI $auto$ff.cc:266:slice$19185.Q[0]
3691 FDRE_ZINI $auto$ff.cc:266:slice$19186.Q[0]
3692 FDRE_ZINI $auto$ff.cc:266:slice$19187.Q[0]
3693 FDRE_ZINI $auto$ff.cc:266:slice$19188.Q[0]
3694 FDRE_ZINI $auto$ff.cc:266:slice$19189.Q[0]
3695 FDRE_ZINI $auto$ff.cc:266:slice$19190.Q[0]
3696 FDRE_ZINI $auto$ff.cc:266:slice$19191.Q[0]
3697 FDRE_ZINI $auto$ff.cc:266:slice$19192.Q[0]
3698 FDRE_ZINI $auto$ff.cc:266:slice$19193.Q[0]
3699 FDRE_ZINI $auto$ff.cc:266:slice$19194.Q[0]
3700 FDRE_ZINI $auto$ff.cc:266:slice$19195.Q[0]
3701 FDRE_ZINI $auto$ff.cc:266:slice$19196.Q[0]
3702 FDRE_ZINI $auto$ff.cc:266:slice$19197.Q[0]
3703 FDRE_ZINI $auto$ff.cc:266:slice$19198.Q[0]
3704 FDRE_ZINI $auto$ff.cc:266:slice$19199.Q[0]
3705 FDRE_ZINI $auto$ff.cc:266:slice$19200.Q[0]
3706 FDRE_ZINI $auto$ff.cc:266:slice$19201.Q[0]
3707 FDRE_ZINI $auto$ff.cc:266:slice$19202.Q[0]
3708 FDRE_ZINI $auto$ff.cc:266:slice$19203.Q[0]
3709 FDRE_ZINI $auto$ff.cc:266:slice$19204.Q[0]
3710 FDRE_ZINI $auto$ff.cc:266:slice$19205.Q[0]
3711 FDRE_ZINI $auto$ff.cc:266:slice$19206.Q[0]
3712 FDRE_ZINI $auto$ff.cc:266:slice$19207.Q[0]
3713 FDRE_ZINI $auto$ff.cc:266:slice$19208.Q[0]
3714 FDRE_ZINI $auto$ff.cc:266:slice$19209.Q[0]
3715 FDRE_ZINI $auto$ff.cc:266:slice$19210.Q[0]
3716 FDRE_ZINI $auto$ff.cc:266:slice$19211.Q[0]
3717 FDRE_ZINI $auto$ff.cc:266:slice$19212.Q[0]
3718 FDRE_ZINI $auto$ff.cc:266:slice$19213.Q[0]
3719 FDRE_ZINI $auto$ff.cc:266:slice$19214.Q[0]
3720 FDRE_ZINI $auto$ff.cc:266:slice$19215.Q[0]
3721 FDRE_ZINI $auto$ff.cc:266:slice$19216.Q[0]
3722 FDRE_ZINI $auto$ff.cc:266:slice$19217.Q[0]
3723 FDRE_ZINI $auto$ff.cc:266:slice$19218.Q[0]
3724 FDRE_ZINI $auto$ff.cc:266:slice$19219.Q[0]
3725 FDRE_ZINI $auto$ff.cc:266:slice$19220.Q[0]
3726 FDRE_ZINI $auto$ff.cc:266:slice$19221.Q[0]
3727 FDRE_ZINI $auto$ff.cc:266:slice$19222.Q[0]
3728 FDRE_ZINI $auto$ff.cc:266:slice$19223.Q[0]
3729 FDRE_ZINI $auto$ff.cc:266:slice$19224.Q[0]
3730 FDRE_ZINI $auto$ff.cc:266:slice$19225.Q[0]
3731 FDRE_ZINI $auto$ff.cc:266:slice$19226.Q[0]
3732 FDRE_ZINI $auto$ff.cc:266:slice$19227.Q[0]
3733 FDRE_ZINI $auto$ff.cc:266:slice$19228.Q[0]
3734 FDRE_ZINI $auto$ff.cc:266:slice$19229.Q[0]
3735 FDRE_ZINI $auto$ff.cc:266:slice$19230.Q[0]
3736 FDRE_ZINI $auto$ff.cc:266:slice$19231.Q[0]
3737 FDRE_ZINI $auto$ff.cc:266:slice$19232.Q[0]
3738 FDRE_ZINI $auto$ff.cc:266:slice$19233.Q[0]
3739 FDRE_ZINI $auto$ff.cc:266:slice$19234.Q[0]
3740 FDRE_ZINI $auto$ff.cc:266:slice$19235.Q[0]
3741 FDRE_ZINI $auto$ff.cc:266:slice$19236.Q[0]
3742 FDRE_ZINI $auto$ff.cc:266:slice$19237.Q[0]
3743 FDRE_ZINI $auto$ff.cc:266:slice$19238.Q[0]
3744 FDRE_ZINI $auto$ff.cc:266:slice$19239.Q[0]
3745 FDRE_ZINI $auto$ff.cc:266:slice$19240.Q[0]
3746 FDRE_ZINI $auto$ff.cc:266:slice$19241.Q[0]
3747 FDRE_ZINI $auto$ff.cc:266:slice$19242.Q[0]
3748 FDRE_ZINI $auto$ff.cc:266:slice$19243.Q[0]
3749 FDRE_ZINI $auto$ff.cc:266:slice$19244.Q[0]
3750 FDRE_ZINI $auto$ff.cc:266:slice$19245.Q[0]
3751 FDRE_ZINI $auto$ff.cc:266:slice$19246.Q[0]
3752 FDRE_ZINI $auto$ff.cc:266:slice$19247.Q[0]
3753 FDRE_ZINI $auto$ff.cc:266:slice$19248.Q[0]
3754 FDRE_ZINI $auto$ff.cc:266:slice$19249.Q[0]
3755 FDRE_ZINI $auto$ff.cc:266:slice$19250.Q[0]
3756 FDRE_ZINI $auto$ff.cc:266:slice$19251.Q[0]
3757 FDRE_ZINI $auto$ff.cc:266:slice$19252.Q[0]
3758 FDRE_ZINI $auto$ff.cc:266:slice$19253.Q[0]
3759 FDRE_ZINI $auto$ff.cc:266:slice$19254.Q[0]
3760 FDRE_ZINI $auto$ff.cc:266:slice$19255.Q[0]
3761 FDRE_ZINI $auto$ff.cc:266:slice$19256.Q[0]
3762 FDRE_ZINI $auto$ff.cc:266:slice$19257.Q[0]
3763 FDRE_ZINI $auto$ff.cc:266:slice$19258.Q[0]
3764 FDRE_ZINI $auto$ff.cc:266:slice$19259.Q[0]
3765 FDRE_ZINI $auto$ff.cc:266:slice$19260.Q[0]
3766 FDRE_ZINI $auto$ff.cc:266:slice$19261.Q[0]
3767 FDRE_ZINI $auto$ff.cc:266:slice$19262.Q[0]
3768 FDRE_ZINI $auto$ff.cc:266:slice$19263.Q[0]
3769 FDRE_ZINI $auto$ff.cc:266:slice$19264.Q[0]
3770 FDRE_ZINI $auto$ff.cc:266:slice$19265.Q[0]
3771 FDRE_ZINI $auto$ff.cc:266:slice$19266.Q[0]
3772 FDRE_ZINI $auto$ff.cc:266:slice$19267.Q[0]
3773 FDRE_ZINI $auto$ff.cc:266:slice$19268.Q[0]
3774 FDRE_ZINI $auto$ff.cc:266:slice$19269.Q[0]
3775 FDRE_ZINI $auto$ff.cc:266:slice$19270.Q[0]
3776 FDRE_ZINI $auto$ff.cc:266:slice$19271.Q[0]
3777 FDRE_ZINI $auto$ff.cc:266:slice$19272.Q[0]
3778 FDRE_ZINI $auto$ff.cc:266:slice$19273.Q[0]
3779 FDRE_ZINI $auto$ff.cc:266:slice$19274.Q[0]
3780 FDRE_ZINI $auto$ff.cc:266:slice$19275.Q[0]
3781 FDRE_ZINI $auto$ff.cc:266:slice$19276.Q[0]
3782 FDRE_ZINI $auto$ff.cc:266:slice$19277.Q[0]
3783 FDRE_ZINI $auto$ff.cc:266:slice$19278.Q[0]
3784 FDRE_ZINI $auto$ff.cc:266:slice$19279.Q[0]
3785 FDRE_ZINI $auto$ff.cc:266:slice$19280.Q[0]
3786 FDRE_ZINI $auto$ff.cc:266:slice$19281.Q[0]
3787 FDRE_ZINI $auto$ff.cc:266:slice$19282.Q[0]
3788 FDRE_ZINI $auto$ff.cc:266:slice$19283.Q[0]
3789 FDRE_ZINI $auto$ff.cc:266:slice$19284.Q[0]
3790 FDRE_ZINI $auto$ff.cc:266:slice$19285.Q[0]
3791 FDRE_ZINI $auto$ff.cc:266:slice$19286.Q[0]
3792 FDRE_ZINI $auto$ff.cc:266:slice$19287.Q[0]
3793 FDRE_ZINI $auto$ff.cc:266:slice$19288.Q[0]
3794 FDRE_ZINI $auto$ff.cc:266:slice$19289.Q[0]
3795 FDRE_ZINI $auto$ff.cc:266:slice$19290.Q[0]
3796 FDRE_ZINI $auto$ff.cc:266:slice$19291.Q[0]
3797 FDRE_ZINI $auto$ff.cc:266:slice$19292.Q[0]
3798 FDRE_ZINI $auto$ff.cc:266:slice$19293.Q[0]
3799 FDRE_ZINI $auto$ff.cc:266:slice$19294.Q[0]
3800 FDRE_ZINI $auto$ff.cc:266:slice$19295.Q[0]
3801 FDRE_ZINI $auto$ff.cc:266:slice$19296.Q[0]
3802 FDRE_ZINI $auto$ff.cc:266:slice$19297.Q[0]
3803 FDRE_ZINI $auto$ff.cc:266:slice$19298.Q[0]
3804 FDRE_ZINI $auto$ff.cc:266:slice$19299.Q[0]
3805 FDRE_ZINI $auto$ff.cc:266:slice$19300.Q[0]
3806 FDRE_ZINI $auto$ff.cc:266:slice$19301.Q[0]
3807 FDRE_ZINI $auto$ff.cc:266:slice$19302.Q[0]
3808 FDRE_ZINI $auto$ff.cc:266:slice$19303.Q[0]
3809 FDRE_ZINI $auto$ff.cc:266:slice$19304.Q[0]
3810 FDRE_ZINI $auto$ff.cc:266:slice$19305.Q[0]
3811 FDRE_ZINI $auto$ff.cc:266:slice$19306.Q[0]
3812 FDRE_ZINI $auto$ff.cc:266:slice$19307.Q[0]
3813 FDRE_ZINI $auto$ff.cc:266:slice$19308.Q[0]
3814 FDRE_ZINI $auto$ff.cc:266:slice$19309.Q[0]
3815 FDRE_ZINI $auto$ff.cc:266:slice$19310.Q[0]
3816 FDRE_ZINI $auto$ff.cc:266:slice$19311.Q[0]
3817 FDRE_ZINI $auto$ff.cc:266:slice$19312.Q[0]
3818 FDRE_ZINI $auto$ff.cc:266:slice$19313.Q[0]
3819 FDRE_ZINI $auto$ff.cc:266:slice$19314.Q[0]
3820 FDRE_ZINI $auto$ff.cc:266:slice$19315.Q[0]
3821 FDRE_ZINI $auto$ff.cc:266:slice$19316.Q[0]
3822 FDRE_ZINI $auto$ff.cc:266:slice$19317.Q[0]
3823 FDRE_ZINI $auto$ff.cc:266:slice$19318.Q[0]
3824 FDRE_ZINI $auto$ff.cc:266:slice$23867.Q[0]
3825 FDRE_ZINI $auto$ff.cc:266:slice$23868.Q[0]
3826 FDRE_ZINI $auto$ff.cc:266:slice$23869.Q[0]
3827 FDRE_ZINI $auto$ff.cc:266:slice$23870.Q[0]
3828 FDRE_ZINI $auto$ff.cc:266:slice$23871.Q[0]
3829 FDRE_ZINI $auto$ff.cc:266:slice$23872.Q[0]
3830 FDRE_ZINI $auto$ff.cc:266:slice$23873.Q[0]
3831 FDRE_ZINI $auto$ff.cc:266:slice$23874.Q[0]
3832 FDRE_ZINI $auto$ff.cc:266:slice$23875.Q[0]
3833 FDRE_ZINI $auto$ff.cc:266:slice$23876.Q[0]
3834 FDRE_ZINI $auto$ff.cc:266:slice$23877.Q[0]
3835 FDRE_ZINI $auto$ff.cc:266:slice$23878.Q[0]
3836 FDRE_ZINI $auto$ff.cc:266:slice$23879.Q[0]
3837 FDRE_ZINI $auto$ff.cc:266:slice$23880.Q[0]
3838 FDRE_ZINI $auto$ff.cc:266:slice$23881.Q[0]
3839 FDRE_ZINI $auto$ff.cc:266:slice$23882.Q[0]
3840 FDRE_ZINI $auto$ff.cc:266:slice$23883.Q[0]
3841 FDRE_ZINI $auto$ff.cc:266:slice$23884.Q[0]
3842 FDRE_ZINI $auto$ff.cc:266:slice$23885.Q[0]
3843 FDRE_ZINI $auto$ff.cc:266:slice$23886.Q[0]
3844 FDRE_ZINI $auto$ff.cc:266:slice$23887.Q[0]
3845 FDRE_ZINI $auto$ff.cc:266:slice$23888.Q[0]
3846 FDRE_ZINI $auto$ff.cc:266:slice$23889.Q[0]
3847 FDRE_ZINI $auto$ff.cc:266:slice$23890.Q[0]
3848 FDRE_ZINI $auto$ff.cc:266:slice$23891.Q[0]
3849 FDRE_ZINI $auto$ff.cc:266:slice$23892.Q[0]
3850 FDRE_ZINI $auto$ff.cc:266:slice$23893.Q[0]
3851 FDRE_ZINI $auto$ff.cc:266:slice$23894.Q[0]
3852 FDRE_ZINI $auto$ff.cc:266:slice$23895.Q[0]
3853 FDRE_ZINI $auto$ff.cc:266:slice$23896.Q[0]
3854 FDCE_ZINI $auto$ff.cc:266:slice$24016.Q[0]
3855 FDRE_ZINI $auto$ff.cc:266:slice$24121.Q[0]
3856 FDRE_ZINI $auto$ff.cc:266:slice$24122.Q[0]
3857 RAMB36E1_PRIM u_soc_top.u_framebuffer_sram.memory.0.0.DOADO[0]
3858 RAMB36E1_PRIM u_soc_top.u_framebuffer_sram.memory.0.0.DOADO[1]
3859 RAMB36E1_PRIM u_soc_top.u_framebuffer_sram.memory.0.0.DOADO[2]
3860 RAMB36E1_PRIM u_soc_top.u_framebuffer_sram.memory.0.0.DOADO[3]
3861 RAMB36E1_PRIM u_soc_top.u_framebuffer_sram.memory.0.0.DOADO[4]
3862 RAMB36E1_PRIM u_soc_top.u_framebuffer_sram.memory.0.0.DOADO[5]
3863 RAMB36E1_PRIM u_soc_top.u_framebuffer_sram.memory.0.0.DOADO[6]
3864 RAMB36E1_PRIM u_soc_top.u_framebuffer_sram.memory.0.0.DOADO[7]
3865 RAMB36E1_PRIM u_soc_top.u_framebuffer_sram.memory.0.0.DOADO[8]
3866 RAMB36E1_PRIM u_soc_top.u_framebuffer_sram.memory.0.0.DOADO[9]
3867 RAMB36E1_PRIM u_soc_top.u_framebuffer_sram.memory.0.0.DOADO[10]
3868 RAMB36E1_PRIM u_soc_top.u_framebuffer_sram.memory.0.0.DOADO[11]
3869 RAMB36E1_PRIM u_soc_top.u_framebuffer_sram.memory.0.0.DOADO[12]
3870 RAMB36E1_PRIM u_soc_top.u_framebuffer_sram.memory.0.0.DOADO[13]
3871 RAMB36E1_PRIM u_soc_top.u_framebuffer_sram.memory.0.0.DOADO[14]
3872 RAMB36E1_PRIM u_soc_top.u_framebuffer_sram.memory.0.0.DOADO[15]
3873 RAMB36E1_PRIM u_soc_top.u_framebuffer_sram.memory.0.0.DOADO[16]
3874 RAMB36E1_PRIM u_soc_top.u_framebuffer_sram.memory.0.0.DOADO[17]
3875 RAMB36E1_PRIM u_soc_top.u_framebuffer_sram.memory.0.0.DOADO[18]
3876 RAMB36E1_PRIM u_soc_top.u_framebuffer_sram.memory.0.0.DOADO[19]
3877 RAMB36E1_PRIM u_soc_top.u_framebuffer_sram.memory.0.0.DOADO[20]
3878 RAMB36E1_PRIM u_soc_top.u_framebuffer_sram.memory.0.0.DOADO[21]
3879 RAMB36E1_PRIM u_soc_top.u_framebuffer_sram.memory.0.0.DOADO[22]
3880 RAMB36E1_PRIM u_soc_top.u_framebuffer_sram.memory.0.0.DOADO[23]
3881 RAMB36E1_PRIM u_soc_top.u_framebuffer_sram.memory.0.0.DOADO[24]
3882 RAMB36E1_PRIM u_soc_top.u_framebuffer_sram.memory.0.0.DOADO[25]
3883 RAMB36E1_PRIM u_soc_top.u_framebuffer_sram.memory.0.0.DOADO[26]
3884 RAMB36E1_PRIM u_soc_top.u_framebuffer_sram.memory.0.0.DOADO[27]
3885 RAMB36E1_PRIM u_soc_top.u_framebuffer_sram.memory.0.0.DOADO[28]
3886 RAMB36E1_PRIM u_soc_top.u_framebuffer_sram.memory.0.0.DOADO[29]
3887 RAMB36E1_PRIM u_soc_top.u_framebuffer_sram.memory.0.0.DOADO[30]
3888 RAMB36E1_PRIM u_soc_top.u_framebuffer_sram.memory.0.0.DOADO[31]
3889 RAMB36E1_PRIM u_soc_top.u_framebuffer_sram.memory.0.1.DOADO[0]
3890 RAMB36E1_PRIM u_soc_top.u_framebuffer_sram.memory.0.1.DOADO[1]
3891 RAMB36E1_PRIM u_soc_top.u_framebuffer_sram.memory.0.1.DOADO[2]
3892 RAMB36E1_PRIM u_soc_top.u_framebuffer_sram.memory.0.1.DOADO[3]
3893 RAMB36E1_PRIM u_soc_top.u_framebuffer_sram.memory.0.1.DOADO[4]
3894 RAMB36E1_PRIM u_soc_top.u_framebuffer_sram.memory.0.1.DOADO[5]
3895 RAMB36E1_PRIM u_soc_top.u_framebuffer_sram.memory.0.1.DOADO[6]
3896 RAMB36E1_PRIM u_soc_top.u_framebuffer_sram.memory.0.1.DOADO[7]
3897 RAMB36E1_PRIM u_soc_top.u_framebuffer_sram.memory.0.1.DOADO[8]
3898 RAMB36E1_PRIM u_soc_top.u_framebuffer_sram.memory.0.1.DOADO[9]
3899 RAMB36E1_PRIM u_soc_top.u_framebuffer_sram.memory.0.1.DOADO[10]
3900 RAMB36E1_PRIM u_soc_top.u_framebuffer_sram.memory.0.1.DOADO[11]
3901 RAMB36E1_PRIM u_soc_top.u_framebuffer_sram.memory.0.1.DOADO[12]
3902 RAMB36E1_PRIM u_soc_top.u_framebuffer_sram.memory.0.1.DOADO[13]
3903 RAMB36E1_PRIM u_soc_top.u_framebuffer_sram.memory.0.1.DOADO[14]
3904 RAMB36E1_PRIM u_soc_top.u_framebuffer_sram.memory.0.1.DOADO[15]
3905 RAMB36E1_PRIM u_soc_top.u_framebuffer_sram.memory.0.1.DOADO[16]
3906 RAMB36E1_PRIM u_soc_top.u_framebuffer_sram.memory.0.1.DOADO[17]
3907 RAMB36E1_PRIM u_soc_top.u_framebuffer_sram.memory.0.1.DOADO[18]
3908 RAMB36E1_PRIM u_soc_top.u_framebuffer_sram.memory.0.1.DOADO[19]
3909 RAMB36E1_PRIM u_soc_top.u_framebuffer_sram.memory.0.1.DOADO[20]
3910 RAMB36E1_PRIM u_soc_top.u_framebuffer_sram.memory.0.1.DOADO[21]
3911 RAMB36E1_PRIM u_soc_top.u_framebuffer_sram.memory.0.1.DOADO[22]
3912 RAMB36E1_PRIM u_soc_top.u_framebuffer_sram.memory.0.1.DOADO[23]
3913 RAMB36E1_PRIM u_soc_top.u_framebuffer_sram.memory.0.1.DOADO[24]
3914 RAMB36E1_PRIM u_soc_top.u_framebuffer_sram.memory.0.1.DOADO[25]
3915 RAMB36E1_PRIM u_soc_top.u_framebuffer_sram.memory.0.1.DOADO[26]
3916 RAMB36E1_PRIM u_soc_top.u_framebuffer_sram.memory.0.1.DOADO[27]
3917 RAMB36E1_PRIM u_soc_top.u_framebuffer_sram.memory.0.1.DOADO[28]
3918 RAMB36E1_PRIM u_soc_top.u_framebuffer_sram.memory.0.1.DOADO[29]
3919 RAMB36E1_PRIM u_soc_top.u_framebuffer_sram.memory.0.1.DOADO[30]
3920 RAMB36E1_PRIM u_soc_top.u_framebuffer_sram.memory.0.1.DOADO[31]
3921 RAMB36E1_PRIM u_soc_top.u_framebuffer_sram.memory.0.10.DOADO[0]
3922 RAMB36E1_PRIM u_soc_top.u_framebuffer_sram.memory.0.10.DOADO[1]
3923 RAMB36E1_PRIM u_soc_top.u_framebuffer_sram.memory.0.10.DOADO[2]
3924 RAMB36E1_PRIM u_soc_top.u_framebuffer_sram.memory.0.10.DOADO[3]
3925 RAMB36E1_PRIM u_soc_top.u_framebuffer_sram.memory.0.10.DOADO[4]
3926 RAMB36E1_PRIM u_soc_top.u_framebuffer_sram.memory.0.10.DOADO[5]
3927 RAMB36E1_PRIM u_soc_top.u_framebuffer_sram.memory.0.10.DOADO[6]
3928 RAMB36E1_PRIM u_soc_top.u_framebuffer_sram.memory.0.10.DOADO[7]
3929 RAMB36E1_PRIM u_soc_top.u_framebuffer_sram.memory.0.10.DOADO[8]
3930 RAMB36E1_PRIM u_soc_top.u_framebuffer_sram.memory.0.10.DOADO[9]
3931 RAMB36E1_PRIM u_soc_top.u_framebuffer_sram.memory.0.10.DOADO[10]
3932 RAMB36E1_PRIM u_soc_top.u_framebuffer_sram.memory.0.10.DOADO[11]
3933 RAMB36E1_PRIM u_soc_top.u_framebuffer_sram.memory.0.10.DOADO[12]
3934 RAMB36E1_PRIM u_soc_top.u_framebuffer_sram.memory.0.10.DOADO[13]
3935 RAMB36E1_PRIM u_soc_top.u_framebuffer_sram.memory.0.10.DOADO[14]
3936 RAMB36E1_PRIM u_soc_top.u_framebuffer_sram.memory.0.10.DOADO[15]
3937 RAMB36E1_PRIM u_soc_top.u_framebuffer_sram.memory.0.10.DOADO[16]
3938 RAMB36E1_PRIM u_soc_top.u_framebuffer_sram.memory.0.10.DOADO[17]
3939 RAMB36E1_PRIM u_soc_top.u_framebuffer_sram.memory.0.10.DOADO[18]
3940 RAMB36E1_PRIM u_soc_top.u_framebuffer_sram.memory.0.10.DOADO[19]
3941 RAMB36E1_PRIM u_soc_top.u_framebuffer_sram.memory.0.10.DOADO[20]
3942 RAMB36E1_PRIM u_soc_top.u_framebuffer_sram.memory.0.10.DOADO[21]
3943 RAMB36E1_PRIM u_soc_top.u_framebuffer_sram.memory.0.10.DOADO[22]
3944 RAMB36E1_PRIM u_soc_top.u_framebuffer_sram.memory.0.10.DOADO[23]
3945 RAMB36E1_PRIM u_soc_top.u_framebuffer_sram.memory.0.10.DOADO[24]
3946 RAMB36E1_PRIM u_soc_top.u_framebuffer_sram.memory.0.10.DOADO[25]
3947 RAMB36E1_PRIM u_soc_top.u_framebuffer_sram.memory.0.10.DOADO[26]
3948 RAMB36E1_PRIM u_soc_top.u_framebuffer_sram.memory.0.10.DOADO[27]
3949 RAMB36E1_PRIM u_soc_top.u_framebuffer_sram.memory.0.10.DOADO[28]
3950 RAMB36E1_PRIM u_soc_top.u_framebuffer_sram.memory.0.10.DOADO[29]
3951 RAMB36E1_PRIM u_soc_top.u_framebuffer_sram.memory.0.10.DOADO[30]
3952 RAMB36E1_PRIM u_soc_top.u_framebuffer_sram.memory.0.10.DOADO[31]
3953 RAMB36E1_PRIM u_soc_top.u_framebuffer_sram.memory.0.11.DOADO[0]
3954 RAMB36E1_PRIM u_soc_top.u_framebuffer_sram.memory.0.11.DOADO[1]
3955 RAMB36E1_PRIM u_soc_top.u_framebuffer_sram.memory.0.11.DOADO[2]
3956 RAMB36E1_PRIM u_soc_top.u_framebuffer_sram.memory.0.11.DOADO[3]
3957 RAMB36E1_PRIM u_soc_top.u_framebuffer_sram.memory.0.11.DOADO[4]
3958 RAMB36E1_PRIM u_soc_top.u_framebuffer_sram.memory.0.11.DOADO[5]
3959 RAMB36E1_PRIM u_soc_top.u_framebuffer_sram.memory.0.11.DOADO[6]
3960 RAMB36E1_PRIM u_soc_top.u_framebuffer_sram.memory.0.11.DOADO[7]
3961 RAMB36E1_PRIM u_soc_top.u_framebuffer_sram.memory.0.11.DOADO[8]
3962 RAMB36E1_PRIM u_soc_top.u_framebuffer_sram.memory.0.11.DOADO[9]
3963 RAMB36E1_PRIM u_soc_top.u_framebuffer_sram.memory.0.11.DOADO[10]
3964 RAMB36E1_PRIM u_soc_top.u_framebuffer_sram.memory.0.11.DOADO[11]
3965 RAMB36E1_PRIM u_soc_top.u_framebuffer_sram.memory.0.11.DOADO[12]
3966 RAMB36E1_PRIM u_soc_top.u_framebuffer_sram.memory.0.11.DOADO[13]
3967 RAMB36E1_PRIM u_soc_top.u_framebuffer_sram.memory.0.11.DOADO[14]
3968 RAMB36E1_PRIM u_soc_top.u_framebuffer_sram.memory.0.11.DOADO[15]
3969 RAMB36E1_PRIM u_soc_top.u_framebuffer_sram.memory.0.11.DOADO[16]
3970 RAMB36E1_PRIM u_soc_top.u_framebuffer_sram.memory.0.11.DOADO[17]
3971 RAMB36E1_PRIM u_soc_top.u_framebuffer_sram.memory.0.11.DOADO[18]
3972 RAMB36E1_PRIM u_soc_top.u_framebuffer_sram.memory.0.11.DOADO[19]
3973 RAMB36E1_PRIM u_soc_top.u_framebuffer_sram.memory.0.11.DOADO[20]
3974 RAMB36E1_PRIM u_soc_top.u_framebuffer_sram.memory.0.11.DOADO[21]
3975 RAMB36E1_PRIM u_soc_top.u_framebuffer_sram.memory.0.11.DOADO[22]
3976 RAMB36E1_PRIM u_soc_top.u_framebuffer_sram.memory.0.11.DOADO[23]
3977 RAMB36E1_PRIM u_soc_top.u_framebuffer_sram.memory.0.11.DOADO[24]
3978 RAMB36E1_PRIM u_soc_top.u_framebuffer_sram.memory.0.11.DOADO[25]
3979 RAMB36E1_PRIM u_soc_top.u_framebuffer_sram.memory.0.11.DOADO[26]
3980 RAMB36E1_PRIM u_soc_top.u_framebuffer_sram.memory.0.11.DOADO[27]
3981 RAMB36E1_PRIM u_soc_top.u_framebuffer_sram.memory.0.11.DOADO[28]
3982 RAMB36E1_PRIM u_soc_top.u_framebuffer_sram.memory.0.11.DOADO[29]
3983 RAMB36E1_PRIM u_soc_top.u_framebuffer_sram.memory.0.11.DOADO[30]
3984 RAMB36E1_PRIM u_soc_top.u_framebuffer_sram.memory.0.11.DOADO[31]
3985 RAMB36E1_PRIM u_soc_top.u_framebuffer_sram.memory.0.12.DOADO[0]
3986 RAMB36E1_PRIM u_soc_top.u_framebuffer_sram.memory.0.12.DOADO[1]
3987 RAMB36E1_PRIM u_soc_top.u_framebuffer_sram.memory.0.12.DOADO[2]
3988 RAMB36E1_PRIM u_soc_top.u_framebuffer_sram.memory.0.12.DOADO[3]
3989 RAMB36E1_PRIM u_soc_top.u_framebuffer_sram.memory.0.12.DOADO[4]
3990 RAMB36E1_PRIM u_soc_top.u_framebuffer_sram.memory.0.12.DOADO[5]
3991 RAMB36E1_PRIM u_soc_top.u_framebuffer_sram.memory.0.12.DOADO[6]
3992 RAMB36E1_PRIM u_soc_top.u_framebuffer_sram.memory.0.12.DOADO[7]
3993 RAMB36E1_PRIM u_soc_top.u_framebuffer_sram.memory.0.12.DOADO[8]
3994 RAMB36E1_PRIM u_soc_top.u_framebuffer_sram.memory.0.12.DOADO[9]
3995 RAMB36E1_PRIM u_soc_top.u_framebuffer_sram.memory.0.12.DOADO[10]
3996 RAMB36E1_PRIM u_soc_top.u_framebuffer_sram.memory.0.12.DOADO[11]
3997 RAMB36E1_PRIM u_soc_top.u_framebuffer_sram.memory.0.12.DOADO[12]
3998 RAMB36E1_PRIM u_soc_top.u_framebuffer_sram.memory.0.12.DOADO[13]
3999 RAMB36E1_PRIM u_soc_top.u_framebuffer_sram.memory.0.12.DOADO[14]
4000 RAMB36E1_PRIM u_soc_top.u_framebuffer_sram.memory.0.12.DOADO[15]
4001 RAMB36E1_PRIM u_soc_top.u_framebuffer_sram.memory.0.12.DOADO[16]
4002 RAMB36E1_PRIM u_soc_top.u_framebuffer_sram.memory.0.12.DOADO[17]
4003 RAMB36E1_PRIM u_soc_top.u_framebuffer_sram.memory.0.12.DOADO[18]
4004 RAMB36E1_PRIM u_soc_top.u_framebuffer_sram.memory.0.12.DOADO[19]
4005 RAMB36E1_PRIM u_soc_top.u_framebuffer_sram.memory.0.12.DOADO[20]
4006 RAMB36E1_PRIM u_soc_top.u_framebuffer_sram.memory.0.12.DOADO[21]
4007 RAMB36E1_PRIM u_soc_top.u_framebuffer_sram.memory.0.12.DOADO[22]
4008 RAMB36E1_PRIM u_soc_top.u_framebuffer_sram.memory.0.12.DOADO[23]
4009 RAMB36E1_PRIM u_soc_top.u_framebuffer_sram.memory.0.12.DOADO[24]
4010 RAMB36E1_PRIM u_soc_top.u_framebuffer_sram.memory.0.12.DOADO[25]
4011 RAMB36E1_PRIM u_soc_top.u_framebuffer_sram.memory.0.12.DOADO[26]
4012 RAMB36E1_PRIM u_soc_top.u_framebuffer_sram.memory.0.12.DOADO[27]
4013 RAMB36E1_PRIM u_soc_top.u_framebuffer_sram.memory.0.12.DOADO[28]
4014 RAMB36E1_PRIM u_soc_top.u_framebuffer_sram.memory.0.12.DOADO[29]
4015 RAMB36E1_PRIM u_soc_top.u_framebuffer_sram.memory.0.12.DOADO[30]
4016 RAMB36E1_PRIM u_soc_top.u_framebuffer_sram.memory.0.12.DOADO[31]
4017 RAMB36E1_PRIM u_soc_top.u_framebuffer_sram.memory.0.13.DOADO[0]
4018 RAMB36E1_PRIM u_soc_top.u_framebuffer_sram.memory.0.13.DOADO[1]
4019 RAMB36E1_PRIM u_soc_top.u_framebuffer_sram.memory.0.13.DOADO[2]
4020 RAMB36E1_PRIM u_soc_top.u_framebuffer_sram.memory.0.13.DOADO[3]
4021 RAMB36E1_PRIM u_soc_top.u_framebuffer_sram.memory.0.13.DOADO[4]
4022 RAMB36E1_PRIM u_soc_top.u_framebuffer_sram.memory.0.13.DOADO[5]
4023 RAMB36E1_PRIM u_soc_top.u_framebuffer_sram.memory.0.13.DOADO[6]
4024 RAMB36E1_PRIM u_soc_top.u_framebuffer_sram.memory.0.13.DOADO[7]
4025 RAMB36E1_PRIM u_soc_top.u_framebuffer_sram.memory.0.13.DOADO[8]
4026 RAMB36E1_PRIM u_soc_top.u_framebuffer_sram.memory.0.13.DOADO[9]
4027 RAMB36E1_PRIM u_soc_top.u_framebuffer_sram.memory.0.13.DOADO[10]
4028 RAMB36E1_PRIM u_soc_top.u_framebuffer_sram.memory.0.13.DOADO[11]
4029 RAMB36E1_PRIM u_soc_top.u_framebuffer_sram.memory.0.13.DOADO[12]
4030 RAMB36E1_PRIM u_soc_top.u_framebuffer_sram.memory.0.13.DOADO[13]
4031 RAMB36E1_PRIM u_soc_top.u_framebuffer_sram.memory.0.13.DOADO[14]
4032 RAMB36E1_PRIM u_soc_top.u_framebuffer_sram.memory.0.13.DOADO[15]
4033 RAMB36E1_PRIM u_soc_top.u_framebuffer_sram.memory.0.13.DOADO[16]
4034 RAMB36E1_PRIM u_soc_top.u_framebuffer_sram.memory.0.13.DOADO[17]
4035 RAMB36E1_PRIM u_soc_top.u_framebuffer_sram.memory.0.13.DOADO[18]
4036 RAMB36E1_PRIM u_soc_top.u_framebuffer_sram.memory.0.13.DOADO[19]
4037 RAMB36E1_PRIM u_soc_top.u_framebuffer_sram.memory.0.13.DOADO[20]
4038 RAMB36E1_PRIM u_soc_top.u_framebuffer_sram.memory.0.13.DOADO[21]
4039 RAMB36E1_PRIM u_soc_top.u_framebuffer_sram.memory.0.13.DOADO[22]
4040 RAMB36E1_PRIM u_soc_top.u_framebuffer_sram.memory.0.13.DOADO[23]
4041 RAMB36E1_PRIM u_soc_top.u_framebuffer_sram.memory.0.13.DOADO[24]
4042 RAMB36E1_PRIM u_soc_top.u_framebuffer_sram.memory.0.13.DOADO[25]
4043 RAMB36E1_PRIM u_soc_top.u_framebuffer_sram.memory.0.13.DOADO[26]
4044 RAMB36E1_PRIM u_soc_top.u_framebuffer_sram.memory.0.13.DOADO[27]
4045 RAMB36E1_PRIM u_soc_top.u_framebuffer_sram.memory.0.13.DOADO[28]
4046 RAMB36E1_PRIM u_soc_top.u_framebuffer_sram.memory.0.13.DOADO[29]
4047 RAMB36E1_PRIM u_soc_top.u_framebuffer_sram.memory.0.13.DOADO[30]
4048 RAMB36E1_PRIM u_soc_top.u_framebuffer_sram.memory.0.13.DOADO[31]
4049 RAMB36E1_PRIM u_soc_top.u_framebuffer_sram.memory.0.14.DOADO[0]
4050 RAMB36E1_PRIM u_soc_top.u_framebuffer_sram.memory.0.14.DOADO[1]
4051 RAMB36E1_PRIM u_soc_top.u_framebuffer_sram.memory.0.14.DOADO[2]
4052 RAMB36E1_PRIM u_soc_top.u_framebuffer_sram.memory.0.14.DOADO[3]
4053 RAMB36E1_PRIM u_soc_top.u_framebuffer_sram.memory.0.14.DOADO[4]
4054 RAMB36E1_PRIM u_soc_top.u_framebuffer_sram.memory.0.14.DOADO[5]
4055 RAMB36E1_PRIM u_soc_top.u_framebuffer_sram.memory.0.14.DOADO[6]
4056 RAMB36E1_PRIM u_soc_top.u_framebuffer_sram.memory.0.14.DOADO[7]
4057 RAMB36E1_PRIM u_soc_top.u_framebuffer_sram.memory.0.14.DOADO[8]
4058 RAMB36E1_PRIM u_soc_top.u_framebuffer_sram.memory.0.14.DOADO[9]
4059 RAMB36E1_PRIM u_soc_top.u_framebuffer_sram.memory.0.14.DOADO[10]
4060 RAMB36E1_PRIM u_soc_top.u_framebuffer_sram.memory.0.14.DOADO[11]
4061 RAMB36E1_PRIM u_soc_top.u_framebuffer_sram.memory.0.14.DOADO[12]
4062 RAMB36E1_PRIM u_soc_top.u_framebuffer_sram.memory.0.14.DOADO[13]
4063 RAMB36E1_PRIM u_soc_top.u_framebuffer_sram.memory.0.14.DOADO[14]
4064 RAMB36E1_PRIM u_soc_top.u_framebuffer_sram.memory.0.14.DOADO[15]
4065 RAMB36E1_PRIM u_soc_top.u_framebuffer_sram.memory.0.14.DOADO[16]
4066 RAMB36E1_PRIM u_soc_top.u_framebuffer_sram.memory.0.14.DOADO[17]
4067 RAMB36E1_PRIM u_soc_top.u_framebuffer_sram.memory.0.14.DOADO[18]
4068 RAMB36E1_PRIM u_soc_top.u_framebuffer_sram.memory.0.14.DOADO[19]
4069 RAMB36E1_PRIM u_soc_top.u_framebuffer_sram.memory.0.14.DOADO[20]
4070 RAMB36E1_PRIM u_soc_top.u_framebuffer_sram.memory.0.14.DOADO[21]
4071 RAMB36E1_PRIM u_soc_top.u_framebuffer_sram.memory.0.14.DOADO[22]
4072 RAMB36E1_PRIM u_soc_top.u_framebuffer_sram.memory.0.14.DOADO[23]
4073 RAMB36E1_PRIM u_soc_top.u_framebuffer_sram.memory.0.14.DOADO[24]
4074 RAMB36E1_PRIM u_soc_top.u_framebuffer_sram.memory.0.14.DOADO[25]
4075 RAMB36E1_PRIM u_soc_top.u_framebuffer_sram.memory.0.14.DOADO[26]
4076 RAMB36E1_PRIM u_soc_top.u_framebuffer_sram.memory.0.14.DOADO[27]
4077 RAMB36E1_PRIM u_soc_top.u_framebuffer_sram.memory.0.14.DOADO[28]
4078 RAMB36E1_PRIM u_soc_top.u_framebuffer_sram.memory.0.14.DOADO[29]
4079 RAMB36E1_PRIM u_soc_top.u_framebuffer_sram.memory.0.14.DOADO[30]
4080 RAMB36E1_PRIM u_soc_top.u_framebuffer_sram.memory.0.14.DOADO[31]
4081 RAMB36E1_PRIM u_soc_top.u_framebuffer_sram.memory.0.15.DOADO[0]
4082 RAMB36E1_PRIM u_soc_top.u_framebuffer_sram.memory.0.15.DOADO[1]
4083 RAMB36E1_PRIM u_soc_top.u_framebuffer_sram.memory.0.15.DOADO[2]
4084 RAMB36E1_PRIM u_soc_top.u_framebuffer_sram.memory.0.15.DOADO[3]
4085 RAMB36E1_PRIM u_soc_top.u_framebuffer_sram.memory.0.15.DOADO[4]
4086 RAMB36E1_PRIM u_soc_top.u_framebuffer_sram.memory.0.15.DOADO[5]
4087 RAMB36E1_PRIM u_soc_top.u_framebuffer_sram.memory.0.15.DOADO[6]
4088 RAMB36E1_PRIM u_soc_top.u_framebuffer_sram.memory.0.15.DOADO[7]
4089 RAMB36E1_PRIM u_soc_top.u_framebuffer_sram.memory.0.15.DOADO[8]
4090 RAMB36E1_PRIM u_soc_top.u_framebuffer_sram.memory.0.15.DOADO[9]
4091 RAMB36E1_PRIM u_soc_top.u_framebuffer_sram.memory.0.15.DOADO[10]
4092 RAMB36E1_PRIM u_soc_top.u_framebuffer_sram.memory.0.15.DOADO[11]
4093 RAMB36E1_PRIM u_soc_top.u_framebuffer_sram.memory.0.15.DOADO[12]
4094 RAMB36E1_PRIM u_soc_top.u_framebuffer_sram.memory.0.15.DOADO[13]
4095 RAMB36E1_PRIM u_soc_top.u_framebuffer_sram.memory.0.15.DOADO[14]
4096 RAMB36E1_PRIM u_soc_top.u_framebuffer_sram.memory.0.15.DOADO[15]
4097 RAMB36E1_PRIM u_soc_top.u_framebuffer_sram.memory.0.15.DOADO[16]
4098 RAMB36E1_PRIM u_soc_top.u_framebuffer_sram.memory.0.15.DOADO[17]
4099 RAMB36E1_PRIM u_soc_top.u_framebuffer_sram.memory.0.15.DOADO[18]
4100 RAMB36E1_PRIM u_soc_top.u_framebuffer_sram.memory.0.15.DOADO[19]
4101 RAMB36E1_PRIM u_soc_top.u_framebuffer_sram.memory.0.15.DOADO[20]
4102 RAMB36E1_PRIM u_soc_top.u_framebuffer_sram.memory.0.15.DOADO[21]
4103 RAMB36E1_PRIM u_soc_top.u_framebuffer_sram.memory.0.15.DOADO[22]
4104 RAMB36E1_PRIM u_soc_top.u_framebuffer_sram.memory.0.15.DOADO[23]
4105 RAMB36E1_PRIM u_soc_top.u_framebuffer_sram.memory.0.15.DOADO[24]
4106 RAMB36E1_PRIM u_soc_top.u_framebuffer_sram.memory.0.15.DOADO[25]
4107 RAMB36E1_PRIM u_soc_top.u_framebuffer_sram.memory.0.15.DOADO[26]
4108 RAMB36E1_PRIM u_soc_top.u_framebuffer_sram.memory.0.15.DOADO[27]
4109 RAMB36E1_PRIM u_soc_top.u_framebuffer_sram.memory.0.15.DOADO[28]
4110 RAMB36E1_PRIM u_soc_top.u_framebuffer_sram.memory.0.15.DOADO[29]
4111 RAMB36E1_PRIM u_soc_top.u_framebuffer_sram.memory.0.15.DOADO[30]
4112 RAMB36E1_PRIM u_soc_top.u_framebuffer_sram.memory.0.15.DOADO[31]
4113 RAMB36E1_PRIM u_soc_top.u_framebuffer_sram.memory.0.16.DOADO[0]
4114 RAMB36E1_PRIM u_soc_top.u_framebuffer_sram.memory.0.16.DOADO[1]
4115 RAMB36E1_PRIM u_soc_top.u_framebuffer_sram.memory.0.16.DOADO[2]
4116 RAMB36E1_PRIM u_soc_top.u_framebuffer_sram.memory.0.16.DOADO[3]
4117 RAMB36E1_PRIM u_soc_top.u_framebuffer_sram.memory.0.16.DOADO[4]
4118 RAMB36E1_PRIM u_soc_top.u_framebuffer_sram.memory.0.16.DOADO[5]
4119 RAMB36E1_PRIM u_soc_top.u_framebuffer_sram.memory.0.16.DOADO[6]
4120 RAMB36E1_PRIM u_soc_top.u_framebuffer_sram.memory.0.16.DOADO[7]
4121 RAMB36E1_PRIM u_soc_top.u_framebuffer_sram.memory.0.16.DOADO[8]
4122 RAMB36E1_PRIM u_soc_top.u_framebuffer_sram.memory.0.16.DOADO[9]
4123 RAMB36E1_PRIM u_soc_top.u_framebuffer_sram.memory.0.16.DOADO[10]
4124 RAMB36E1_PRIM u_soc_top.u_framebuffer_sram.memory.0.16.DOADO[11]
4125 RAMB36E1_PRIM u_soc_top.u_framebuffer_sram.memory.0.16.DOADO[12]
4126 RAMB36E1_PRIM u_soc_top.u_framebuffer_sram.memory.0.16.DOADO[13]
4127 RAMB36E1_PRIM u_soc_top.u_framebuffer_sram.memory.0.16.DOADO[14]
4128 RAMB36E1_PRIM u_soc_top.u_framebuffer_sram.memory.0.16.DOADO[15]
4129 RAMB36E1_PRIM u_soc_top.u_framebuffer_sram.memory.0.16.DOADO[16]
4130 RAMB36E1_PRIM u_soc_top.u_framebuffer_sram.memory.0.16.DOADO[17]
4131 RAMB36E1_PRIM u_soc_top.u_framebuffer_sram.memory.0.16.DOADO[18]
4132 RAMB36E1_PRIM u_soc_top.u_framebuffer_sram.memory.0.16.DOADO[19]
4133 RAMB36E1_PRIM u_soc_top.u_framebuffer_sram.memory.0.16.DOADO[20]
4134 RAMB36E1_PRIM u_soc_top.u_framebuffer_sram.memory.0.16.DOADO[21]
4135 RAMB36E1_PRIM u_soc_top.u_framebuffer_sram.memory.0.16.DOADO[22]
4136 RAMB36E1_PRIM u_soc_top.u_framebuffer_sram.memory.0.16.DOADO[23]
4137 RAMB36E1_PRIM u_soc_top.u_framebuffer_sram.memory.0.16.DOADO[24]
4138 RAMB36E1_PRIM u_soc_top.u_framebuffer_sram.memory.0.16.DOADO[25]
4139 RAMB36E1_PRIM u_soc_top.u_framebuffer_sram.memory.0.16.DOADO[26]
4140 RAMB36E1_PRIM u_soc_top.u_framebuffer_sram.memory.0.16.DOADO[27]
4141 RAMB36E1_PRIM u_soc_top.u_framebuffer_sram.memory.0.16.DOADO[28]
4142 RAMB36E1_PRIM u_soc_top.u_framebuffer_sram.memory.0.16.DOADO[29]
4143 RAMB36E1_PRIM u_soc_top.u_framebuffer_sram.memory.0.16.DOADO[30]
4144 RAMB36E1_PRIM u_soc_top.u_framebuffer_sram.memory.0.16.DOADO[31]
4145 RAMB36E1_PRIM u_soc_top.u_framebuffer_sram.memory.0.17.DOADO[0]
4146 RAMB36E1_PRIM u_soc_top.u_framebuffer_sram.memory.0.17.DOADO[1]
4147 RAMB36E1_PRIM u_soc_top.u_framebuffer_sram.memory.0.17.DOADO[2]
4148 RAMB36E1_PRIM u_soc_top.u_framebuffer_sram.memory.0.17.DOADO[3]
4149 RAMB36E1_PRIM u_soc_top.u_framebuffer_sram.memory.0.17.DOADO[4]
4150 RAMB36E1_PRIM u_soc_top.u_framebuffer_sram.memory.0.17.DOADO[5]
4151 RAMB36E1_PRIM u_soc_top.u_framebuffer_sram.memory.0.17.DOADO[6]
4152 RAMB36E1_PRIM u_soc_top.u_framebuffer_sram.memory.0.17.DOADO[7]
4153 RAMB36E1_PRIM u_soc_top.u_framebuffer_sram.memory.0.17.DOADO[8]
4154 RAMB36E1_PRIM u_soc_top.u_framebuffer_sram.memory.0.17.DOADO[9]
4155 RAMB36E1_PRIM u_soc_top.u_framebuffer_sram.memory.0.17.DOADO[10]
4156 RAMB36E1_PRIM u_soc_top.u_framebuffer_sram.memory.0.17.DOADO[11]
4157 RAMB36E1_PRIM u_soc_top.u_framebuffer_sram.memory.0.17.DOADO[12]
4158 RAMB36E1_PRIM u_soc_top.u_framebuffer_sram.memory.0.17.DOADO[13]
4159 RAMB36E1_PRIM u_soc_top.u_framebuffer_sram.memory.0.17.DOADO[14]
4160 RAMB36E1_PRIM u_soc_top.u_framebuffer_sram.memory.0.17.DOADO[15]
4161 RAMB36E1_PRIM u_soc_top.u_framebuffer_sram.memory.0.17.DOADO[16]
4162 RAMB36E1_PRIM u_soc_top.u_framebuffer_sram.memory.0.17.DOADO[17]
4163 RAMB36E1_PRIM u_soc_top.u_framebuffer_sram.memory.0.17.DOADO[18]
4164 RAMB36E1_PRIM u_soc_top.u_framebuffer_sram.memory.0.17.DOADO[19]
4165 RAMB36E1_PRIM u_soc_top.u_framebuffer_sram.memory.0.17.DOADO[20]
4166 RAMB36E1_PRIM u_soc_top.u_framebuffer_sram.memory.0.17.DOADO[21]
4167 RAMB36E1_PRIM u_soc_top.u_framebuffer_sram.memory.0.17.DOADO[22]
4168 RAMB36E1_PRIM u_soc_top.u_framebuffer_sram.memory.0.17.DOADO[23]
4169 RAMB36E1_PRIM u_soc_top.u_framebuffer_sram.memory.0.17.DOADO[24]
4170 RAMB36E1_PRIM u_soc_top.u_framebuffer_sram.memory.0.17.DOADO[25]
4171 RAMB36E1_PRIM u_soc_top.u_framebuffer_sram.memory.0.17.DOADO[26]
4172 RAMB36E1_PRIM u_soc_top.u_framebuffer_sram.memory.0.17.DOADO[27]
4173 RAMB36E1_PRIM u_soc_top.u_framebuffer_sram.memory.0.17.DOADO[28]
4174 RAMB36E1_PRIM u_soc_top.u_framebuffer_sram.memory.0.17.DOADO[29]
4175 RAMB36E1_PRIM u_soc_top.u_framebuffer_sram.memory.0.17.DOADO[30]
4176 RAMB36E1_PRIM u_soc_top.u_framebuffer_sram.memory.0.17.DOADO[31]
4177 RAMB36E1_PRIM u_soc_top.u_framebuffer_sram.memory.0.18.DOADO[0]
4178 RAMB36E1_PRIM u_soc_top.u_framebuffer_sram.memory.0.18.DOADO[1]
4179 RAMB36E1_PRIM u_soc_top.u_framebuffer_sram.memory.0.18.DOADO[2]
4180 RAMB36E1_PRIM u_soc_top.u_framebuffer_sram.memory.0.18.DOADO[3]
4181 RAMB36E1_PRIM u_soc_top.u_framebuffer_sram.memory.0.18.DOADO[4]
4182 RAMB36E1_PRIM u_soc_top.u_framebuffer_sram.memory.0.18.DOADO[5]
4183 RAMB36E1_PRIM u_soc_top.u_framebuffer_sram.memory.0.18.DOADO[6]
4184 RAMB36E1_PRIM u_soc_top.u_framebuffer_sram.memory.0.18.DOADO[7]
4185 RAMB36E1_PRIM u_soc_top.u_framebuffer_sram.memory.0.18.DOADO[8]
4186 RAMB36E1_PRIM u_soc_top.u_framebuffer_sram.memory.0.18.DOADO[9]
4187 RAMB36E1_PRIM u_soc_top.u_framebuffer_sram.memory.0.18.DOADO[10]
4188 RAMB36E1_PRIM u_soc_top.u_framebuffer_sram.memory.0.18.DOADO[11]
4189 RAMB36E1_PRIM u_soc_top.u_framebuffer_sram.memory.0.18.DOADO[12]
4190 RAMB36E1_PRIM u_soc_top.u_framebuffer_sram.memory.0.18.DOADO[13]
4191 RAMB36E1_PRIM u_soc_top.u_framebuffer_sram.memory.0.18.DOADO[14]
4192 RAMB36E1_PRIM u_soc_top.u_framebuffer_sram.memory.0.18.DOADO[15]
4193 RAMB36E1_PRIM u_soc_top.u_framebuffer_sram.memory.0.18.DOADO[16]
4194 RAMB36E1_PRIM u_soc_top.u_framebuffer_sram.memory.0.18.DOADO[17]
4195 RAMB36E1_PRIM u_soc_top.u_framebuffer_sram.memory.0.18.DOADO[18]
4196 RAMB36E1_PRIM u_soc_top.u_framebuffer_sram.memory.0.18.DOADO[19]
4197 RAMB36E1_PRIM u_soc_top.u_framebuffer_sram.memory.0.18.DOADO[20]
4198 RAMB36E1_PRIM u_soc_top.u_framebuffer_sram.memory.0.18.DOADO[21]
4199 RAMB36E1_PRIM u_soc_top.u_framebuffer_sram.memory.0.18.DOADO[22]
4200 RAMB36E1_PRIM u_soc_top.u_framebuffer_sram.memory.0.18.DOADO[23]
4201 RAMB36E1_PRIM u_soc_top.u_framebuffer_sram.memory.0.18.DOADO[24]
4202 RAMB36E1_PRIM u_soc_top.u_framebuffer_sram.memory.0.18.DOADO[25]
4203 RAMB36E1_PRIM u_soc_top.u_framebuffer_sram.memory.0.18.DOADO[26]
4204 RAMB36E1_PRIM u_soc_top.u_framebuffer_sram.memory.0.18.DOADO[27]
4205 RAMB36E1_PRIM u_soc_top.u_framebuffer_sram.memory.0.18.DOADO[28]
4206 RAMB36E1_PRIM u_soc_top.u_framebuffer_sram.memory.0.18.DOADO[29]
4207 RAMB36E1_PRIM u_soc_top.u_framebuffer_sram.memory.0.18.DOADO[30]
4208 RAMB36E1_PRIM u_soc_top.u_framebuffer_sram.memory.0.18.DOADO[31]
4209 RAMB36E1_PRIM u_soc_top.u_framebuffer_sram.memory.0.2.DOADO[0]
4210 RAMB36E1_PRIM u_soc_top.u_framebuffer_sram.memory.0.2.DOADO[1]
4211 RAMB36E1_PRIM u_soc_top.u_framebuffer_sram.memory.0.2.DOADO[2]
4212 RAMB36E1_PRIM u_soc_top.u_framebuffer_sram.memory.0.2.DOADO[3]
4213 RAMB36E1_PRIM u_soc_top.u_framebuffer_sram.memory.0.2.DOADO[4]
4214 RAMB36E1_PRIM u_soc_top.u_framebuffer_sram.memory.0.2.DOADO[5]
4215 RAMB36E1_PRIM u_soc_top.u_framebuffer_sram.memory.0.2.DOADO[6]
4216 RAMB36E1_PRIM u_soc_top.u_framebuffer_sram.memory.0.2.DOADO[7]
4217 RAMB36E1_PRIM u_soc_top.u_framebuffer_sram.memory.0.2.DOADO[8]
4218 RAMB36E1_PRIM u_soc_top.u_framebuffer_sram.memory.0.2.DOADO[9]
4219 RAMB36E1_PRIM u_soc_top.u_framebuffer_sram.memory.0.2.DOADO[10]
4220 RAMB36E1_PRIM u_soc_top.u_framebuffer_sram.memory.0.2.DOADO[11]
4221 RAMB36E1_PRIM u_soc_top.u_framebuffer_sram.memory.0.2.DOADO[12]
4222 RAMB36E1_PRIM u_soc_top.u_framebuffer_sram.memory.0.2.DOADO[13]
4223 RAMB36E1_PRIM u_soc_top.u_framebuffer_sram.memory.0.2.DOADO[14]
4224 RAMB36E1_PRIM u_soc_top.u_framebuffer_sram.memory.0.2.DOADO[15]
4225 RAMB36E1_PRIM u_soc_top.u_framebuffer_sram.memory.0.2.DOADO[16]
4226 RAMB36E1_PRIM u_soc_top.u_framebuffer_sram.memory.0.2.DOADO[17]
4227 RAMB36E1_PRIM u_soc_top.u_framebuffer_sram.memory.0.2.DOADO[18]
4228 RAMB36E1_PRIM u_soc_top.u_framebuffer_sram.memory.0.2.DOADO[19]
4229 RAMB36E1_PRIM u_soc_top.u_framebuffer_sram.memory.0.2.DOADO[20]
4230 RAMB36E1_PRIM u_soc_top.u_framebuffer_sram.memory.0.2.DOADO[21]
4231 RAMB36E1_PRIM u_soc_top.u_framebuffer_sram.memory.0.2.DOADO[22]
4232 RAMB36E1_PRIM u_soc_top.u_framebuffer_sram.memory.0.2.DOADO[23]
4233 RAMB36E1_PRIM u_soc_top.u_framebuffer_sram.memory.0.2.DOADO[24]
4234 RAMB36E1_PRIM u_soc_top.u_framebuffer_sram.memory.0.2.DOADO[25]
4235 RAMB36E1_PRIM u_soc_top.u_framebuffer_sram.memory.0.2.DOADO[26]
4236 RAMB36E1_PRIM u_soc_top.u_framebuffer_sram.memory.0.2.DOADO[27]
4237 RAMB36E1_PRIM u_soc_top.u_framebuffer_sram.memory.0.2.DOADO[28]
4238 RAMB36E1_PRIM u_soc_top.u_framebuffer_sram.memory.0.2.DOADO[29]
4239 RAMB36E1_PRIM u_soc_top.u_framebuffer_sram.memory.0.2.DOADO[30]
4240 RAMB36E1_PRIM u_soc_top.u_framebuffer_sram.memory.0.2.DOADO[31]
4241 RAMB36E1_PRIM u_soc_top.u_framebuffer_sram.memory.0.3.DOADO[0]
4242 RAMB36E1_PRIM u_soc_top.u_framebuffer_sram.memory.0.3.DOADO[1]
4243 RAMB36E1_PRIM u_soc_top.u_framebuffer_sram.memory.0.3.DOADO[2]
4244 RAMB36E1_PRIM u_soc_top.u_framebuffer_sram.memory.0.3.DOADO[3]
4245 RAMB36E1_PRIM u_soc_top.u_framebuffer_sram.memory.0.3.DOADO[4]
4246 RAMB36E1_PRIM u_soc_top.u_framebuffer_sram.memory.0.3.DOADO[5]
4247 RAMB36E1_PRIM u_soc_top.u_framebuffer_sram.memory.0.3.DOADO[6]
4248 RAMB36E1_PRIM u_soc_top.u_framebuffer_sram.memory.0.3.DOADO[7]
4249 RAMB36E1_PRIM u_soc_top.u_framebuffer_sram.memory.0.3.DOADO[8]
4250 RAMB36E1_PRIM u_soc_top.u_framebuffer_sram.memory.0.3.DOADO[9]
4251 RAMB36E1_PRIM u_soc_top.u_framebuffer_sram.memory.0.3.DOADO[10]
4252 RAMB36E1_PRIM u_soc_top.u_framebuffer_sram.memory.0.3.DOADO[11]
4253 RAMB36E1_PRIM u_soc_top.u_framebuffer_sram.memory.0.3.DOADO[12]
4254 RAMB36E1_PRIM u_soc_top.u_framebuffer_sram.memory.0.3.DOADO[13]
4255 RAMB36E1_PRIM u_soc_top.u_framebuffer_sram.memory.0.3.DOADO[14]
4256 RAMB36E1_PRIM u_soc_top.u_framebuffer_sram.memory.0.3.DOADO[15]
4257 RAMB36E1_PRIM u_soc_top.u_framebuffer_sram.memory.0.3.DOADO[16]
4258 RAMB36E1_PRIM u_soc_top.u_framebuffer_sram.memory.0.3.DOADO[17]
4259 RAMB36E1_PRIM u_soc_top.u_framebuffer_sram.memory.0.3.DOADO[18]
4260 RAMB36E1_PRIM u_soc_top.u_framebuffer_sram.memory.0.3.DOADO[19]
4261 RAMB36E1_PRIM u_soc_top.u_framebuffer_sram.memory.0.3.DOADO[20]
4262 RAMB36E1_PRIM u_soc_top.u_framebuffer_sram.memory.0.3.DOADO[21]
4263 RAMB36E1_PRIM u_soc_top.u_framebuffer_sram.memory.0.3.DOADO[22]
4264 RAMB36E1_PRIM u_soc_top.u_framebuffer_sram.memory.0.3.DOADO[23]
4265 RAMB36E1_PRIM u_soc_top.u_framebuffer_sram.memory.0.3.DOADO[24]
4266 RAMB36E1_PRIM u_soc_top.u_framebuffer_sram.memory.0.3.DOADO[25]
4267 RAMB36E1_PRIM u_soc_top.u_framebuffer_sram.memory.0.3.DOADO[26]
4268 RAMB36E1_PRIM u_soc_top.u_framebuffer_sram.memory.0.3.DOADO[27]
4269 RAMB36E1_PRIM u_soc_top.u_framebuffer_sram.memory.0.3.DOADO[28]
4270 RAMB36E1_PRIM u_soc_top.u_framebuffer_sram.memory.0.3.DOADO[29]
4271 RAMB36E1_PRIM u_soc_top.u_framebuffer_sram.memory.0.3.DOADO[30]
4272 RAMB36E1_PRIM u_soc_top.u_framebuffer_sram.memory.0.3.DOADO[31]
4273 RAMB36E1_PRIM u_soc_top.u_framebuffer_sram.memory.0.4.DOADO[0]
4274 RAMB36E1_PRIM u_soc_top.u_framebuffer_sram.memory.0.4.DOADO[1]
4275 RAMB36E1_PRIM u_soc_top.u_framebuffer_sram.memory.0.4.DOADO[2]
4276 RAMB36E1_PRIM u_soc_top.u_framebuffer_sram.memory.0.4.DOADO[3]
4277 RAMB36E1_PRIM u_soc_top.u_framebuffer_sram.memory.0.4.DOADO[4]
4278 RAMB36E1_PRIM u_soc_top.u_framebuffer_sram.memory.0.4.DOADO[5]
4279 RAMB36E1_PRIM u_soc_top.u_framebuffer_sram.memory.0.4.DOADO[6]
4280 RAMB36E1_PRIM u_soc_top.u_framebuffer_sram.memory.0.4.DOADO[7]
4281 RAMB36E1_PRIM u_soc_top.u_framebuffer_sram.memory.0.4.DOADO[8]
4282 RAMB36E1_PRIM u_soc_top.u_framebuffer_sram.memory.0.4.DOADO[9]
4283 RAMB36E1_PRIM u_soc_top.u_framebuffer_sram.memory.0.4.DOADO[10]
4284 RAMB36E1_PRIM u_soc_top.u_framebuffer_sram.memory.0.4.DOADO[11]
4285 RAMB36E1_PRIM u_soc_top.u_framebuffer_sram.memory.0.4.DOADO[12]
4286 RAMB36E1_PRIM u_soc_top.u_framebuffer_sram.memory.0.4.DOADO[13]
4287 RAMB36E1_PRIM u_soc_top.u_framebuffer_sram.memory.0.4.DOADO[14]
4288 RAMB36E1_PRIM u_soc_top.u_framebuffer_sram.memory.0.4.DOADO[15]
4289 RAMB36E1_PRIM u_soc_top.u_framebuffer_sram.memory.0.4.DOADO[16]
4290 RAMB36E1_PRIM u_soc_top.u_framebuffer_sram.memory.0.4.DOADO[17]
4291 RAMB36E1_PRIM u_soc_top.u_framebuffer_sram.memory.0.4.DOADO[18]
4292 RAMB36E1_PRIM u_soc_top.u_framebuffer_sram.memory.0.4.DOADO[19]
4293 RAMB36E1_PRIM u_soc_top.u_framebuffer_sram.memory.0.4.DOADO[20]
4294 RAMB36E1_PRIM u_soc_top.u_framebuffer_sram.memory.0.4.DOADO[21]
4295 RAMB36E1_PRIM u_soc_top.u_framebuffer_sram.memory.0.4.DOADO[22]
4296 RAMB36E1_PRIM u_soc_top.u_framebuffer_sram.memory.0.4.DOADO[23]
4297 RAMB36E1_PRIM u_soc_top.u_framebuffer_sram.memory.0.4.DOADO[24]
4298 RAMB36E1_PRIM u_soc_top.u_framebuffer_sram.memory.0.4.DOADO[25]
4299 RAMB36E1_PRIM u_soc_top.u_framebuffer_sram.memory.0.4.DOADO[26]
4300 RAMB36E1_PRIM u_soc_top.u_framebuffer_sram.memory.0.4.DOADO[27]
4301 RAMB36E1_PRIM u_soc_top.u_framebuffer_sram.memory.0.4.DOADO[28]
4302 RAMB36E1_PRIM u_soc_top.u_framebuffer_sram.memory.0.4.DOADO[29]
4303 RAMB36E1_PRIM u_soc_top.u_framebuffer_sram.memory.0.4.DOADO[30]
4304 RAMB36E1_PRIM u_soc_top.u_framebuffer_sram.memory.0.4.DOADO[31]
4305 RAMB36E1_PRIM u_soc_top.u_framebuffer_sram.memory.0.5.DOADO[0]
4306 RAMB36E1_PRIM u_soc_top.u_framebuffer_sram.memory.0.5.DOADO[1]
4307 RAMB36E1_PRIM u_soc_top.u_framebuffer_sram.memory.0.5.DOADO[2]
4308 RAMB36E1_PRIM u_soc_top.u_framebuffer_sram.memory.0.5.DOADO[3]
4309 RAMB36E1_PRIM u_soc_top.u_framebuffer_sram.memory.0.5.DOADO[4]
4310 RAMB36E1_PRIM u_soc_top.u_framebuffer_sram.memory.0.5.DOADO[5]
4311 RAMB36E1_PRIM u_soc_top.u_framebuffer_sram.memory.0.5.DOADO[6]
4312 RAMB36E1_PRIM u_soc_top.u_framebuffer_sram.memory.0.5.DOADO[7]
4313 RAMB36E1_PRIM u_soc_top.u_framebuffer_sram.memory.0.5.DOADO[8]
4314 RAMB36E1_PRIM u_soc_top.u_framebuffer_sram.memory.0.5.DOADO[9]
4315 RAMB36E1_PRIM u_soc_top.u_framebuffer_sram.memory.0.5.DOADO[10]
4316 RAMB36E1_PRIM u_soc_top.u_framebuffer_sram.memory.0.5.DOADO[11]
4317 RAMB36E1_PRIM u_soc_top.u_framebuffer_sram.memory.0.5.DOADO[12]
4318 RAMB36E1_PRIM u_soc_top.u_framebuffer_sram.memory.0.5.DOADO[13]
4319 RAMB36E1_PRIM u_soc_top.u_framebuffer_sram.memory.0.5.DOADO[14]
4320 RAMB36E1_PRIM u_soc_top.u_framebuffer_sram.memory.0.5.DOADO[15]
4321 RAMB36E1_PRIM u_soc_top.u_framebuffer_sram.memory.0.5.DOADO[16]
4322 RAMB36E1_PRIM u_soc_top.u_framebuffer_sram.memory.0.5.DOADO[17]
4323 RAMB36E1_PRIM u_soc_top.u_framebuffer_sram.memory.0.5.DOADO[18]
4324 RAMB36E1_PRIM u_soc_top.u_framebuffer_sram.memory.0.5.DOADO[19]
4325 RAMB36E1_PRIM u_soc_top.u_framebuffer_sram.memory.0.5.DOADO[20]
4326 RAMB36E1_PRIM u_soc_top.u_framebuffer_sram.memory.0.5.DOADO[21]
4327 RAMB36E1_PRIM u_soc_top.u_framebuffer_sram.memory.0.5.DOADO[22]
4328 RAMB36E1_PRIM u_soc_top.u_framebuffer_sram.memory.0.5.DOADO[23]
4329 RAMB36E1_PRIM u_soc_top.u_framebuffer_sram.memory.0.5.DOADO[24]
4330 RAMB36E1_PRIM u_soc_top.u_framebuffer_sram.memory.0.5.DOADO[25]
4331 RAMB36E1_PRIM u_soc_top.u_framebuffer_sram.memory.0.5.DOADO[26]
4332 RAMB36E1_PRIM u_soc_top.u_framebuffer_sram.memory.0.5.DOADO[27]
4333 RAMB36E1_PRIM u_soc_top.u_framebuffer_sram.memory.0.5.DOADO[28]
4334 RAMB36E1_PRIM u_soc_top.u_framebuffer_sram.memory.0.5.DOADO[29]
4335 RAMB36E1_PRIM u_soc_top.u_framebuffer_sram.memory.0.5.DOADO[30]
4336 RAMB36E1_PRIM u_soc_top.u_framebuffer_sram.memory.0.5.DOADO[31]
4337 RAMB36E1_PRIM u_soc_top.u_framebuffer_sram.memory.0.6.DOADO[0]
4338 RAMB36E1_PRIM u_soc_top.u_framebuffer_sram.memory.0.6.DOADO[1]
4339 RAMB36E1_PRIM u_soc_top.u_framebuffer_sram.memory.0.6.DOADO[2]
4340 RAMB36E1_PRIM u_soc_top.u_framebuffer_sram.memory.0.6.DOADO[3]
4341 RAMB36E1_PRIM u_soc_top.u_framebuffer_sram.memory.0.6.DOADO[4]
4342 RAMB36E1_PRIM u_soc_top.u_framebuffer_sram.memory.0.6.DOADO[5]
4343 RAMB36E1_PRIM u_soc_top.u_framebuffer_sram.memory.0.6.DOADO[6]
4344 RAMB36E1_PRIM u_soc_top.u_framebuffer_sram.memory.0.6.DOADO[7]
4345 RAMB36E1_PRIM u_soc_top.u_framebuffer_sram.memory.0.6.DOADO[8]
4346 RAMB36E1_PRIM u_soc_top.u_framebuffer_sram.memory.0.6.DOADO[9]
4347 RAMB36E1_PRIM u_soc_top.u_framebuffer_sram.memory.0.6.DOADO[10]
4348 RAMB36E1_PRIM u_soc_top.u_framebuffer_sram.memory.0.6.DOADO[11]
4349 RAMB36E1_PRIM u_soc_top.u_framebuffer_sram.memory.0.6.DOADO[12]
4350 RAMB36E1_PRIM u_soc_top.u_framebuffer_sram.memory.0.6.DOADO[13]
4351 RAMB36E1_PRIM u_soc_top.u_framebuffer_sram.memory.0.6.DOADO[14]
4352 RAMB36E1_PRIM u_soc_top.u_framebuffer_sram.memory.0.6.DOADO[15]
4353 RAMB36E1_PRIM u_soc_top.u_framebuffer_sram.memory.0.6.DOADO[16]
4354 RAMB36E1_PRIM u_soc_top.u_framebuffer_sram.memory.0.6.DOADO[17]
4355 RAMB36E1_PRIM u_soc_top.u_framebuffer_sram.memory.0.6.DOADO[18]
4356 RAMB36E1_PRIM u_soc_top.u_framebuffer_sram.memory.0.6.DOADO[19]
4357 RAMB36E1_PRIM u_soc_top.u_framebuffer_sram.memory.0.6.DOADO[20]
4358 RAMB36E1_PRIM u_soc_top.u_framebuffer_sram.memory.0.6.DOADO[21]
4359 RAMB36E1_PRIM u_soc_top.u_framebuffer_sram.memory.0.6.DOADO[22]
4360 RAMB36E1_PRIM u_soc_top.u_framebuffer_sram.memory.0.6.DOADO[23]
4361 RAMB36E1_PRIM u_soc_top.u_framebuffer_sram.memory.0.6.DOADO[24]
4362 RAMB36E1_PRIM u_soc_top.u_framebuffer_sram.memory.0.6.DOADO[25]
4363 RAMB36E1_PRIM u_soc_top.u_framebuffer_sram.memory.0.6.DOADO[26]
4364 RAMB36E1_PRIM u_soc_top.u_framebuffer_sram.memory.0.6.DOADO[27]
4365 RAMB36E1_PRIM u_soc_top.u_framebuffer_sram.memory.0.6.DOADO[28]
4366 RAMB36E1_PRIM u_soc_top.u_framebuffer_sram.memory.0.6.DOADO[29]
4367 RAMB36E1_PRIM u_soc_top.u_framebuffer_sram.memory.0.6.DOADO[30]
4368 RAMB36E1_PRIM u_soc_top.u_framebuffer_sram.memory.0.6.DOADO[31]
4369 RAMB36E1_PRIM u_soc_top.u_framebuffer_sram.memory.0.7.DOADO[0]
4370 RAMB36E1_PRIM u_soc_top.u_framebuffer_sram.memory.0.7.DOADO[1]
4371 RAMB36E1_PRIM u_soc_top.u_framebuffer_sram.memory.0.7.DOADO[2]
4372 RAMB36E1_PRIM u_soc_top.u_framebuffer_sram.memory.0.7.DOADO[3]
4373 RAMB36E1_PRIM u_soc_top.u_framebuffer_sram.memory.0.7.DOADO[4]
4374 RAMB36E1_PRIM u_soc_top.u_framebuffer_sram.memory.0.7.DOADO[5]
4375 RAMB36E1_PRIM u_soc_top.u_framebuffer_sram.memory.0.7.DOADO[6]
4376 RAMB36E1_PRIM u_soc_top.u_framebuffer_sram.memory.0.7.DOADO[7]
4377 RAMB36E1_PRIM u_soc_top.u_framebuffer_sram.memory.0.7.DOADO[8]
4378 RAMB36E1_PRIM u_soc_top.u_framebuffer_sram.memory.0.7.DOADO[9]
4379 RAMB36E1_PRIM u_soc_top.u_framebuffer_sram.memory.0.7.DOADO[10]
4380 RAMB36E1_PRIM u_soc_top.u_framebuffer_sram.memory.0.7.DOADO[11]
4381 RAMB36E1_PRIM u_soc_top.u_framebuffer_sram.memory.0.7.DOADO[12]
4382 RAMB36E1_PRIM u_soc_top.u_framebuffer_sram.memory.0.7.DOADO[13]
4383 RAMB36E1_PRIM u_soc_top.u_framebuffer_sram.memory.0.7.DOADO[14]
4384 RAMB36E1_PRIM u_soc_top.u_framebuffer_sram.memory.0.7.DOADO[15]
4385 RAMB36E1_PRIM u_soc_top.u_framebuffer_sram.memory.0.7.DOADO[16]
4386 RAMB36E1_PRIM u_soc_top.u_framebuffer_sram.memory.0.7.DOADO[17]
4387 RAMB36E1_PRIM u_soc_top.u_framebuffer_sram.memory.0.7.DOADO[18]
4388 RAMB36E1_PRIM u_soc_top.u_framebuffer_sram.memory.0.7.DOADO[19]
4389 RAMB36E1_PRIM u_soc_top.u_framebuffer_sram.memory.0.7.DOADO[20]
4390 RAMB36E1_PRIM u_soc_top.u_framebuffer_sram.memory.0.7.DOADO[21]
4391 RAMB36E1_PRIM u_soc_top.u_framebuffer_sram.memory.0.7.DOADO[22]
4392 RAMB36E1_PRIM u_soc_top.u_framebuffer_sram.memory.0.7.DOADO[23]
4393 RAMB36E1_PRIM u_soc_top.u_framebuffer_sram.memory.0.7.DOADO[24]
4394 RAMB36E1_PRIM u_soc_top.u_framebuffer_sram.memory.0.7.DOADO[25]
4395 RAMB36E1_PRIM u_soc_top.u_framebuffer_sram.memory.0.7.DOADO[26]
4396 RAMB36E1_PRIM u_soc_top.u_framebuffer_sram.memory.0.7.DOADO[27]
4397 RAMB36E1_PRIM u_soc_top.u_framebuffer_sram.memory.0.7.DOADO[28]
4398 RAMB36E1_PRIM u_soc_top.u_framebuffer_sram.memory.0.7.DOADO[29]
4399 RAMB36E1_PRIM u_soc_top.u_framebuffer_sram.memory.0.7.DOADO[30]
4400 RAMB36E1_PRIM u_soc_top.u_framebuffer_sram.memory.0.7.DOADO[31]
4401 RAMB36E1_PRIM u_soc_top.u_framebuffer_sram.memory.0.8.DOADO[0]
4402 RAMB36E1_PRIM u_soc_top.u_framebuffer_sram.memory.0.8.DOADO[1]
4403 RAMB36E1_PRIM u_soc_top.u_framebuffer_sram.memory.0.8.DOADO[2]
4404 RAMB36E1_PRIM u_soc_top.u_framebuffer_sram.memory.0.8.DOADO[3]
4405 RAMB36E1_PRIM u_soc_top.u_framebuffer_sram.memory.0.8.DOADO[4]
4406 RAMB36E1_PRIM u_soc_top.u_framebuffer_sram.memory.0.8.DOADO[5]
4407 RAMB36E1_PRIM u_soc_top.u_framebuffer_sram.memory.0.8.DOADO[6]
4408 RAMB36E1_PRIM u_soc_top.u_framebuffer_sram.memory.0.8.DOADO[7]
4409 RAMB36E1_PRIM u_soc_top.u_framebuffer_sram.memory.0.8.DOADO[8]
4410 RAMB36E1_PRIM u_soc_top.u_framebuffer_sram.memory.0.8.DOADO[9]
4411 RAMB36E1_PRIM u_soc_top.u_framebuffer_sram.memory.0.8.DOADO[10]
4412 RAMB36E1_PRIM u_soc_top.u_framebuffer_sram.memory.0.8.DOADO[11]
4413 RAMB36E1_PRIM u_soc_top.u_framebuffer_sram.memory.0.8.DOADO[12]
4414 RAMB36E1_PRIM u_soc_top.u_framebuffer_sram.memory.0.8.DOADO[13]
4415 RAMB36E1_PRIM u_soc_top.u_framebuffer_sram.memory.0.8.DOADO[14]
4416 RAMB36E1_PRIM u_soc_top.u_framebuffer_sram.memory.0.8.DOADO[15]
4417 RAMB36E1_PRIM u_soc_top.u_framebuffer_sram.memory.0.8.DOADO[16]
4418 RAMB36E1_PRIM u_soc_top.u_framebuffer_sram.memory.0.8.DOADO[17]
4419 RAMB36E1_PRIM u_soc_top.u_framebuffer_sram.memory.0.8.DOADO[18]
4420 RAMB36E1_PRIM u_soc_top.u_framebuffer_sram.memory.0.8.DOADO[19]
4421 RAMB36E1_PRIM u_soc_top.u_framebuffer_sram.memory.0.8.DOADO[20]
4422 RAMB36E1_PRIM u_soc_top.u_framebuffer_sram.memory.0.8.DOADO[21]
4423 RAMB36E1_PRIM u_soc_top.u_framebuffer_sram.memory.0.8.DOADO[22]
4424 RAMB36E1_PRIM u_soc_top.u_framebuffer_sram.memory.0.8.DOADO[23]
4425 RAMB36E1_PRIM u_soc_top.u_framebuffer_sram.memory.0.8.DOADO[24]
4426 RAMB36E1_PRIM u_soc_top.u_framebuffer_sram.memory.0.8.DOADO[25]
4427 RAMB36E1_PRIM u_soc_top.u_framebuffer_sram.memory.0.8.DOADO[26]
4428 RAMB36E1_PRIM u_soc_top.u_framebuffer_sram.memory.0.8.DOADO[27]
4429 RAMB36E1_PRIM u_soc_top.u_framebuffer_sram.memory.0.8.DOADO[28]
4430 RAMB36E1_PRIM u_soc_top.u_framebuffer_sram.memory.0.8.DOADO[29]
4431 RAMB36E1_PRIM u_soc_top.u_framebuffer_sram.memory.0.8.DOADO[30]
4432 RAMB36E1_PRIM u_soc_top.u_framebuffer_sram.memory.0.8.DOADO[31]
4433 RAMB36E1_PRIM u_soc_top.u_framebuffer_sram.memory.0.9.DOADO[0]
4434 RAMB36E1_PRIM u_soc_top.u_framebuffer_sram.memory.0.9.DOADO[1]
4435 RAMB36E1_PRIM u_soc_top.u_framebuffer_sram.memory.0.9.DOADO[2]
4436 RAMB36E1_PRIM u_soc_top.u_framebuffer_sram.memory.0.9.DOADO[3]
4437 RAMB36E1_PRIM u_soc_top.u_framebuffer_sram.memory.0.9.DOADO[4]
4438 RAMB36E1_PRIM u_soc_top.u_framebuffer_sram.memory.0.9.DOADO[5]
4439 RAMB36E1_PRIM u_soc_top.u_framebuffer_sram.memory.0.9.DOADO[6]
4440 RAMB36E1_PRIM u_soc_top.u_framebuffer_sram.memory.0.9.DOADO[7]
4441 RAMB36E1_PRIM u_soc_top.u_framebuffer_sram.memory.0.9.DOADO[8]
4442 RAMB36E1_PRIM u_soc_top.u_framebuffer_sram.memory.0.9.DOADO[9]
4443 RAMB36E1_PRIM u_soc_top.u_framebuffer_sram.memory.0.9.DOADO[10]
4444 RAMB36E1_PRIM u_soc_top.u_framebuffer_sram.memory.0.9.DOADO[11]
4445 RAMB36E1_PRIM u_soc_top.u_framebuffer_sram.memory.0.9.DOADO[12]
4446 RAMB36E1_PRIM u_soc_top.u_framebuffer_sram.memory.0.9.DOADO[13]
4447 RAMB36E1_PRIM u_soc_top.u_framebuffer_sram.memory.0.9.DOADO[14]
4448 RAMB36E1_PRIM u_soc_top.u_framebuffer_sram.memory.0.9.DOADO[15]
4449 RAMB36E1_PRIM u_soc_top.u_framebuffer_sram.memory.0.9.DOADO[16]
4450 RAMB36E1_PRIM u_soc_top.u_framebuffer_sram.memory.0.9.DOADO[17]
4451 RAMB36E1_PRIM u_soc_top.u_framebuffer_sram.memory.0.9.DOADO[18]
4452 RAMB36E1_PRIM u_soc_top.u_framebuffer_sram.memory.0.9.DOADO[19]
4453 RAMB36E1_PRIM u_soc_top.u_framebuffer_sram.memory.0.9.DOADO[20]
4454 RAMB36E1_PRIM u_soc_top.u_framebuffer_sram.memory.0.9.DOADO[21]
4455 RAMB36E1_PRIM u_soc_top.u_framebuffer_sram.memory.0.9.DOADO[22]
4456 RAMB36E1_PRIM u_soc_top.u_framebuffer_sram.memory.0.9.DOADO[23]
4457 RAMB36E1_PRIM u_soc_top.u_framebuffer_sram.memory.0.9.DOADO[24]
4458 RAMB36E1_PRIM u_soc_top.u_framebuffer_sram.memory.0.9.DOADO[25]
4459 RAMB36E1_PRIM u_soc_top.u_framebuffer_sram.memory.0.9.DOADO[26]
4460 RAMB36E1_PRIM u_soc_top.u_framebuffer_sram.memory.0.9.DOADO[27]
4461 RAMB36E1_PRIM u_soc_top.u_framebuffer_sram.memory.0.9.DOADO[28]
4462 RAMB36E1_PRIM u_soc_top.u_framebuffer_sram.memory.0.9.DOADO[29]
4463 RAMB36E1_PRIM u_soc_top.u_framebuffer_sram.memory.0.9.DOADO[30]
4464 RAMB36E1_PRIM u_soc_top.u_framebuffer_sram.memory.0.9.DOADO[31]
35040 RAMB36E1_PRIM u_soc_top.u_framebuffer_sram.memory.0.0.ADDRBWRADDRL[0]
35041 RAMB36E1_PRIM u_soc_top.u_framebuffer_sram.memory.0.0.ADDRBWRADDRL[1]
35042 RAMB36E1_PRIM u_soc_top.u_framebuffer_sram.memory.0.0.ADDRBWRADDRL[2]
35043 RAMB36E1_PRIM u_soc_top.u_framebuffer_sram.memory.0.0.ADDRBWRADDRL[3]
35044 RAMB36E1_PRIM u_soc_top.u_framebuffer_sram.memory.0.0.ADDRBWRADDRL[4]
35045 RAMB36E1_PRIM u_soc_top.u_framebuffer_sram.memory.0.0.ADDRBWRADDRL[5]
35046 RAMB36E1_PRIM u_soc_top.u_framebuffer_sram.memory.0.0.ADDRBWRADDRL[6]
35047 RAMB36E1_PRIM u_soc_top.u_framebuffer_sram.memory.0.0.ADDRBWRADDRL[7]
35048 RAMB36E1_PRIM u_soc_top.u_framebuffer_sram.memory.0.0.ADDRBWRADDRL[8]
35049 RAMB36E1_PRIM u_soc_top.u_framebuffer_sram.memory.0.0.ADDRBWRADDRL[9]
35050 RAMB36E1_PRIM u_soc_top.u_framebuffer_sram.memory.0.0.ADDRBWRADDRL[10]
35051 RAMB36E1_PRIM u_soc_top.u_framebuffer_sram.memory.0.0.ADDRBWRADDRL[11]
35052 RAMB36E1_PRIM u_soc_top.u_framebuffer_sram.memory.0.0.ADDRBWRADDRL[12]
35053 RAMB36E1_PRIM u_soc_top.u_framebuffer_sram.memory.0.0.ADDRBWRADDRL[13]
35054 RAMB36E1_PRIM u_soc_top.u_framebuffer_sram.memory.0.0.ADDRBWRADDRL[14]
35055 RAMB36E1_PRIM u_soc_top.u_framebuffer_sram.memory.0.0.ADDRBWRADDRL[15]
35056 RAMB36E1_PRIM u_soc_top.u_framebuffer_sram.memory.0.0.ADDRBWRADDRU[0]
35057 RAMB36E1_PRIM u_soc_top.u_framebuffer_sram.memory.0.0.ADDRBWRADDRU[1]
35058 RAMB36E1_PRIM u_soc_top.u_framebuffer_sram.memory.0.0.ADDRBWRADDRU[2]
35059 RAMB36E1_PRIM u_soc_top.u_framebuffer_sram.memory.0.0.ADDRBWRADDRU[3]
35060 RAMB36E1_PRIM u_soc_top.u_framebuffer_sram.memory.0.0.ADDRBWRADDRU[4]
35061 RAMB36E1_PRIM u_soc_top.u_framebuffer_sram.memory.0.0.ADDRBWRADDRU[5]
35062 RAMB36E1_PRIM u_soc_top.u_framebuffer_sram.memory.0.0.ADDRBWRADDRU[6]
35063 RAMB36E1_PRIM u_soc_top.u_framebuffer_sram.memory.0.0.ADDRBWRADDRU[7]
35064 RAMB36E1_PRIM u_soc_top.u_framebuffer_sram.memory.0.0.ADDRBWRADDRU[8]
35065 RAMB36E1_PRIM u_soc_top.u_framebuffer_sram.memory.0.0.ADDRBWRADDRU[9]
35066 RAMB36E1_PRIM u_soc_top.u_framebuffer_sram.memory.0.0.ADDRBWRADDRU[10]
35067 RAMB36E1_PRIM u_soc_top.u_framebuffer_sram.memory.0.0.ADDRBWRADDRU[11]
35068 RAMB36E1_PRIM u_soc_top.u_framebuffer_sram.memory.0.0.ADDRBWRADDRU[12]
35069 RAMB36E1_PRIM u_soc_top.u_framebuffer_sram.memory.0.0.ADDRBWRADDRU[13]
35070 RAMB36E1_PRIM u_soc_top.u_framebuffer_sram.memory.0.0.ADDRBWRADDRU[14]
35071 RAMB36E1_PRIM u_soc_top.u_framebuffer_sram.memory.0.0.DIBDI[0]
35072 RAMB36E1_PRIM u_soc_top.u_framebuffer_sram.memory.0.0.DIBDI[1]
35073 RAMB36E1_PRIM u_soc_top.u_framebuffer_sram.memory.0.0.DIBDI[2]
35074 RAMB36E1_PRIM u_soc_top.u_framebuffer_sram.memory.0.0.DIBDI[3]
35075 RAMB36E1_PRIM u_soc_top.u_framebuffer_sram.memory.0.0.DIBDI[4]
35076 RAMB36E1_PRIM u_soc_top.u_framebuffer_sram.memory.0.0.DIBDI[5]
35077 RAMB36E1_PRIM u_soc_top.u_framebuffer_sram.memory.0.0.DIBDI[6]
35078 RAMB36E1_PRIM u_soc_top.u_framebuffer_sram.memory.0.0.DIBDI[7]
35079 RAMB36E1_PRIM u_soc_top.u_framebuffer_sram.memory.0.0.DIBDI[8]
35080 RAMB36E1_PRIM u_soc_top.u_framebuffer_sram.memory.0.0.DIBDI[9]
35081 RAMB36E1_PRIM u_soc_top.u_framebuffer_sram.memory.0.0.DIBDI[10]
35082 RAMB36E1_PRIM u_soc_top.u_framebuffer_sram.memory.0.0.DIBDI[11]
35083 RAMB36E1_PRIM u_soc_top.u_framebuffer_sram.memory.0.0.DIBDI[12]
35084 RAMB36E1_PRIM u_soc_top.u_framebuffer_sram.memory.0.0.DIBDI[13]
35085 RAMB36E1_PRIM u_soc_top.u_framebuffer_sram.memory.0.0.DIBDI[14]
35086 RAMB36E1_PRIM u_soc_top.u_framebuffer_sram.memory.0.0.DIBDI[15]
35087 RAMB36E1_PRIM u_soc_top.u_framebuffer_sram.memory.0.0.DIBDI[16]
35088 RAMB36E1_PRIM u_soc_top.u_framebuffer_sram.memory.0.0.DIBDI[17]
35089 RAMB36E1_PRIM u_soc_top.u_framebuffer_sram.memory.0.0.DIBDI[18]
35090 RAMB36E1_PRIM u_soc_top.u_framebuffer_sram.memory.0.0.DIBDI[19]
35091 RAMB36E1_PRIM u_soc_top.u_framebuffer_sram.memory.0.0.DIBDI[20]
35092 RAMB36E1_PRIM u_soc_top.u_framebuffer_sram.memory.0.0.DIBDI[21]
35093 RAMB36E1_PRIM u_soc_top.u_framebuffer_sram.memory.0.0.DIBDI[22]
35094 RAMB36E1_PRIM u_soc_top.u_framebuffer_sram.memory.0.0.DIBDI[23]
35095 RAMB36E1_PRIM u_soc_top.u_framebuffer_sram.memory.0.0.DIBDI[24]
35096 RAMB36E1_PRIM u_soc_top.u_framebuffer_sram.memory.0.0.DIBDI[25]
35097 RAMB36E1_PRIM u_soc_top.u_framebuffer_sram.memory.0.0.DIBDI[26]
35098 RAMB36E1_PRIM u_soc_top.u_framebuffer_sram.memory.0.0.DIBDI[27]
35099 RAMB36E1_PRIM u_soc_top.u_framebuffer_sram.memory.0.0.DIBDI[28]
35100 RAMB36E1_PRIM u_soc_top.u_framebuffer_sram.memory.0.0.DIBDI[29]
35101 RAMB36E1_PRIM u_soc_top.u_framebuffer_sram.memory.0.0.DIBDI[30]
35102 RAMB36E1_PRIM u_soc_top.u_framebuffer_sram.memory.0.0.DIBDI[31]
35103 RAMB36E1_PRIM u_soc_top.u_framebuffer_sram.memory.0.0.DIPBDIP[0]
35104 RAMB36E1_PRIM u_soc_top.u_framebuffer_sram.memory.0.0.DIPBDIP[1]
35105 RAMB36E1_PRIM u_soc_top.u_framebuffer_sram.memory.0.0.DIPBDIP[2]
35106 RAMB36E1_PRIM u_soc_top.u_framebuffer_sram.memory.0.0.DIPBDIP[3]
35107 RAMB36E1_PRIM u_soc_top.u_framebuffer_sram.memory.0.0.ENBWRENL[0]
35108 RAMB36E1_PRIM u_soc_top.u_framebuffer_sram.memory.0.0.ENBWRENU[0]
35109 RAMB36E1_PRIM u_soc_top.u_framebuffer_sram.memory.0.0.REGCEBL[0]
35110 RAMB36E1_PRIM u_soc_top.u_framebuffer_sram.memory.0.0.REGCEBU[0]
35111 RAMB36E1_PRIM u_soc_top.u_framebuffer_sram.memory.0.0.REGCLKBL[0]
35112 RAMB36E1_PRIM u_soc_top.u_framebuffer_sram.memory.0.0.REGCLKBU[0]
35113 RAMB36E1_PRIM u_soc_top.u_framebuffer_sram.memory.0.0.RSTRAMBL[0]
35114 RAMB36E1_PRIM u_soc_top.u_framebuffer_sram.memory.0.0.RSTRAMBU[0]
35115 RAMB36E1_PRIM u_soc_top.u_framebuffer_sram.memory.0.0.RSTREGBL[0]
35116 RAMB36E1_PRIM u_soc_top.u_framebuffer_sram.memory.0.0.RSTREGBU[0]
35117 RAMB36E1_PRIM u_soc_top.u_framebuffer_sram.memory.0.0.WEBWEL[0]
35118 RAMB36E1_PRIM u_soc_top.u_framebuffer_sram.memory.0.0.WEBWEL[1]
35119 RAMB36E1_PRIM u_soc_top.u_framebuffer_sram.memory.0.0.WEBWEL[2]
35120 RAMB36E1_PRIM u_soc_top.u_framebuffer_sram.memory.0.0.WEBWEL[3]
35121 RAMB36E1_PRIM u_soc_top.u_framebuffer_sram.memory.0.0.WEBWEL[4]
35122 RAMB36E1_PRIM u_soc_top.u_framebuffer_sram.memory.0.0.WEBWEL[5]
35123 RAMB36E1_PRIM u_soc_top.u_framebuffer_sram.memory.0.0.WEBWEL[6]
35124 RAMB36E1_PRIM u_soc_top.u_framebuffer_sram.memory.0.0.WEBWEL[7]
35125 RAMB36E1_PRIM u_soc_top.u_framebuffer_sram.memory.0.0.WEBWEU[0]
35126 RAMB36E1_PRIM u_soc_top.u_framebuffer_sram.memory.0.0.WEBWEU[1]
35127 RAMB36E1_PRIM u_soc_top.u_framebuffer_sram.memory.0.0.WEBWEU[2]
35128 RAMB36E1_PRIM u_soc_top.u_framebuffer_sram.memory.0.0.WEBWEU[3]
35129 RAMB36E1_PRIM u_soc_top.u_framebuffer_sram.memory.0.0.WEBWEU[4]
35130 RAMB36E1_PRIM u_soc_top.u_framebuffer_sram.memory.0.0.WEBWEU[5]
35131 RAMB36E1_PRIM u_soc_top.u_framebuffer_sram.memory.0.0.WEBWEU[6]
35132 RAMB36E1_PRIM u_soc_top.u_framebuffer_sram.memory.0.0.WEBWEU[7]
35133 RAMB36E1_PRIM u_soc_top.u_framebuffer_sram.memory.0.1.ADDRBWRADDRL[0]
35134 RAMB36E1_PRIM u_soc_top.u_framebuffer_sram.memory.0.1.ADDRBWRADDRL[1]
35135 RAMB36E1_PRIM u_soc_top.u_framebuffer_sram.memory.0.1.ADDRBWRADDRL[2]
35136 RAMB36E1_PRIM u_soc_top.u_framebuffer_sram.memory.0.1.ADDRBWRADDRL[3]
35137 RAMB36E1_PRIM u_soc_top.u_framebuffer_sram.memory.0.1.ADDRBWRADDRL[4]
35138 RAMB36E1_PRIM u_soc_top.u_framebuffer_sram.memory.0.1.ADDRBWRADDRL[5]
35139 RAMB36E1_PRIM u_soc_top.u_framebuffer_sram.memory.0.1.ADDRBWRADDRL[6]
35140 RAMB36E1_PRIM u_soc_top.u_framebuffer_sram.memory.0.1.ADDRBWRADDRL[7]
35141 RAMB36E1_PRIM u_soc_top.u_framebuffer_sram.memory.0.1.ADDRBWRADDRL[8]
35142 RAMB36E1_PRIM u_soc_top.u_framebuffer_sram.memory.0.1.ADDRBWRADDRL[9]
35143 RAMB36E1_PRIM u_soc_top.u_framebuffer_sram.memory.0.1.ADDRBWRADDRL[10]
35144 RAMB36E1_PRIM u_soc_top.u_framebuffer_sram.memory.0.1.ADDRBWRADDRL[11]
35145 RAMB36E1_PRIM u_soc_top.u_framebuffer_sram.memory.0.1.ADDRBWRADDRL[12]
35146 RAMB36E1_PRIM u_soc_top.u_framebuffer_sram.memory.0.1.ADDRBWRADDRL[13]
35147 RAMB36E1_PRIM u_soc_top.u_framebuffer_sram.memory.0.1.ADDRBWRADDRL[14]
35148 RAMB36E1_PRIM u_soc_top.u_framebuffer_sram.memory.0.1.ADDRBWRADDRL[15]
35149 RAMB36E1_PRIM u_soc_top.u_framebuffer_sram.memory.0.1.ADDRBWRADDRU[0]
35150 RAMB36E1_PRIM u_soc_top.u_framebuffer_sram.memory.0.1.ADDRBWRADDRU[1]
35151 RAMB36E1_PRIM u_soc_top.u_framebuffer_sram.memory.0.1.ADDRBWRADDRU[2]
35152 RAMB36E1_PRIM u_soc_top.u_framebuffer_sram.memory.0.1.ADDRBWRADDRU[3]
35153 RAMB36E1_PRIM u_soc_top.u_framebuffer_sram.memory.0.1.ADDRBWRADDRU[4]
35154 RAMB36E1_PRIM u_soc_top.u_framebuffer_sram.memory.0.1.ADDRBWRADDRU[5]
35155 RAMB36E1_PRIM u_soc_top.u_framebuffer_sram.memory.0.1.ADDRBWRADDRU[6]
35156 RAMB36E1_PRIM u_soc_top.u_framebuffer_sram.memory.0.1.ADDRBWRADDRU[7]
35157 RAMB36E1_PRIM u_soc_top.u_framebuffer_sram.memory.0.1.ADDRBWRADDRU[8]
35158 RAMB36E1_PRIM u_soc_top.u_framebuffer_sram.memory.0.1.ADDRBWRADDRU[9]
35159 RAMB36E1_PRIM u_soc_top.u_framebuffer_sram.memory.0.1.ADDRBWRADDRU[10]
35160 RAMB36E1_PRIM u_soc_top.u_framebuffer_sram.memory.0.1.ADDRBWRADDRU[11]
35161 RAMB36E1_PRIM u_soc_top.u_framebuffer_sram.memory.0.1.ADDRBWRADDRU[12]
35162 RAMB36E1_PRIM u_soc_top.u_framebuffer_sram.memory.0.1.ADDRBWRADDRU[13]
35163 RAMB36E1_PRIM u_soc_top.u_framebuffer_sram.memory.0.1.ADDRBWRADDRU[14]
35164 RAMB36E1_PRIM u_soc_top.u_framebuffer_sram.memory.0.1.DIBDI[0]
35165 RAMB36E1_PRIM u_soc_top.u_framebuffer_sram.memory.0.1.DIBDI[1]
35166 RAMB36E1_PRIM u_soc_top.u_framebuffer_sram.memory.0.1.DIBDI[2]
35167 RAMB36E1_PRIM u_soc_top.u_framebuffer_sram.memory.0.1.DIBDI[3]
35168 RAMB36E1_PRIM u_soc_top.u_framebuffer_sram.memory.0.1.DIBDI[4]
35169 RAMB36E1_PRIM u_soc_top.u_framebuffer_sram.memory.0.1.DIBDI[5]
35170 RAMB36E1_PRIM u_soc_top.u_framebuffer_sram.memory.0.1.DIBDI[6]
35171 RAMB36E1_PRIM u_soc_top.u_framebuffer_sram.memory.0.1.DIBDI[7]
35172 RAMB36E1_PRIM u_soc_top.u_framebuffer_sram.memory.0.1.DIBDI[8]
35173 RAMB36E1_PRIM u_soc_top.u_framebuffer_sram.memory.0.1.DIBDI[9]
35174 RAMB36E1_PRIM u_soc_top.u_framebuffer_sram.memory.0.1.DIBDI[10]
35175 RAMB36E1_PRIM u_soc_top.u_framebuffer_sram.memory.0.1.DIBDI[11]
35176 RAMB36E1_PRIM u_soc_top.u_framebuffer_sram.memory.0.1.DIBDI[12]
35177 RAMB36E1_PRIM u_soc_top.u_framebuffer_sram.memory.0.1.DIBDI[13]
35178 RAMB36E1_PRIM u_soc_top.u_framebuffer_sram.memory.0.1.DIBDI[14]
35179 RAMB36E1_PRIM u_soc_top.u_framebuffer_sram.memory.0.1.DIBDI[15]
35180 RAMB36E1_PRIM u_soc_top.u_framebuffer_sram.memory.0.1.DIBDI[16]
35181 RAMB36E1_PRIM u_soc_top.u_framebuffer_sram.memory.0.1.DIBDI[17]
35182 RAMB36E1_PRIM u_soc_top.u_framebuffer_sram.memory.0.1.DIBDI[18]
35183 RAMB36E1_PRIM u_soc_top.u_framebuffer_sram.memory.0.1.DIBDI[19]
35184 RAMB36E1_PRIM u_soc_top.u_framebuffer_sram.memory.0.1.DIBDI[20]
35185 RAMB36E1_PRIM u_soc_top.u_framebuffer_sram.memory.0.1.DIBDI[21]
35186 RAMB36E1_PRIM u_soc_top.u_framebuffer_sram.memory.0.1.DIBDI[22]
35187 RAMB36E1_PRIM u_soc_top.u_framebuffer_sram.memory.0.1.DIBDI[23]
35188 RAMB36E1_PRIM u_soc_top.u_framebuffer_sram.memory.0.1.DIBDI[24]
35189 RAMB36E1_PRIM u_soc_top.u_framebuffer_sram.memory.0.1.DIBDI[25]
35190 RAMB36E1_PRIM u_soc_top.u_framebuffer_sram.memory.0.1.DIBDI[26]
35191 RAMB36E1_PRIM u_soc_top.u_framebuffer_sram.memory.0.1.DIBDI[27]
35192 RAMB36E1_PRIM u_soc_top.u_framebuffer_sram.memory.0.1.DIBDI[28]
35193 RAMB36E1_PRIM u_soc_top.u_framebuffer_sram.memory.0.1.DIBDI[29]
35194 RAMB36E1_PRIM u_soc_top.u_framebuffer_sram.memory.0.1.DIBDI[30]
35195 RAMB36E1_PRIM u_soc_top.u_framebuffer_sram.memory.0.1.DIBDI[31]
35196 RAMB36E1_PRIM u_soc_top.u_framebuffer_sram.memory.0.1.DIPBDIP[0]
35197 RAMB36E1_PRIM u_soc_top.u_framebuffer_sram.memory.0.1.DIPBDIP[1]
35198 RAMB36E1_PRIM u_soc_top.u_framebuffer_sram.memory.0.1.DIPBDIP[2]
35199 RAMB36E1_PRIM u_soc_top.u_framebuffer_sram.memory.0.1.DIPBDIP[3]
35200 RAMB36E1_PRIM u_soc_top.u_framebuffer_sram.memory.0.1.ENBWRENL[0]
35201 RAMB36E1_PRIM u_soc_top.u_framebuffer_sram.memory.0.1.ENBWRENU[0]
35202 RAMB36E1_PRIM u_soc_top.u_framebuffer_sram.memory.0.1.REGCEBL[0]
35203 RAMB36E1_PRIM u_soc_top.u_framebuffer_sram.memory.0.1.REGCEBU[0]
35204 RAMB36E1_PRIM u_soc_top.u_framebuffer_sram.memory.0.1.REGCLKBL[0]
35205 RAMB36E1_PRIM u_soc_top.u_framebuffer_sram.memory.0.1.REGCLKBU[0]
35206 RAMB36E1_PRIM u_soc_top.u_framebuffer_sram.memory.0.1.RSTRAMBL[0]
35207 RAMB36E1_PRIM u_soc_top.u_framebuffer_sram.memory.0.1.RSTRAMBU[0]
35208 RAMB36E1_PRIM u_soc_top.u_framebuffer_sram.memory.0.1.RSTREGBL[0]
35209 RAMB36E1_PRIM u_soc_top.u_framebuffer_sram.memory.0.1.RSTREGBU[0]
35210 RAMB36E1_PRIM u_soc_top.u_framebuffer_sram.memory.0.1.WEBWEL[0]
35211 RAMB36E1_PRIM u_soc_top.u_framebuffer_sram.memory.0.1.WEBWEL[1]
35212 RAMB36E1_PRIM u_soc_top.u_framebuffer_sram.memory.0.1.WEBWEL[2]
35213 RAMB36E1_PRIM u_soc_top.u_framebuffer_sram.memory.0.1.WEBWEL[3]
35214 RAMB36E1_PRIM u_soc_top.u_framebuffer_sram.memory.0.1.WEBWEL[4]
35215 RAMB36E1_PRIM u_soc_top.u_framebuffer_sram.memory.0.1.WEBWEL[5]
35216 RAMB36E1_PRIM u_soc_top.u_framebuffer_sram.memory.0.1.WEBWEL[6]
35217 RAMB36E1_PRIM u_soc_top.u_framebuffer_sram.memory.0.1.WEBWEL[7]
35218 RAMB36E1_PRIM u_soc_top.u_framebuffer_sram.memory.0.1.WEBWEU[0]
35219 RAMB36E1_PRIM u_soc_top.u_framebuffer_sram.memory.0.1.WEBWEU[1]
35220 RAMB36E1_PRIM u_soc_top.u_framebuffer_sram.memory.0.1.WEBWEU[2]
35221 RAMB36E1_PRIM u_soc_top.u_framebuffer_sram.memory.0.1.WEBWEU[3]
35222 RAMB36E1_PRIM u_soc_top.u_framebuffer_sram.memory.0.1.WEBWEU[4]
35223 RAMB36E1_PRIM u_soc_top.u_framebuffer_sram.memory.0.1.WEBWEU[5]
35224 RAMB36E1_PRIM u_soc_top.u_framebuffer_sram.memory.0.1.WEBWEU[6]
35225 RAMB36E1_PRIM u_soc_top.u_framebuffer_sram.memory.0.1.WEBWEU[7]
35226 RAMB36E1_PRIM u_soc_top.u_framebuffer_sram.memory.0.10.ADDRBWRADDRL[0]
35227 RAMB36E1_PRIM u_soc_top.u_framebuffer_sram.memory.0.10.ADDRBWRADDRL[1]
35228 RAMB36E1_PRIM u_soc_top.u_framebuffer_sram.memory.0.10.ADDRBWRADDRL[2]
35229 RAMB36E1_PRIM u_soc_top.u_framebuffer_sram.memory.0.10.ADDRBWRADDRL[3]
35230 RAMB36E1_PRIM u_soc_top.u_framebuffer_sram.memory.0.10.ADDRBWRADDRL[4]
35231 RAMB36E1_PRIM u_soc_top.u_framebuffer_sram.memory.0.10.ADDRBWRADDRL[5]
35232 RAMB36E1_PRIM u_soc_top.u_framebuffer_sram.memory.0.10.ADDRBWRADDRL[6]
35233 RAMB36E1_PRIM u_soc_top.u_framebuffer_sram.memory.0.10.ADDRBWRADDRL[7]
35234 RAMB36E1_PRIM u_soc_top.u_framebuffer_sram.memory.0.10.ADDRBWRADDRL[8]
35235 RAMB36E1_PRIM u_soc_top.u_framebuffer_sram.memory.0.10.ADDRBWRADDRL[9]
35236 RAMB36E1_PRIM u_soc_top.u_framebuffer_sram.memory.0.10.ADDRBWRADDRL[10]
35237 RAMB36E1_PRIM u_soc_top.u_framebuffer_sram.memory.0.10.ADDRBWRADDRL[11]
35238 RAMB36E1_PRIM u_soc_top.u_framebuffer_sram.memory.0.10.ADDRBWRADDRL[12]
35239 RAMB36E1_PRIM u_soc_top.u_framebuffer_sram.memory.0.10.ADDRBWRADDRL[13]
35240 RAMB36E1_PRIM u_soc_top.u_framebuffer_sram.memory.0.10.ADDRBWRADDRL[14]
35241 RAMB36E1_PRIM u_soc_top.u_framebuffer_sram.memory.0.10.ADDRBWRADDRL[15]
35242 RAMB36E1_PRIM u_soc_top.u_framebuffer_sram.memory.0.10.ADDRBWRADDRU[0]
35243 RAMB36E1_PRIM u_soc_top.u_framebuffer_sram.memory.0.10.ADDRBWRADDRU[1]
35244 RAMB36E1_PRIM u_soc_top.u_framebuffer_sram.memory.0.10.ADDRBWRADDRU[2]
35245 RAMB36E1_PRIM u_soc_top.u_framebuffer_sram.memory.0.10.ADDRBWRADDRU[3]
35246 RAMB36E1_PRIM u_soc_top.u_framebuffer_sram.memory.0.10.ADDRBWRADDRU[4]
35247 RAMB36E1_PRIM u_soc_top.u_framebuffer_sram.memory.0.10.ADDRBWRADDRU[5]
35248 RAMB36E1_PRIM u_soc_top.u_framebuffer_sram.memory.0.10.ADDRBWRADDRU[6]
35249 RAMB36E1_PRIM u_soc_top.u_framebuffer_sram.memory.0.10.ADDRBWRADDRU[7]
35250 RAMB36E1_PRIM u_soc_top.u_framebuffer_sram.memory.0.10.ADDRBWRADDRU[8]
35251 RAMB36E1_PRIM u_soc_top.u_framebuffer_sram.memory.0.10.ADDRBWRADDRU[9]
35252 RAMB36E1_PRIM u_soc_top.u_framebuffer_sram.memory.0.10.ADDRBWRADDRU[10]
35253 RAMB36E1_PRIM u_soc_top.u_framebuffer_sram.memory.0.10.ADDRBWRADDRU[11]
35254 RAMB36E1_PRIM u_soc_top.u_framebuffer_sram.memory.0.10.ADDRBWRADDRU[12]
35255 RAMB36E1_PRIM u_soc_top.u_framebuffer_sram.memory.0.10.ADDRBWRADDRU[13]
35256 RAMB36E1_PRIM u_soc_top.u_framebuffer_sram.memory.0.10.ADDRBWRADDRU[14]
35257 RAMB36E1_PRIM u_soc_top.u_framebuffer_sram.memory.0.10.DIBDI[0]
35258 RAMB36E1_PRIM u_soc_top.u_framebuffer_sram.memory.0.10.DIBDI[1]
35259 RAMB36E1_PRIM u_soc_top.u_framebuffer_sram.memory.0.10.DIBDI[2]
35260 RAMB36E1_PRIM u_soc_top.u_framebuffer_sram.memory.0.10.DIBDI[3]
35261 RAMB36E1_PRIM u_soc_top.u_framebuffer_sram.memory.0.10.DIBDI[4]
35262 RAMB36E1_PRIM u_soc_top.u_framebuffer_sram.memory.0.10.DIBDI[5]
35263 RAMB36E1_PRIM u_soc_top.u_framebuffer_sram.memory.0.10.DIBDI[6]
35264 RAMB36E1_PRIM u_soc_top.u_framebuffer_sram.memory.0.10.DIBDI[7]
35265 RAMB36E1_PRIM u_soc_top.u_framebuffer_sram.memory.0.10.DIBDI[8]
35266 RAMB36E1_PRIM u_soc_top.u_framebuffer_sram.memory.0.10.DIBDI[9]
35267 RAMB36E1_PRIM u_soc_top.u_framebuffer_sram.memory.0.10.DIBDI[10]
35268 RAMB36E1_PRIM u_soc_top.u_framebuffer_sram.memory.0.10.DIBDI[11]
35269 RAMB36E1_PRIM u_soc_top.u_framebuffer_sram.memory.0.10.DIBDI[12]
35270 RAMB36E1_PRIM u_soc_top.u_framebuffer_sram.memory.0.10.DIBDI[13]
35271 RAMB36E1_PRIM u_soc_top.u_framebuffer_sram.memory.0.10.DIBDI[14]
35272 RAMB36E1_PRIM u_soc_top.u_framebuffer_sram.memory.0.10.DIBDI[15]
35273 RAMB36E1_PRIM u_soc_top.u_framebuffer_sram.memory.0.10.DIBDI[16]
35274 RAMB36E1_PRIM u_soc_top.u_framebuffer_sram.memory.0.10.DIBDI[17]
35275 RAMB36E1_PRIM u_soc_top.u_framebuffer_sram.memory.0.10.DIBDI[18]
35276 RAMB36E1_PRIM u_soc_top.u_framebuffer_sram.memory.0.10.DIBDI[19]
35277 RAMB36E1_PRIM u_soc_top.u_framebuffer_sram.memory.0.10.DIBDI[20]
35278 RAMB36E1_PRIM u_soc_top.u_framebuffer_sram.memory.0.10.DIBDI[21]
35279 RAMB36E1_PRIM u_soc_top.u_framebuffer_sram.memory.0.10.DIBDI[22]
35280 RAMB36E1_PRIM u_soc_top.u_framebuffer_sram.memory.0.10.DIBDI[23]
35281 RAMB36E1_PRIM u_soc_top.u_framebuffer_sram.memory.0.10.DIBDI[24]
35282 RAMB36E1_PRIM u_soc_top.u_framebuffer_sram.memory.0.10.DIBDI[25]
35283 RAMB36E1_PRIM u_soc_top.u_framebuffer_sram.memory.0.10.DIBDI[26]
35284 RAMB36E1_PRIM u_soc_top.u_framebuffer_sram.memory.0.10.DIBDI[27]
35285 RAMB36E1_PRIM u_soc_top.u_framebuffer_sram.memory.0.10.DIBDI[28]
35286 RAMB36E1_PRIM u_soc_top.u_framebuffer_sram.memory.0.10.DIBDI[29]
35287 RAMB36E1_PRIM u_soc_top.u_framebuffer_sram.memory.0.10.DIBDI[30]
35288 RAMB36E1_PRIM u_soc_top.u_framebuffer_sram.memory.0.10.DIBDI[31]
35289 RAMB36E1_PRIM u_soc_top.u_framebuffer_sram.memory.0.10.DIPBDIP[0]
35290 RAMB36E1_PRIM u_soc_top.u_framebuffer_sram.memory.0.10.DIPBDIP[1]
35291 RAMB36E1_PRIM u_soc_top.u_framebuffer_sram.memory.0.10.DIPBDIP[2]
35292 RAMB36E1_PRIM u_soc_top.u_framebuffer_sram.memory.0.10.DIPBDIP[3]
35293 RAMB36E1_PRIM u_soc_top.u_framebuffer_sram.memory.0.10.ENBWRENL[0]
35294 RAMB36E1_PRIM u_soc_top.u_framebuffer_sram.memory.0.10.ENBWRENU[0]
35295 RAMB36E1_PRIM u_soc_top.u_framebuffer_sram.memory.0.10.REGCEBL[0]
35296 RAMB36E1_PRIM u_soc_top.u_framebuffer_sram.memory.0.10.REGCEBU[0]
35297 RAMB36E1_PRIM u_soc_top.u_framebuffer_sram.memory.0.10.REGCLKBL[0]
35298 RAMB36E1_PRIM u_soc_top.u_framebuffer_sram.memory.0.10.REGCLKBU[0]
35299 RAMB36E1_PRIM u_soc_top.u_framebuffer_sram.memory.0.10.RSTRAMBL[0]
35300 RAMB36E1_PRIM u_soc_top.u_framebuffer_sram.memory.0.10.RSTRAMBU[0]
35301 RAMB36E1_PRIM u_soc_top.u_framebuffer_sram.memory.0.10.RSTREGBL[0]
35302 RAMB36E1_PRIM u_soc_top.u_framebuffer_sram.memory.0.10.RSTREGBU[0]
35303 RAMB36E1_PRIM u_soc_top.u_framebuffer_sram.memory.0.10.WEBWEL[0]
35304 RAMB36E1_PRIM u_soc_top.u_framebuffer_sram.memory.0.10.WEBWEL[1]
35305 RAMB36E1_PRIM u_soc_top.u_framebuffer_sram.memory.0.10.WEBWEL[2]
35306 RAMB36E1_PRIM u_soc_top.u_framebuffer_sram.memory.0.10.WEBWEL[3]
35307 RAMB36E1_PRIM u_soc_top.u_framebuffer_sram.memory.0.10.WEBWEL[4]
35308 RAMB36E1_PRIM u_soc_top.u_framebuffer_sram.memory.0.10.WEBWEL[5]
35309 RAMB36E1_PRIM u_soc_top.u_framebuffer_sram.memory.0.10.WEBWEL[6]
35310 RAMB36E1_PRIM u_soc_top.u_framebuffer_sram.memory.0.10.WEBWEL[7]
35311 RAMB36E1_PRIM u_soc_top.u_framebuffer_sram.memory.0.10.WEBWEU[0]
35312 RAMB36E1_PRIM u_soc_top.u_framebuffer_sram.memory.0.10.WEBWEU[1]
35313 RAMB36E1_PRIM u_soc_top.u_framebuffer_sram.memory.0.10.WEBWEU[2]
35314 RAMB36E1_PRIM u_soc_top.u_framebuffer_sram.memory.0.10.WEBWEU[3]
35315 RAMB36E1_PRIM u_soc_top.u_framebuffer_sram.memory.0.10.WEBWEU[4]
35316 RAMB36E1_PRIM u_soc_top.u_framebuffer_sram.memory.0.10.WEBWEU[5]
35317 RAMB36E1_PRIM u_soc_top.u_framebuffer_sram.memory.0.10.WEBWEU[6]
35318 RAMB36E1_PRIM u_soc_top.u_framebuffer_sram.memory.0.10.WEBWEU[7]
35319 RAMB36E1_PRIM u_soc_top.u_framebuffer_sram.memory.0.11.ADDRBWRADDRL[0]
35320 RAMB36E1_PRIM u_soc_top.u_framebuffer_sram.memory.0.11.ADDRBWRADDRL[1]
35321 RAMB36E1_PRIM u_soc_top.u_framebuffer_sram.memory.0.11.ADDRBWRADDRL[2]
35322 RAMB36E1_PRIM u_soc_top.u_framebuffer_sram.memory.0.11.ADDRBWRADDRL[3]
35323 RAMB36E1_PRIM u_soc_top.u_framebuffer_sram.memory.0.11.ADDRBWRADDRL[4]
35324 RAMB36E1_PRIM u_soc_top.u_framebuffer_sram.memory.0.11.ADDRBWRADDRL[5]
35325 RAMB36E1_PRIM u_soc_top.u_framebuffer_sram.memory.0.11.ADDRBWRADDRL[6]
35326 RAMB36E1_PRIM u_soc_top.u_framebuffer_sram.memory.0.11.ADDRBWRADDRL[7]
35327 RAMB36E1_PRIM u_soc_top.u_framebuffer_sram.memory.0.11.ADDRBWRADDRL[8]
35328 RAMB36E1_PRIM u_soc_top.u_framebuffer_sram.memory.0.11.ADDRBWRADDRL[9]
35329 RAMB36E1_PRIM u_soc_top.u_framebuffer_sram.memory.0.11.ADDRBWRADDRL[10]
35330 RAMB36E1_PRIM u_soc_top.u_framebuffer_sram.memory.0.11.ADDRBWRADDRL[11]
35331 RAMB36E1_PRIM u_soc_top.u_framebuffer_sram.memory.0.11.ADDRBWRADDRL[12]
35332 RAMB36E1_PRIM u_soc_top.u_framebuffer_sram.memory.0.11.ADDRBWRADDRL[13]
35333 RAMB36E1_PRIM u_soc_top.u_framebuffer_sram.memory.0.11.ADDRBWRADDRL[14]
35334 RAMB36E1_PRIM u_soc_top.u_framebuffer_sram.memory.0.11.ADDRBWRADDRL[15]
35335 RAMB36E1_PRIM u_soc_top.u_framebuffer_sram.memory.0.11.ADDRBWRADDRU[0]
35336 RAMB36E1_PRIM u_soc_top.u_framebuffer_sram.memory.0.11.ADDRBWRADDRU[1]
35337 RAMB36E1_PRIM u_soc_top.u_framebuffer_sram.memory.0.11.ADDRBWRADDRU[2]
35338 RAMB36E1_PRIM u_soc_top.u_framebuffer_sram.memory.0.11.ADDRBWRADDRU[3]
35339 RAMB36E1_PRIM u_soc_top.u_framebuffer_sram.memory.0.11.ADDRBWRADDRU[4]
35340 RAMB36E1_PRIM u_soc_top.u_framebuffer_sram.memory.0.11.ADDRBWRADDRU[5]
35341 RAMB36E1_PRIM u_soc_top.u_framebuffer_sram.memory.0.11.ADDRBWRADDRU[6]
35342 RAMB36E1_PRIM u_soc_top.u_framebuffer_sram.memory.0.11.ADDRBWRADDRU[7]
35343 RAMB36E1_PRIM u_soc_top.u_framebuffer_sram.memory.0.11.ADDRBWRADDRU[8]
35344 RAMB36E1_PRIM u_soc_top.u_framebuffer_sram.memory.0.11.ADDRBWRADDRU[9]
35345 RAMB36E1_PRIM u_soc_top.u_framebuffer_sram.memory.0.11.ADDRBWRADDRU[10]
35346 RAMB36E1_PRIM u_soc_top.u_framebuffer_sram.memory.0.11.ADDRBWRADDRU[11]
35347 RAMB36E1_PRIM u_soc_top.u_framebuffer_sram.memory.0.11.ADDRBWRADDRU[12]
35348 RAMB36E1_PRIM u_soc_top.u_framebuffer_sram.memory.0.11.ADDRBWRADDRU[13]
35349 RAMB36E1_PRIM u_soc_top.u_framebuffer_sram.memory.0.11.ADDRBWRADDRU[14]
35350 RAMB36E1_PRIM u_soc_top.u_framebuffer_sram.memory.0.11.DIBDI[0]
35351 RAMB36E1_PRIM u_soc_top.u_framebuffer_sram.memory.0.11.DIBDI[1]
35352 RAMB36E1_PRIM u_soc_top.u_framebuffer_sram.memory.0.11.DIBDI[2]
35353 RAMB36E1_PRIM u_soc_top.u_framebuffer_sram.memory.0.11.DIBDI[3]
35354 RAMB36E1_PRIM u_soc_top.u_framebuffer_sram.memory.0.11.DIBDI[4]
35355 RAMB36E1_PRIM u_soc_top.u_framebuffer_sram.memory.0.11.DIBDI[5]
35356 RAMB36E1_PRIM u_soc_top.u_framebuffer_sram.memory.0.11.DIBDI[6]
35357 RAMB36E1_PRIM u_soc_top.u_framebuffer_sram.memory.0.11.DIBDI[7]
35358 RAMB36E1_PRIM u_soc_top.u_framebuffer_sram.memory.0.11.DIBDI[8]
35359 RAMB36E1_PRIM u_soc_top.u_framebuffer_sram.memory.0.11.DIBDI[9]
35360 RAMB36E1_PRIM u_soc_top.u_framebuffer_sram.memory.0.11.DIBDI[10]
35361 RAMB36E1_PRIM u_soc_top.u_framebuffer_sram.memory.0.11.DIBDI[11]
35362 RAMB36E1_PRIM u_soc_top.u_framebuffer_sram.memory.0.11.DIBDI[12]
35363 RAMB36E1_PRIM u_soc_top.u_framebuffer_sram.memory.0.11.DIBDI[13]
35364 RAMB36E1_PRIM u_soc_top.u_framebuffer_sram.memory.0.11.DIBDI[14]
35365 RAMB36E1_PRIM u_soc_top.u_framebuffer_sram.memory.0.11.DIBDI[15]
35366 RAMB36E1_PRIM u_soc_top.u_framebuffer_sram.memory.0.11.DIBDI[16]
35367 RAMB36E1_PRIM u_soc_top.u_framebuffer_sram.memory.0.11.DIBDI[17]
35368 RAMB36E1_PRIM u_soc_top.u_framebuffer_sram.memory.0.11.DIBDI[18]
35369 RAMB36E1_PRIM u_soc_top.u_framebuffer_sram.memory.0.11.DIBDI[19]
35370 RAMB36E1_PRIM u_soc_top.u_framebuffer_sram.memory.0.11.DIBDI[20]
35371 RAMB36E1_PRIM u_soc_top.u_framebuffer_sram.memory.0.11.DIBDI[21]
35372 RAMB36E1_PRIM u_soc_top.u_framebuffer_sram.memory.0.11.DIBDI[22]
35373 RAMB36E1_PRIM u_soc_top.u_framebuffer_sram.memory.0.11.DIBDI[23]
35374 RAMB36E1_PRIM u_soc_top.u_framebuffer_sram.memory.0.11.DIBDI[24]
35375 RAMB36E1_PRIM u_soc_top.u_framebuffer_sram.memory.0.11.DIBDI[25]
35376 RAMB36E1_PRIM u_soc_top.u_framebuffer_sram.memory.0.11.DIBDI[26]
35377 RAMB36E1_PRIM u_soc_top.u_framebuffer_sram.memory.0.11.DIBDI[27]
35378 RAMB36E1_PRIM u_soc_top.u_framebuffer_sram.memory.0.11.DIBDI[28]
35379 RAMB36E1_PRIM u_soc_top.u_framebuffer_sram.memory.0.11.DIBDI[29]
35380 RAMB36E1_PRIM u_soc_top.u_framebuffer_sram.memory.0.11.DIBDI[30]
35381 RAMB36E1_PRIM u_soc_top.u_framebuffer_sram.memory.0.11.DIBDI[31]
35382 RAMB36E1_PRIM u_soc_top.u_framebuffer_sram.memory.0.11.DIPBDIP[0]
35383 RAMB36E1_PRIM u_soc_top.u_framebuffer_sram.memory.0.11.DIPBDIP[1]
35384 RAMB36E1_PRIM u_soc_top.u_framebuffer_sram.memory.0.11.DIPBDIP[2]
35385 RAMB36E1_PRIM u_soc_top.u_framebuffer_sram.memory.0.11.DIPBDIP[3]
35386 RAMB36E1_PRIM u_soc_top.u_framebuffer_sram.memory.0.11.ENBWRENL[0]
35387 RAMB36E1_PRIM u_soc_top.u_framebuffer_sram.memory.0.11.ENBWRENU[0]
35388 RAMB36E1_PRIM u_soc_top.u_framebuffer_sram.memory.0.11.REGCEBL[0]
35389 RAMB36E1_PRIM u_soc_top.u_framebuffer_sram.memory.0.11.REGCEBU[0]
35390 RAMB36E1_PRIM u_soc_top.u_framebuffer_sram.memory.0.11.REGCLKBL[0]
35391 RAMB36E1_PRIM u_soc_top.u_framebuffer_sram.memory.0.11.REGCLKBU[0]
35392 RAMB36E1_PRIM u_soc_top.u_framebuffer_sram.memory.0.11.RSTRAMBL[0]
35393 RAMB36E1_PRIM u_soc_top.u_framebuffer_sram.memory.0.11.RSTRAMBU[0]
35394 RAMB36E1_PRIM u_soc_top.u_framebuffer_sram.memory.0.11.RSTREGBL[0]
35395 RAMB36E1_PRIM u_soc_top.u_framebuffer_sram.memory.0.11.RSTREGBU[0]
35396 RAMB36E1_PRIM u_soc_top.u_framebuffer_sram.memory.0.11.WEBWEL[0]
35397 RAMB36E1_PRIM u_soc_top.u_framebuffer_sram.memory.0.11.WEBWEL[1]
35398 RAMB36E1_PRIM u_soc_top.u_framebuffer_sram.memory.0.11.WEBWEL[2]
35399 RAMB36E1_PRIM u_soc_top.u_framebuffer_sram.memory.0.11.WEBWEL[3]
35400 RAMB36E1_PRIM u_soc_top.u_framebuffer_sram.memory.0.11.WEBWEL[4]
35401 RAMB36E1_PRIM u_soc_top.u_framebuffer_sram.memory.0.11.WEBWEL[5]
35402 RAMB36E1_PRIM u_soc_top.u_framebuffer_sram.memory.0.11.WEBWEL[6]
35403 RAMB36E1_PRIM u_soc_top.u_framebuffer_sram.memory.0.11.WEBWEL[7]
35404 RAMB36E1_PRIM u_soc_top.u_framebuffer_sram.memory.0.11.WEBWEU[0]
35405 RAMB36E1_PRIM u_soc_top.u_framebuffer_sram.memory.0.11.WEBWEU[1]
35406 RAMB36E1_PRIM u_soc_top.u_framebuffer_sram.memory.0.11.WEBWEU[2]
35407 RAMB36E1_PRIM u_soc_top.u_framebuffer_sram.memory.0.11.WEBWEU[3]
35408 RAMB36E1_PRIM u_soc_top.u_framebuffer_sram.memory.0.11.WEBWEU[4]
35409 RAMB36E1_PRIM u_soc_top.u_framebuffer_sram.memory.0.11.WEBWEU[5]
35410 RAMB36E1_PRIM u_soc_top.u_framebuffer_sram.memory.0.11.WEBWEU[6]
35411 RAMB36E1_PRIM u_soc_top.u_framebuffer_sram.memory.0.11.WEBWEU[7]
35412 RAMB36E1_PRIM u_soc_top.u_framebuffer_sram.memory.0.12.ADDRBWRADDRL[0]
35413 RAMB36E1_PRIM u_soc_top.u_framebuffer_sram.memory.0.12.ADDRBWRADDRL[1]
35414 RAMB36E1_PRIM u_soc_top.u_framebuffer_sram.memory.0.12.ADDRBWRADDRL[2]
35415 RAMB36E1_PRIM u_soc_top.u_framebuffer_sram.memory.0.12.ADDRBWRADDRL[3]
35416 RAMB36E1_PRIM u_soc_top.u_framebuffer_sram.memory.0.12.ADDRBWRADDRL[4]
35417 RAMB36E1_PRIM u_soc_top.u_framebuffer_sram.memory.0.12.ADDRBWRADDRL[5]
35418 RAMB36E1_PRIM u_soc_top.u_framebuffer_sram.memory.0.12.ADDRBWRADDRL[6]
35419 RAMB36E1_PRIM u_soc_top.u_framebuffer_sram.memory.0.12.ADDRBWRADDRL[7]
35420 RAMB36E1_PRIM u_soc_top.u_framebuffer_sram.memory.0.12.ADDRBWRADDRL[8]
35421 RAMB36E1_PRIM u_soc_top.u_framebuffer_sram.memory.0.12.ADDRBWRADDRL[9]
35422 RAMB36E1_PRIM u_soc_top.u_framebuffer_sram.memory.0.12.ADDRBWRADDRL[10]
35423 RAMB36E1_PRIM u_soc_top.u_framebuffer_sram.memory.0.12.ADDRBWRADDRL[11]
35424 RAMB36E1_PRIM u_soc_top.u_framebuffer_sram.memory.0.12.ADDRBWRADDRL[12]
35425 RAMB36E1_PRIM u_soc_top.u_framebuffer_sram.memory.0.12.ADDRBWRADDRL[13]
35426 RAMB36E1_PRIM u_soc_top.u_framebuffer_sram.memory.0.12.ADDRBWRADDRL[14]
35427 RAMB36E1_PRIM u_soc_top.u_framebuffer_sram.memory.0.12.ADDRBWRADDRL[15]
35428 RAMB36E1_PRIM u_soc_top.u_framebuffer_sram.memory.0.12.ADDRBWRADDRU[0]
35429 RAMB36E1_PRIM u_soc_top.u_framebuffer_sram.memory.0.12.ADDRBWRADDRU[1]
35430 RAMB36E1_PRIM u_soc_top.u_framebuffer_sram.memory.0.12.ADDRBWRADDRU[2]
35431 RAMB36E1_PRIM u_soc_top.u_framebuffer_sram.memory.0.12.ADDRBWRADDRU[3]
35432 RAMB36E1_PRIM u_soc_top.u_framebuffer_sram.memory.0.12.ADDRBWRADDRU[4]
35433 RAMB36E1_PRIM u_soc_top.u_framebuffer_sram.memory.0.12.ADDRBWRADDRU[5]
35434 RAMB36E1_PRIM u_soc_top.u_framebuffer_sram.memory.0.12.ADDRBWRADDRU[6]
35435 RAMB36E1_PRIM u_soc_top.u_framebuffer_sram.memory.0.12.ADDRBWRADDRU[7]
35436 RAMB36E1_PRIM u_soc_top.u_framebuffer_sram.memory.0.12.ADDRBWRADDRU[8]
35437 RAMB36E1_PRIM u_soc_top.u_framebuffer_sram.memory.0.12.ADDRBWRADDRU[9]
35438 RAMB36E1_PRIM u_soc_top.u_framebuffer_sram.memory.0.12.ADDRBWRADDRU[10]
35439 RAMB36E1_PRIM u_soc_top.u_framebuffer_sram.memory.0.12.ADDRBWRADDRU[11]
35440 RAMB36E1_PRIM u_soc_top.u_framebuffer_sram.memory.0.12.ADDRBWRADDRU[12]
35441 RAMB36E1_PRIM u_soc_top.u_framebuffer_sram.memory.0.12.ADDRBWRADDRU[13]
35442 RAMB36E1_PRIM u_soc_top.u_framebuffer_sram.memory.0.12.ADDRBWRADDRU[14]
35443 RAMB36E1_PRIM u_soc_top.u_framebuffer_sram.memory.0.12.DIBDI[0]
35444 RAMB36E1_PRIM u_soc_top.u_framebuffer_sram.memory.0.12.DIBDI[1]
35445 RAMB36E1_PRIM u_soc_top.u_framebuffer_sram.memory.0.12.DIBDI[2]
35446 RAMB36E1_PRIM u_soc_top.u_framebuffer_sram.memory.0.12.DIBDI[3]
35447 RAMB36E1_PRIM u_soc_top.u_framebuffer_sram.memory.0.12.DIBDI[4]
35448 RAMB36E1_PRIM u_soc_top.u_framebuffer_sram.memory.0.12.DIBDI[5]
35449 RAMB36E1_PRIM u_soc_top.u_framebuffer_sram.memory.0.12.DIBDI[6]
35450 RAMB36E1_PRIM u_soc_top.u_framebuffer_sram.memory.0.12.DIBDI[7]
35451 RAMB36E1_PRIM u_soc_top.u_framebuffer_sram.memory.0.12.DIBDI[8]
35452 RAMB36E1_PRIM u_soc_top.u_framebuffer_sram.memory.0.12.DIBDI[9]
35453 RAMB36E1_PRIM u_soc_top.u_framebuffer_sram.memory.0.12.DIBDI[10]
35454 RAMB36E1_PRIM u_soc_top.u_framebuffer_sram.memory.0.12.DIBDI[11]
35455 RAMB36E1_PRIM u_soc_top.u_framebuffer_sram.memory.0.12.DIBDI[12]
35456 RAMB36E1_PRIM u_soc_top.u_framebuffer_sram.memory.0.12.DIBDI[13]
35457 RAMB36E1_PRIM u_soc_top.u_framebuffer_sram.memory.0.12.DIBDI[14]
35458 RAMB36E1_PRIM u_soc_top.u_framebuffer_sram.memory.0.12.DIBDI[15]
35459 RAMB36E1_PRIM u_soc_top.u_framebuffer_sram.memory.0.12.DIBDI[16]
35460 RAMB36E1_PRIM u_soc_top.u_framebuffer_sram.memory.0.12.DIBDI[17]
35461 RAMB36E1_PRIM u_soc_top.u_framebuffer_sram.memory.0.12.DIBDI[18]
35462 RAMB36E1_PRIM u_soc_top.u_framebuffer_sram.memory.0.12.DIBDI[19]
35463 RAMB36E1_PRIM u_soc_top.u_framebuffer_sram.memory.0.12.DIBDI[20]
35464 RAMB36E1_PRIM u_soc_top.u_framebuffer_sram.memory.0.12.DIBDI[21]
35465 RAMB36E1_PRIM u_soc_top.u_framebuffer_sram.memory.0.12.DIBDI[22]
35466 RAMB36E1_PRIM u_soc_top.u_framebuffer_sram.memory.0.12.DIBDI[23]
35467 RAMB36E1_PRIM u_soc_top.u_framebuffer_sram.memory.0.12.DIBDI[24]
35468 RAMB36E1_PRIM u_soc_top.u_framebuffer_sram.memory.0.12.DIBDI[25]
35469 RAMB36E1_PRIM u_soc_top.u_framebuffer_sram.memory.0.12.DIBDI[26]
35470 RAMB36E1_PRIM u_soc_top.u_framebuffer_sram.memory.0.12.DIBDI[27]
35471 RAMB36E1_PRIM u_soc_top.u_framebuffer_sram.memory.0.12.DIBDI[28]
35472 RAMB36E1_PRIM u_soc_top.u_framebuffer_sram.memory.0.12.DIBDI[29]
35473 RAMB36E1_PRIM u_soc_top.u_framebuffer_sram.memory.0.12.DIBDI[30]
35474 RAMB36E1_PRIM u_soc_top.u_framebuffer_sram.memory.0.12.DIBDI[31]
35475 RAMB36E1_PRIM u_soc_top.u_framebuffer_sram.memory.0.12.DIPBDIP[0]
35476 RAMB36E1_PRIM u_soc_top.u_framebuffer_sram.memory.0.12.DIPBDIP[1]
35477 RAMB36E1_PRIM u_soc_top.u_framebuffer_sram.memory.0.12.DIPBDIP[2]
35478 RAMB36E1_PRIM u_soc_top.u_framebuffer_sram.memory.0.12.DIPBDIP[3]
35479 RAMB36E1_PRIM u_soc_top.u_framebuffer_sram.memory.0.12.ENBWRENL[0]
35480 RAMB36E1_PRIM u_soc_top.u_framebuffer_sram.memory.0.12.ENBWRENU[0]
35481 RAMB36E1_PRIM u_soc_top.u_framebuffer_sram.memory.0.12.REGCEBL[0]
35482 RAMB36E1_PRIM u_soc_top.u_framebuffer_sram.memory.0.12.REGCEBU[0]
35483 RAMB36E1_PRIM u_soc_top.u_framebuffer_sram.memory.0.12.REGCLKBL[0]
35484 RAMB36E1_PRIM u_soc_top.u_framebuffer_sram.memory.0.12.REGCLKBU[0]
35485 RAMB36E1_PRIM u_soc_top.u_framebuffer_sram.memory.0.12.RSTRAMBL[0]
35486 RAMB36E1_PRIM u_soc_top.u_framebuffer_sram.memory.0.12.RSTRAMBU[0]
35487 RAMB36E1_PRIM u_soc_top.u_framebuffer_sram.memory.0.12.RSTREGBL[0]
35488 RAMB36E1_PRIM u_soc_top.u_framebuffer_sram.memory.0.12.RSTREGBU[0]
35489 RAMB36E1_PRIM u_soc_top.u_framebuffer_sram.memory.0.12.WEBWEL[0]
35490 RAMB36E1_PRIM u_soc_top.u_framebuffer_sram.memory.0.12.WEBWEL[1]
35491 RAMB36E1_PRIM u_soc_top.u_framebuffer_sram.memory.0.12.WEBWEL[2]
35492 RAMB36E1_PRIM u_soc_top.u_framebuffer_sram.memory.0.12.WEBWEL[3]
35493 RAMB36E1_PRIM u_soc_top.u_framebuffer_sram.memory.0.12.WEBWEL[4]
35494 RAMB36E1_PRIM u_soc_top.u_framebuffer_sram.memory.0.12.WEBWEL[5]
35495 RAMB36E1_PRIM u_soc_top.u_framebuffer_sram.memory.0.12.WEBWEL[6]
35496 RAMB36E1_PRIM u_soc_top.u_framebuffer_sram.memory.0.12.WEBWEL[7]
35497 RAMB36E1_PRIM u_soc_top.u_framebuffer_sram.memory.0.12.WEBWEU[0]
35498 RAMB36E1_PRIM u_soc_top.u_framebuffer_sram.memory.0.12.WEBWEU[1]
35499 RAMB36E1_PRIM u_soc_top.u_framebuffer_sram.memory.0.12.WEBWEU[2]
35500 RAMB36E1_PRIM u_soc_top.u_framebuffer_sram.memory.0.12.WEBWEU[3]
35501 RAMB36E1_PRIM u_soc_top.u_framebuffer_sram.memory.0.12.WEBWEU[4]
35502 RAMB36E1_PRIM u_soc_top.u_framebuffer_sram.memory.0.12.WEBWEU[5]
35503 RAMB36E1_PRIM u_soc_top.u_framebuffer_sram.memory.0.12.WEBWEU[6]
35504 RAMB36E1_PRIM u_soc_top.u_framebuffer_sram.memory.0.12.WEBWEU[7]
35505 RAMB36E1_PRIM u_soc_top.u_framebuffer_sram.memory.0.13.ADDRBWRADDRL[0]
35506 RAMB36E1_PRIM u_soc_top.u_framebuffer_sram.memory.0.13.ADDRBWRADDRL[1]
35507 RAMB36E1_PRIM u_soc_top.u_framebuffer_sram.memory.0.13.ADDRBWRADDRL[2]
35508 RAMB36E1_PRIM u_soc_top.u_framebuffer_sram.memory.0.13.ADDRBWRADDRL[3]
35509 RAMB36E1_PRIM u_soc_top.u_framebuffer_sram.memory.0.13.ADDRBWRADDRL[4]
35510 RAMB36E1_PRIM u_soc_top.u_framebuffer_sram.memory.0.13.ADDRBWRADDRL[5]
35511 RAMB36E1_PRIM u_soc_top.u_framebuffer_sram.memory.0.13.ADDRBWRADDRL[6]
35512 RAMB36E1_PRIM u_soc_top.u_framebuffer_sram.memory.0.13.ADDRBWRADDRL[7]
35513 RAMB36E1_PRIM u_soc_top.u_framebuffer_sram.memory.0.13.ADDRBWRADDRL[8]
35514 RAMB36E1_PRIM u_soc_top.u_framebuffer_sram.memory.0.13.ADDRBWRADDRL[9]
35515 RAMB36E1_PRIM u_soc_top.u_framebuffer_sram.memory.0.13.ADDRBWRADDRL[10]
35516 RAMB36E1_PRIM u_soc_top.u_framebuffer_sram.memory.0.13.ADDRBWRADDRL[11]
35517 RAMB36E1_PRIM u_soc_top.u_framebuffer_sram.memory.0.13.ADDRBWRADDRL[12]
35518 RAMB36E1_PRIM u_soc_top.u_framebuffer_sram.memory.0.13.ADDRBWRADDRL[13]
35519 RAMB36E1_PRIM u_soc_top.u_framebuffer_sram.memory.0.13.ADDRBWRADDRL[14]
35520 RAMB36E1_PRIM u_soc_top.u_framebuffer_sram.memory.0.13.ADDRBWRADDRL[15]
35521 RAMB36E1_PRIM u_soc_top.u_framebuffer_sram.memory.0.13.ADDRBWRADDRU[0]
35522 RAMB36E1_PRIM u_soc_top.u_framebuffer_sram.memory.0.13.ADDRBWRADDRU[1]
35523 RAMB36E1_PRIM u_soc_top.u_framebuffer_sram.memory.0.13.ADDRBWRADDRU[2]
35524 RAMB36E1_PRIM u_soc_top.u_framebuffer_sram.memory.0.13.ADDRBWRADDRU[3]
35525 RAMB36E1_PRIM u_soc_top.u_framebuffer_sram.memory.0.13.ADDRBWRADDRU[4]
35526 RAMB36E1_PRIM u_soc_top.u_framebuffer_sram.memory.0.13.ADDRBWRADDRU[5]
35527 RAMB36E1_PRIM u_soc_top.u_framebuffer_sram.memory.0.13.ADDRBWRADDRU[6]
35528 RAMB36E1_PRIM u_soc_top.u_framebuffer_sram.memory.0.13.ADDRBWRADDRU[7]
35529 RAMB36E1_PRIM u_soc_top.u_framebuffer_sram.memory.0.13.ADDRBWRADDRU[8]
35530 RAMB36E1_PRIM u_soc_top.u_framebuffer_sram.memory.0.13.ADDRBWRADDRU[9]
35531 RAMB36E1_PRIM u_soc_top.u_framebuffer_sram.memory.0.13.ADDRBWRADDRU[10]
35532 RAMB36E1_PRIM u_soc_top.u_framebuffer_sram.memory.0.13.ADDRBWRADDRU[11]
35533 RAMB36E1_PRIM u_soc_top.u_framebuffer_sram.memory.0.13.ADDRBWRADDRU[12]
35534 RAMB36E1_PRIM u_soc_top.u_framebuffer_sram.memory.0.13.ADDRBWRADDRU[13]
35535 RAMB36E1_PRIM u_soc_top.u_framebuffer_sram.memory.0.13.ADDRBWRADDRU[14]
35536 RAMB36E1_PRIM u_soc_top.u_framebuffer_sram.memory.0.13.DIBDI[0]
35537 RAMB36E1_PRIM u_soc_top.u_framebuffer_sram.memory.0.13.DIBDI[1]
35538 RAMB36E1_PRIM u_soc_top.u_framebuffer_sram.memory.0.13.DIBDI[2]
35539 RAMB36E1_PRIM u_soc_top.u_framebuffer_sram.memory.0.13.DIBDI[3]
35540 RAMB36E1_PRIM u_soc_top.u_framebuffer_sram.memory.0.13.DIBDI[4]
35541 RAMB36E1_PRIM u_soc_top.u_framebuffer_sram.memory.0.13.DIBDI[5]
35542 RAMB36E1_PRIM u_soc_top.u_framebuffer_sram.memory.0.13.DIBDI[6]
35543 RAMB36E1_PRIM u_soc_top.u_framebuffer_sram.memory.0.13.DIBDI[7]
35544 RAMB36E1_PRIM u_soc_top.u_framebuffer_sram.memory.0.13.DIBDI[8]
35545 RAMB36E1_PRIM u_soc_top.u_framebuffer_sram.memory.0.13.DIBDI[9]
35546 RAMB36E1_PRIM u_soc_top.u_framebuffer_sram.memory.0.13.DIBDI[10]
35547 RAMB36E1_PRIM u_soc_top.u_framebuffer_sram.memory.0.13.DIBDI[11]
35548 RAMB36E1_PRIM u_soc_top.u_framebuffer_sram.memory.0.13.DIBDI[12]
35549 RAMB36E1_PRIM u_soc_top.u_framebuffer_sram.memory.0.13.DIBDI[13]
35550 RAMB36E1_PRIM u_soc_top.u_framebuffer_sram.memory.0.13.DIBDI[14]
35551 RAMB36E1_PRIM u_soc_top.u_framebuffer_sram.memory.0.13.DIBDI[15]
35552 RAMB36E1_PRIM u_soc_top.u_framebuffer_sram.memory.0.13.DIBDI[16]
35553 RAMB36E1_PRIM u_soc_top.u_framebuffer_sram.memory.0.13.DIBDI[17]
35554 RAMB36E1_PRIM u_soc_top.u_framebuffer_sram.memory.0.13.DIBDI[18]
35555 RAMB36E1_PRIM u_soc_top.u_framebuffer_sram.memory.0.13.DIBDI[19]
35556 RAMB36E1_PRIM u_soc_top.u_framebuffer_sram.memory.0.13.DIBDI[20]
35557 RAMB36E1_PRIM u_soc_top.u_framebuffer_sram.memory.0.13.DIBDI[21]
35558 RAMB36E1_PRIM u_soc_top.u_framebuffer_sram.memory.0.13.DIBDI[22]
35559 RAMB36E1_PRIM u_soc_top.u_framebuffer_sram.memory.0.13.DIBDI[23]
35560 RAMB36E1_PRIM u_soc_top.u_framebuffer_sram.memory.0.13.DIBDI[24]
35561 RAMB36E1_PRIM u_soc_top.u_framebuffer_sram.memory.0.13.DIBDI[25]
35562 RAMB36E1_PRIM u_soc_top.u_framebuffer_sram.memory.0.13.DIBDI[26]
35563 RAMB36E1_PRIM u_soc_top.u_framebuffer_sram.memory.0.13.DIBDI[27]
35564 RAMB36E1_PRIM u_soc_top.u_framebuffer_sram.memory.0.13.DIBDI[28]
35565 RAMB36E1_PRIM u_soc_top.u_framebuffer_sram.memory.0.13.DIBDI[29]
35566 RAMB36E1_PRIM u_soc_top.u_framebuffer_sram.memory.0.13.DIBDI[30]
35567 RAMB36E1_PRIM u_soc_top.u_framebuffer_sram.memory.0.13.DIBDI[31]
35568 RAMB36E1_PRIM u_soc_top.u_framebuffer_sram.memory.0.13.DIPBDIP[0]
35569 RAMB36E1_PRIM u_soc_top.u_framebuffer_sram.memory.0.13.DIPBDIP[1]
35570 RAMB36E1_PRIM u_soc_top.u_framebuffer_sram.memory.0.13.DIPBDIP[2]
35571 RAMB36E1_PRIM u_soc_top.u_framebuffer_sram.memory.0.13.DIPBDIP[3]
35572 RAMB36E1_PRIM u_soc_top.u_framebuffer_sram.memory.0.13.ENBWRENL[0]
35573 RAMB36E1_PRIM u_soc_top.u_framebuffer_sram.memory.0.13.ENBWRENU[0]
35574 RAMB36E1_PRIM u_soc_top.u_framebuffer_sram.memory.0.13.REGCEBL[0]
35575 RAMB36E1_PRIM u_soc_top.u_framebuffer_sram.memory.0.13.REGCEBU[0]
35576 RAMB36E1_PRIM u_soc_top.u_framebuffer_sram.memory.0.13.REGCLKBL[0]
35577 RAMB36E1_PRIM u_soc_top.u_framebuffer_sram.memory.0.13.REGCLKBU[0]
35578 RAMB36E1_PRIM u_soc_top.u_framebuffer_sram.memory.0.13.RSTRAMBL[0]
35579 RAMB36E1_PRIM u_soc_top.u_framebuffer_sram.memory.0.13.RSTRAMBU[0]
35580 RAMB36E1_PRIM u_soc_top.u_framebuffer_sram.memory.0.13.RSTREGBL[0]
35581 RAMB36E1_PRIM u_soc_top.u_framebuffer_sram.memory.0.13.RSTREGBU[0]
35582 RAMB36E1_PRIM u_soc_top.u_framebuffer_sram.memory.0.13.WEBWEL[0]
35583 RAMB36E1_PRIM u_soc_top.u_framebuffer_sram.memory.0.13.WEBWEL[1]
35584 RAMB36E1_PRIM u_soc_top.u_framebuffer_sram.memory.0.13.WEBWEL[2]
35585 RAMB36E1_PRIM u_soc_top.u_framebuffer_sram.memory.0.13.WEBWEL[3]
35586 RAMB36E1_PRIM u_soc_top.u_framebuffer_sram.memory.0.13.WEBWEL[4]
35587 RAMB36E1_PRIM u_soc_top.u_framebuffer_sram.memory.0.13.WEBWEL[5]
35588 RAMB36E1_PRIM u_soc_top.u_framebuffer_sram.memory.0.13.WEBWEL[6]
35589 RAMB36E1_PRIM u_soc_top.u_framebuffer_sram.memory.0.13.WEBWEL[7]
35590 RAMB36E1_PRIM u_soc_top.u_framebuffer_sram.memory.0.13.WEBWEU[0]
35591 RAMB36E1_PRIM u_soc_top.u_framebuffer_sram.memory.0.13.WEBWEU[1]
35592 RAMB36E1_PRIM u_soc_top.u_framebuffer_sram.memory.0.13.WEBWEU[2]
35593 RAMB36E1_PRIM u_soc_top.u_framebuffer_sram.memory.0.13.WEBWEU[3]
35594 RAMB36E1_PRIM u_soc_top.u_framebuffer_sram.memory.0.13.WEBWEU[4]
35595 RAMB36E1_PRIM u_soc_top.u_framebuffer_sram.memory.0.13.WEBWEU[5]
35596 RAMB36E1_PRIM u_soc_top.u_framebuffer_sram.memory.0.13.WEBWEU[6]
35597 RAMB36E1_PRIM u_soc_top.u_framebuffer_sram.memory.0.13.WEBWEU[7]
35598 RAMB36E1_PRIM u_soc_top.u_framebuffer_sram.memory.0.14.ADDRBWRADDRL[0]
35599 RAMB36E1_PRIM u_soc_top.u_framebuffer_sram.memory.0.14.ADDRBWRADDRL[1]
35600 RAMB36E1_PRIM u_soc_top.u_framebuffer_sram.memory.0.14.ADDRBWRADDRL[2]
35601 RAMB36E1_PRIM u_soc_top.u_framebuffer_sram.memory.0.14.ADDRBWRADDRL[3]
35602 RAMB36E1_PRIM u_soc_top.u_framebuffer_sram.memory.0.14.ADDRBWRADDRL[4]
35603 RAMB36E1_PRIM u_soc_top.u_framebuffer_sram.memory.0.14.ADDRBWRADDRL[5]
35604 RAMB36E1_PRIM u_soc_top.u_framebuffer_sram.memory.0.14.ADDRBWRADDRL[6]
35605 RAMB36E1_PRIM u_soc_top.u_framebuffer_sram.memory.0.14.ADDRBWRADDRL[7]
35606 RAMB36E1_PRIM u_soc_top.u_framebuffer_sram.memory.0.14.ADDRBWRADDRL[8]
35607 RAMB36E1_PRIM u_soc_top.u_framebuffer_sram.memory.0.14.ADDRBWRADDRL[9]
35608 RAMB36E1_PRIM u_soc_top.u_framebuffer_sram.memory.0.14.ADDRBWRADDRL[10]
35609 RAMB36E1_PRIM u_soc_top.u_framebuffer_sram.memory.0.14.ADDRBWRADDRL[11]
35610 RAMB36E1_PRIM u_soc_top.u_framebuffer_sram.memory.0.14.ADDRBWRADDRL[12]
35611 RAMB36E1_PRIM u_soc_top.u_framebuffer_sram.memory.0.14.ADDRBWRADDRL[13]
35612 RAMB36E1_PRIM u_soc_top.u_framebuffer_sram.memory.0.14.ADDRBWRADDRL[14]
35613 RAMB36E1_PRIM u_soc_top.u_framebuffer_sram.memory.0.14.ADDRBWRADDRL[15]
35614 RAMB36E1_PRIM u_soc_top.u_framebuffer_sram.memory.0.14.ADDRBWRADDRU[0]
35615 RAMB36E1_PRIM u_soc_top.u_framebuffer_sram.memory.0.14.ADDRBWRADDRU[1]
35616 RAMB36E1_PRIM u_soc_top.u_framebuffer_sram.memory.0.14.ADDRBWRADDRU[2]
35617 RAMB36E1_PRIM u_soc_top.u_framebuffer_sram.memory.0.14.ADDRBWRADDRU[3]
35618 RAMB36E1_PRIM u_soc_top.u_framebuffer_sram.memory.0.14.ADDRBWRADDRU[4]
35619 RAMB36E1_PRIM u_soc_top.u_framebuffer_sram.memory.0.14.ADDRBWRADDRU[5]
35620 RAMB36E1_PRIM u_soc_top.u_framebuffer_sram.memory.0.14.ADDRBWRADDRU[6]
35621 RAMB36E1_PRIM u_soc_top.u_framebuffer_sram.memory.0.14.ADDRBWRADDRU[7]
35622 RAMB36E1_PRIM u_soc_top.u_framebuffer_sram.memory.0.14.ADDRBWRADDRU[8]
35623 RAMB36E1_PRIM u_soc_top.u_framebuffer_sram.memory.0.14.ADDRBWRADDRU[9]
35624 RAMB36E1_PRIM u_soc_top.u_framebuffer_sram.memory.0.14.ADDRBWRADDRU[10]
35625 RAMB36E1_PRIM u_soc_top.u_framebuffer_sram.memory.0.14.ADDRBWRADDRU[11]
35626 RAMB36E1_PRIM u_soc_top.u_framebuffer_sram.memory.0.14.ADDRBWRADDRU[12]
35627 RAMB36E1_PRIM u_soc_top.u_framebuffer_sram.memory.0.14.ADDRBWRADDRU[13]
35628 RAMB36E1_PRIM u_soc_top.u_framebuffer_sram.memory.0.14.ADDRBWRADDRU[14]
35629 RAMB36E1_PRIM u_soc_top.u_framebuffer_sram.memory.0.14.DIBDI[0]
35630 RAMB36E1_PRIM u_soc_top.u_framebuffer_sram.memory.0.14.DIBDI[1]
35631 RAMB36E1_PRIM u_soc_top.u_framebuffer_sram.memory.0.14.DIBDI[2]
35632 RAMB36E1_PRIM u_soc_top.u_framebuffer_sram.memory.0.14.DIBDI[3]
35633 RAMB36E1_PRIM u_soc_top.u_framebuffer_sram.memory.0.14.DIBDI[4]
35634 RAMB36E1_PRIM u_soc_top.u_framebuffer_sram.memory.0.14.DIBDI[5]
35635 RAMB36E1_PRIM u_soc_top.u_framebuffer_sram.memory.0.14.DIBDI[6]
35636 RAMB36E1_PRIM u_soc_top.u_framebuffer_sram.memory.0.14.DIBDI[7]
35637 RAMB36E1_PRIM u_soc_top.u_framebuffer_sram.memory.0.14.DIBDI[8]
35638 RAMB36E1_PRIM u_soc_top.u_framebuffer_sram.memory.0.14.DIBDI[9]
35639 RAMB36E1_PRIM u_soc_top.u_framebuffer_sram.memory.0.14.DIBDI[10]
35640 RAMB36E1_PRIM u_soc_top.u_framebuffer_sram.memory.0.14.DIBDI[11]
35641 RAMB36E1_PRIM u_soc_top.u_framebuffer_sram.memory.0.14.DIBDI[12]
35642 RAMB36E1_PRIM u_soc_top.u_framebuffer_sram.memory.0.14.DIBDI[13]
35643 RAMB36E1_PRIM u_soc_top.u_framebuffer_sram.memory.0.14.DIBDI[14]
35644 RAMB36E1_PRIM u_soc_top.u_framebuffer_sram.memory.0.14.DIBDI[15]
35645 RAMB36E1_PRIM u_soc_top.u_framebuffer_sram.memory.0.14.DIBDI[16]
35646 RAMB36E1_PRIM u_soc_top.u_framebuffer_sram.memory.0.14.DIBDI[17]
35647 RAMB36E1_PRIM u_soc_top.u_framebuffer_sram.memory.0.14.DIBDI[18]
35648 RAMB36E1_PRIM u_soc_top.u_framebuffer_sram.memory.0.14.DIBDI[19]
35649 RAMB36E1_PRIM u_soc_top.u_framebuffer_sram.memory.0.14.DIBDI[20]
35650 RAMB36E1_PRIM u_soc_top.u_framebuffer_sram.memory.0.14.DIBDI[21]
35651 RAMB36E1_PRIM u_soc_top.u_framebuffer_sram.memory.0.14.DIBDI[22]
35652 RAMB36E1_PRIM u_soc_top.u_framebuffer_sram.memory.0.14.DIBDI[23]
35653 RAMB36E1_PRIM u_soc_top.u_framebuffer_sram.memory.0.14.DIBDI[24]
35654 RAMB36E1_PRIM u_soc_top.u_framebuffer_sram.memory.0.14.DIBDI[25]
35655 RAMB36E1_PRIM u_soc_top.u_framebuffer_sram.memory.0.14.DIBDI[26]
35656 RAMB36E1_PRIM u_soc_top.u_framebuffer_sram.memory.0.14.DIBDI[27]
35657 RAMB36E1_PRIM u_soc_top.u_framebuffer_sram.memory.0.14.DIBDI[28]
35658 RAMB36E1_PRIM u_soc_top.u_framebuffer_sram.memory.0.14.DIBDI[29]
35659 RAMB36E1_PRIM u_soc_top.u_framebuffer_sram.memory.0.14.DIBDI[30]
35660 RAMB36E1_PRIM u_soc_top.u_framebuffer_sram.memory.0.14.DIBDI[31]
35661 RAMB36E1_PRIM u_soc_top.u_framebuffer_sram.memory.0.14.DIPBDIP[0]
35662 RAMB36E1_PRIM u_soc_top.u_framebuffer_sram.memory.0.14.DIPBDIP[1]
35663 RAMB36E1_PRIM u_soc_top.u_framebuffer_sram.memory.0.14.DIPBDIP[2]
35664 RAMB36E1_PRIM u_soc_top.u_framebuffer_sram.memory.0.14.DIPBDIP[3]
35665 RAMB36E1_PRIM u_soc_top.u_framebuffer_sram.memory.0.14.ENBWRENL[0]
35666 RAMB36E1_PRIM u_soc_top.u_framebuffer_sram.memory.0.14.ENBWRENU[0]
35667 RAMB36E1_PRIM u_soc_top.u_framebuffer_sram.memory.0.14.REGCEBL[0]
35668 RAMB36E1_PRIM u_soc_top.u_framebuffer_sram.memory.0.14.REGCEBU[0]
35669 RAMB36E1_PRIM u_soc_top.u_framebuffer_sram.memory.0.14.REGCLKBL[0]
35670 RAMB36E1_PRIM u_soc_top.u_framebuffer_sram.memory.0.14.REGCLKBU[0]
35671 RAMB36E1_PRIM u_soc_top.u_framebuffer_sram.memory.0.14.RSTRAMBL[0]
35672 RAMB36E1_PRIM u_soc_top.u_framebuffer_sram.memory.0.14.RSTRAMBU[0]
35673 RAMB36E1_PRIM u_soc_top.u_framebuffer_sram.memory.0.14.RSTREGBL[0]
35674 RAMB36E1_PRIM u_soc_top.u_framebuffer_sram.memory.0.14.RSTREGBU[0]
35675 RAMB36E1_PRIM u_soc_top.u_framebuffer_sram.memory.0.14.WEBWEL[0]
35676 RAMB36E1_PRIM u_soc_top.u_framebuffer_sram.memory.0.14.WEBWEL[1]
35677 RAMB36E1_PRIM u_soc_top.u_framebuffer_sram.memory.0.14.WEBWEL[2]
35678 RAMB36E1_PRIM u_soc_top.u_framebuffer_sram.memory.0.14.WEBWEL[3]
35679 RAMB36E1_PRIM u_soc_top.u_framebuffer_sram.memory.0.14.WEBWEL[4]
35680 RAMB36E1_PRIM u_soc_top.u_framebuffer_sram.memory.0.14.WEBWEL[5]
35681 RAMB36E1_PRIM u_soc_top.u_framebuffer_sram.memory.0.14.WEBWEL[6]
35682 RAMB36E1_PRIM u_soc_top.u_framebuffer_sram.memory.0.14.WEBWEL[7]
35683 RAMB36E1_PRIM u_soc_top.u_framebuffer_sram.memory.0.14.WEBWEU[0]
35684 RAMB36E1_PRIM u_soc_top.u_framebuffer_sram.memory.0.14.WEBWEU[1]
35685 RAMB36E1_PRIM u_soc_top.u_framebuffer_sram.memory.0.14.WEBWEU[2]
35686 RAMB36E1_PRIM u_soc_top.u_framebuffer_sram.memory.0.14.WEBWEU[3]
35687 RAMB36E1_PRIM u_soc_top.u_framebuffer_sram.memory.0.14.WEBWEU[4]
35688 RAMB36E1_PRIM u_soc_top.u_framebuffer_sram.memory.0.14.WEBWEU[5]
35689 RAMB36E1_PRIM u_soc_top.u_framebuffer_sram.memory.0.14.WEBWEU[6]
35690 RAMB36E1_PRIM u_soc_top.u_framebuffer_sram.memory.0.14.WEBWEU[7]
35691 RAMB36E1_PRIM u_soc_top.u_framebuffer_sram.memory.0.15.ADDRBWRADDRL[0]
35692 RAMB36E1_PRIM u_soc_top.u_framebuffer_sram.memory.0.15.ADDRBWRADDRL[1]
35693 RAMB36E1_PRIM u_soc_top.u_framebuffer_sram.memory.0.15.ADDRBWRADDRL[2]
35694 RAMB36E1_PRIM u_soc_top.u_framebuffer_sram.memory.0.15.ADDRBWRADDRL[3]
35695 RAMB36E1_PRIM u_soc_top.u_framebuffer_sram.memory.0.15.ADDRBWRADDRL[4]
35696 RAMB36E1_PRIM u_soc_top.u_framebuffer_sram.memory.0.15.ADDRBWRADDRL[5]
35697 RAMB36E1_PRIM u_soc_top.u_framebuffer_sram.memory.0.15.ADDRBWRADDRL[6]
35698 RAMB36E1_PRIM u_soc_top.u_framebuffer_sram.memory.0.15.ADDRBWRADDRL[7]
35699 RAMB36E1_PRIM u_soc_top.u_framebuffer_sram.memory.0.15.ADDRBWRADDRL[8]
35700 RAMB36E1_PRIM u_soc_top.u_framebuffer_sram.memory.0.15.ADDRBWRADDRL[9]
35701 RAMB36E1_PRIM u_soc_top.u_framebuffer_sram.memory.0.15.ADDRBWRADDRL[10]
35702 RAMB36E1_PRIM u_soc_top.u_framebuffer_sram.memory.0.15.ADDRBWRADDRL[11]
35703 RAMB36E1_PRIM u_soc_top.u_framebuffer_sram.memory.0.15.ADDRBWRADDRL[12]
35704 RAMB36E1_PRIM u_soc_top.u_framebuffer_sram.memory.0.15.ADDRBWRADDRL[13]
35705 RAMB36E1_PRIM u_soc_top.u_framebuffer_sram.memory.0.15.ADDRBWRADDRL[14]
35706 RAMB36E1_PRIM u_soc_top.u_framebuffer_sram.memory.0.15.ADDRBWRADDRL[15]
35707 RAMB36E1_PRIM u_soc_top.u_framebuffer_sram.memory.0.15.ADDRBWRADDRU[0]
35708 RAMB36E1_PRIM u_soc_top.u_framebuffer_sram.memory.0.15.ADDRBWRADDRU[1]
35709 RAMB36E1_PRIM u_soc_top.u_framebuffer_sram.memory.0.15.ADDRBWRADDRU[2]
35710 RAMB36E1_PRIM u_soc_top.u_framebuffer_sram.memory.0.15.ADDRBWRADDRU[3]
35711 RAMB36E1_PRIM u_soc_top.u_framebuffer_sram.memory.0.15.ADDRBWRADDRU[4]
35712 RAMB36E1_PRIM u_soc_top.u_framebuffer_sram.memory.0.15.ADDRBWRADDRU[5]
35713 RAMB36E1_PRIM u_soc_top.u_framebuffer_sram.memory.0.15.ADDRBWRADDRU[6]
35714 RAMB36E1_PRIM u_soc_top.u_framebuffer_sram.memory.0.15.ADDRBWRADDRU[7]
35715 RAMB36E1_PRIM u_soc_top.u_framebuffer_sram.memory.0.15.ADDRBWRADDRU[8]
35716 RAMB36E1_PRIM u_soc_top.u_framebuffer_sram.memory.0.15.ADDRBWRADDRU[9]
35717 RAMB36E1_PRIM u_soc_top.u_framebuffer_sram.memory.0.15.ADDRBWRADDRU[10]
35718 RAMB36E1_PRIM u_soc_top.u_framebuffer_sram.memory.0.15.ADDRBWRADDRU[11]
35719 RAMB36E1_PRIM u_soc_top.u_framebuffer_sram.memory.0.15.ADDRBWRADDRU[12]
35720 RAMB36E1_PRIM u_soc_top.u_framebuffer_sram.memory.0.15.ADDRBWRADDRU[13]
35721 RAMB36E1_PRIM u_soc_top.u_framebuffer_sram.memory.0.15.ADDRBWRADDRU[14]
35722 RAMB36E1_PRIM u_soc_top.u_framebuffer_sram.memory.0.15.DIBDI[0]
35723 RAMB36E1_PRIM u_soc_top.u_framebuffer_sram.memory.0.15.DIBDI[1]
35724 RAMB36E1_PRIM u_soc_top.u_framebuffer_sram.memory.0.15.DIBDI[2]
35725 RAMB36E1_PRIM u_soc_top.u_framebuffer_sram.memory.0.15.DIBDI[3]
35726 RAMB36E1_PRIM u_soc_top.u_framebuffer_sram.memory.0.15.DIBDI[4]
35727 RAMB36E1_PRIM u_soc_top.u_framebuffer_sram.memory.0.15.DIBDI[5]
35728 RAMB36E1_PRIM u_soc_top.u_framebuffer_sram.memory.0.15.DIBDI[6]
35729 RAMB36E1_PRIM u_soc_top.u_framebuffer_sram.memory.0.15.DIBDI[7]
35730 RAMB36E1_PRIM u_soc_top.u_framebuffer_sram.memory.0.15.DIBDI[8]
35731 RAMB36E1_PRIM u_soc_top.u_framebuffer_sram.memory.0.15.DIBDI[9]
35732 RAMB36E1_PRIM u_soc_top.u_framebuffer_sram.memory.0.15.DIBDI[10]
35733 RAMB36E1_PRIM u_soc_top.u_framebuffer_sram.memory.0.15.DIBDI[11]
35734 RAMB36E1_PRIM u_soc_top.u_framebuffer_sram.memory.0.15.DIBDI[12]
35735 RAMB36E1_PRIM u_soc_top.u_framebuffer_sram.memory.0.15.DIBDI[13]
35736 RAMB36E1_PRIM u_soc_top.u_framebuffer_sram.memory.0.15.DIBDI[14]
35737 RAMB36E1_PRIM u_soc_top.u_framebuffer_sram.memory.0.15.DIBDI[15]
35738 RAMB36E1_PRIM u_soc_top.u_framebuffer_sram.memory.0.15.DIBDI[16]
35739 RAMB36E1_PRIM u_soc_top.u_framebuffer_sram.memory.0.15.DIBDI[17]
35740 RAMB36E1_PRIM u_soc_top.u_framebuffer_sram.memory.0.15.DIBDI[18]
35741 RAMB36E1_PRIM u_soc_top.u_framebuffer_sram.memory.0.15.DIBDI[19]
35742 RAMB36E1_PRIM u_soc_top.u_framebuffer_sram.memory.0.15.DIBDI[20]
35743 RAMB36E1_PRIM u_soc_top.u_framebuffer_sram.memory.0.15.DIBDI[21]
35744 RAMB36E1_PRIM u_soc_top.u_framebuffer_sram.memory.0.15.DIBDI[22]
35745 RAMB36E1_PRIM u_soc_top.u_framebuffer_sram.memory.0.15.DIBDI[23]
35746 RAMB36E1_PRIM u_soc_top.u_framebuffer_sram.memory.0.15.DIBDI[24]
35747 RAMB36E1_PRIM u_soc_top.u_framebuffer_sram.memory.0.15.DIBDI[25]
35748 RAMB36E1_PRIM u_soc_top.u_framebuffer_sram.memory.0.15.DIBDI[26]
35749 RAMB36E1_PRIM u_soc_top.u_framebuffer_sram.memory.0.15.DIBDI[27]
35750 RAMB36E1_PRIM u_soc_top.u_framebuffer_sram.memory.0.15.DIBDI[28]
35751 RAMB36E1_PRIM u_soc_top.u_framebuffer_sram.memory.0.15.DIBDI[29]
35752 RAMB36E1_PRIM u_soc_top.u_framebuffer_sram.memory.0.15.DIBDI[30]
35753 RAMB36E1_PRIM u_soc_top.u_framebuffer_sram.memory.0.15.DIBDI[31]
35754 RAMB36E1_PRIM u_soc_top.u_framebuffer_sram.memory.0.15.DIPBDIP[0]
35755 RAMB36E1_PRIM u_soc_top.u_framebuffer_sram.memory.0.15.DIPBDIP[1]
35756 RAMB36E1_PRIM u_soc_top.u_framebuffer_sram.memory.0.15.DIPBDIP[2]
35757 RAMB36E1_PRIM u_soc_top.u_framebuffer_sram.memory.0.15.DIPBDIP[3]
35758 RAMB36E1_PRIM u_soc_top.u_framebuffer_sram.memory.0.15.ENBWRENL[0]
35759 RAMB36E1_PRIM u_soc_top.u_framebuffer_sram.memory.0.15.ENBWRENU[0]
35760 RAMB36E1_PRIM u_soc_top.u_framebuffer_sram.memory.0.15.REGCEBL[0]
35761 RAMB36E1_PRIM u_soc_top.u_framebuffer_sram.memory.0.15.REGCEBU[0]
35762 RAMB36E1_PRIM u_soc_top.u_framebuffer_sram.memory.0.15.REGCLKBL[0]
35763 RAMB36E1_PRIM u_soc_top.u_framebuffer_sram.memory.0.15.REGCLKBU[0]
35764 RAMB36E1_PRIM u_soc_top.u_framebuffer_sram.memory.0.15.RSTRAMBL[0]
35765 RAMB36E1_PRIM u_soc_top.u_framebuffer_sram.memory.0.15.RSTRAMBU[0]
35766 RAMB36E1_PRIM u_soc_top.u_framebuffer_sram.memory.0.15.RSTREGBL[0]
35767 RAMB36E1_PRIM u_soc_top.u_framebuffer_sram.memory.0.15.RSTREGBU[0]
35768 RAMB36E1_PRIM u_soc_top.u_framebuffer_sram.memory.0.15.WEBWEL[0]
35769 RAMB36E1_PRIM u_soc_top.u_framebuffer_sram.memory.0.15.WEBWEL[1]
35770 RAMB36E1_PRIM u_soc_top.u_framebuffer_sram.memory.0.15.WEBWEL[2]
35771 RAMB36E1_PRIM u_soc_top.u_framebuffer_sram.memory.0.15.WEBWEL[3]
35772 RAMB36E1_PRIM u_soc_top.u_framebuffer_sram.memory.0.15.WEBWEL[4]
35773 RAMB36E1_PRIM u_soc_top.u_framebuffer_sram.memory.0.15.WEBWEL[5]
35774 RAMB36E1_PRIM u_soc_top.u_framebuffer_sram.memory.0.15.WEBWEL[6]
35775 RAMB36E1_PRIM u_soc_top.u_framebuffer_sram.memory.0.15.WEBWEL[7]
35776 RAMB36E1_PRIM u_soc_top.u_framebuffer_sram.memory.0.15.WEBWEU[0]
35777 RAMB36E1_PRIM u_soc_top.u_framebuffer_sram.memory.0.15.WEBWEU[1]
35778 RAMB36E1_PRIM u_soc_top.u_framebuffer_sram.memory.0.15.WEBWEU[2]
35779 RAMB36E1_PRIM u_soc_top.u_framebuffer_sram.memory.0.15.WEBWEU[3]
35780 RAMB36E1_PRIM u_soc_top.u_framebuffer_sram.memory.0.15.WEBWEU[4]
35781 RAMB36E1_PRIM u_soc_top.u_framebuffer_sram.memory.0.15.WEBWEU[5]
35782 RAMB36E1_PRIM u_soc_top.u_framebuffer_sram.memory.0.15.WEBWEU[6]
35783 RAMB36E1_PRIM u_soc_top.u_framebuffer_sram.memory.0.15.WEBWEU[7]
35784 RAMB36E1_PRIM u_soc_top.u_framebuffer_sram.memory.0.16.ADDRBWRADDRL[0]
35785 RAMB36E1_PRIM u_soc_top.u_framebuffer_sram.memory.0.16.ADDRBWRADDRL[1]
35786 RAMB36E1_PRIM u_soc_top.u_framebuffer_sram.memory.0.16.ADDRBWRADDRL[2]
35787 RAMB36E1_PRIM u_soc_top.u_framebuffer_sram.memory.0.16.ADDRBWRADDRL[3]
35788 RAMB36E1_PRIM u_soc_top.u_framebuffer_sram.memory.0.16.ADDRBWRADDRL[4]
35789 RAMB36E1_PRIM u_soc_top.u_framebuffer_sram.memory.0.16.ADDRBWRADDRL[5]
35790 RAMB36E1_PRIM u_soc_top.u_framebuffer_sram.memory.0.16.ADDRBWRADDRL[6]
35791 RAMB36E1_PRIM u_soc_top.u_framebuffer_sram.memory.0.16.ADDRBWRADDRL[7]
35792 RAMB36E1_PRIM u_soc_top.u_framebuffer_sram.memory.0.16.ADDRBWRADDRL[8]
35793 RAMB36E1_PRIM u_soc_top.u_framebuffer_sram.memory.0.16.ADDRBWRADDRL[9]
35794 RAMB36E1_PRIM u_soc_top.u_framebuffer_sram.memory.0.16.ADDRBWRADDRL[10]
35795 RAMB36E1_PRIM u_soc_top.u_framebuffer_sram.memory.0.16.ADDRBWRADDRL[11]
35796 RAMB36E1_PRIM u_soc_top.u_framebuffer_sram.memory.0.16.ADDRBWRADDRL[12]
35797 RAMB36E1_PRIM u_soc_top.u_framebuffer_sram.memory.0.16.ADDRBWRADDRL[13]
35798 RAMB36E1_PRIM u_soc_top.u_framebuffer_sram.memory.0.16.ADDRBWRADDRL[14]
35799 RAMB36E1_PRIM u_soc_top.u_framebuffer_sram.memory.0.16.ADDRBWRADDRL[15]
35800 RAMB36E1_PRIM u_soc_top.u_framebuffer_sram.memory.0.16.ADDRBWRADDRU[0]
35801 RAMB36E1_PRIM u_soc_top.u_framebuffer_sram.memory.0.16.ADDRBWRADDRU[1]
35802 RAMB36E1_PRIM u_soc_top.u_framebuffer_sram.memory.0.16.ADDRBWRADDRU[2]
35803 RAMB36E1_PRIM u_soc_top.u_framebuffer_sram.memory.0.16.ADDRBWRADDRU[3]
35804 RAMB36E1_PRIM u_soc_top.u_framebuffer_sram.memory.0.16.ADDRBWRADDRU[4]
35805 RAMB36E1_PRIM u_soc_top.u_framebuffer_sram.memory.0.16.ADDRBWRADDRU[5]
35806 RAMB36E1_PRIM u_soc_top.u_framebuffer_sram.memory.0.16.ADDRBWRADDRU[6]
35807 RAMB36E1_PRIM u_soc_top.u_framebuffer_sram.memory.0.16.ADDRBWRADDRU[7]
35808 RAMB36E1_PRIM u_soc_top.u_framebuffer_sram.memory.0.16.ADDRBWRADDRU[8]
35809 RAMB36E1_PRIM u_soc_top.u_framebuffer_sram.memory.0.16.ADDRBWRADDRU[9]
35810 RAMB36E1_PRIM u_soc_top.u_framebuffer_sram.memory.0.16.ADDRBWRADDRU[10]
35811 RAMB36E1_PRIM u_soc_top.u_framebuffer_sram.memory.0.16.ADDRBWRADDRU[11]
35812 RAMB36E1_PRIM u_soc_top.u_framebuffer_sram.memory.0.16.ADDRBWRADDRU[12]
35813 RAMB36E1_PRIM u_soc_top.u_framebuffer_sram.memory.0.16.ADDRBWRADDRU[13]
35814 RAMB36E1_PRIM u_soc_top.u_framebuffer_sram.memory.0.16.ADDRBWRADDRU[14]
35815 RAMB36E1_PRIM u_soc_top.u_framebuffer_sram.memory.0.16.DIBDI[0]
35816 RAMB36E1_PRIM u_soc_top.u_framebuffer_sram.memory.0.16.DIBDI[1]
35817 RAMB36E1_PRIM u_soc_top.u_framebuffer_sram.memory.0.16.DIBDI[2]
35818 RAMB36E1_PRIM u_soc_top.u_framebuffer_sram.memory.0.16.DIBDI[3]
35819 RAMB36E1_PRIM u_soc_top.u_framebuffer_sram.memory.0.16.DIBDI[4]
35820 RAMB36E1_PRIM u_soc_top.u_framebuffer_sram.memory.0.16.DIBDI[5]
35821 RAMB36E1_PRIM u_soc_top.u_framebuffer_sram.memory.0.16.DIBDI[6]
35822 RAMB36E1_PRIM u_soc_top.u_framebuffer_sram.memory.0.16.DIBDI[7]
35823 RAMB36E1_PRIM u_soc_top.u_framebuffer_sram.memory.0.16.DIBDI[8]
35824 RAMB36E1_PRIM u_soc_top.u_framebuffer_sram.memory.0.16.DIBDI[9]
35825 RAMB36E1_PRIM u_soc_top.u_framebuffer_sram.memory.0.16.DIBDI[10]
35826 RAMB36E1_PRIM u_soc_top.u_framebuffer_sram.memory.0.16.DIBDI[11]
35827 RAMB36E1_PRIM u_soc_top.u_framebuffer_sram.memory.0.16.DIBDI[12]
35828 RAMB36E1_PRIM u_soc_top.u_framebuffer_sram.memory.0.16.DIBDI[13]
35829 RAMB36E1_PRIM u_soc_top.u_framebuffer_sram.memory.0.16.DIBDI[14]
35830 RAMB36E1_PRIM u_soc_top.u_framebuffer_sram.memory.0.16.DIBDI[15]
35831 RAMB36E1_PRIM u_soc_top.u_framebuffer_sram.memory.0.16.DIBDI[16]
35832 RAMB36E1_PRIM u_soc_top.u_framebuffer_sram.memory.0.16.DIBDI[17]
35833 RAMB36E1_PRIM u_soc_top.u_framebuffer_sram.memory.0.16.DIBDI[18]
35834 RAMB36E1_PRIM u_soc_top.u_framebuffer_sram.memory.0.16.DIBDI[19]
35835 RAMB36E1_PRIM u_soc_top.u_framebuffer_sram.memory.0.16.DIBDI[20]
35836 RAMB36E1_PRIM u_soc_top.u_framebuffer_sram.memory.0.16.DIBDI[21]
35837 RAMB36E1_PRIM u_soc_top.u_framebuffer_sram.memory.0.16.DIBDI[22]
35838 RAMB36E1_PRIM u_soc_top.u_framebuffer_sram.memory.0.16.DIBDI[23]
35839 RAMB36E1_PRIM u_soc_top.u_framebuffer_sram.memory.0.16.DIBDI[24]
35840 RAMB36E1_PRIM u_soc_top.u_framebuffer_sram.memory.0.16.DIBDI[25]
35841 RAMB36E1_PRIM u_soc_top.u_framebuffer_sram.memory.0.16.DIBDI[26]
35842 RAMB36E1_PRIM u_soc_top.u_framebuffer_sram.memory.0.16.DIBDI[27]
35843 RAMB36E1_PRIM u_soc_top.u_framebuffer_sram.memory.0.16.DIBDI[28]
35844 RAMB36E1_PRIM u_soc_top.u_framebuffer_sram.memory.0.16.DIBDI[29]
35845 RAMB36E1_PRIM u_soc_top.u_framebuffer_sram.memory.0.16.DIBDI[30]
35846 RAMB36E1_PRIM u_soc_top.u_framebuffer_sram.memory.0.16.DIBDI[31]
35847 RAMB36E1_PRIM u_soc_top.u_framebuffer_sram.memory.0.16.DIPBDIP[0]
35848 RAMB36E1_PRIM u_soc_top.u_framebuffer_sram.memory.0.16.DIPBDIP[1]
35849 RAMB36E1_PRIM u_soc_top.u_framebuffer_sram.memory.0.16.DIPBDIP[2]
35850 RAMB36E1_PRIM u_soc_top.u_framebuffer_sram.memory.0.16.DIPBDIP[3]
35851 RAMB36E1_PRIM u_soc_top.u_framebuffer_sram.memory.0.16.ENBWRENL[0]
35852 RAMB36E1_PRIM u_soc_top.u_framebuffer_sram.memory.0.16.ENBWRENU[0]
35853 RAMB36E1_PRIM u_soc_top.u_framebuffer_sram.memory.0.16.REGCEBL[0]
35854 RAMB36E1_PRIM u_soc_top.u_framebuffer_sram.memory.0.16.REGCEBU[0]
35855 RAMB36E1_PRIM u_soc_top.u_framebuffer_sram.memory.0.16.REGCLKBL[0]
35856 RAMB36E1_PRIM u_soc_top.u_framebuffer_sram.memory.0.16.REGCLKBU[0]
35857 RAMB36E1_PRIM u_soc_top.u_framebuffer_sram.memory.0.16.RSTRAMBL[0]
35858 RAMB36E1_PRIM u_soc_top.u_framebuffer_sram.memory.0.16.RSTRAMBU[0]
35859 RAMB36E1_PRIM u_soc_top.u_framebuffer_sram.memory.0.16.RSTREGBL[0]
35860 RAMB36E1_PRIM u_soc_top.u_framebuffer_sram.memory.0.16.RSTREGBU[0]
35861 RAMB36E1_PRIM u_soc_top.u_framebuffer_sram.memory.0.16.WEBWEL[0]
35862 RAMB36E1_PRIM u_soc_top.u_framebuffer_sram.memory.0.16.WEBWEL[1]
35863 RAMB36E1_PRIM u_soc_top.u_framebuffer_sram.memory.0.16.WEBWEL[2]
35864 RAMB36E1_PRIM u_soc_top.u_framebuffer_sram.memory.0.16.WEBWEL[3]
35865 RAMB36E1_PRIM u_soc_top.u_framebuffer_sram.memory.0.16.WEBWEL[4]
35866 RAMB36E1_PRIM u_soc_top.u_framebuffer_sram.memory.0.16.WEBWEL[5]
35867 RAMB36E1_PRIM u_soc_top.u_framebuffer_sram.memory.0.16.WEBWEL[6]
35868 RAMB36E1_PRIM u_soc_top.u_framebuffer_sram.memory.0.16.WEBWEL[7]
35869 RAMB36E1_PRIM u_soc_top.u_framebuffer_sram.memory.0.16.WEBWEU[0]
35870 RAMB36E1_PRIM u_soc_top.u_framebuffer_sram.memory.0.16.WEBWEU[1]
35871 RAMB36E1_PRIM u_soc_top.u_framebuffer_sram.memory.0.16.WEBWEU[2]
35872 RAMB36E1_PRIM u_soc_top.u_framebuffer_sram.memory.0.16.WEBWEU[3]
35873 RAMB36E1_PRIM u_soc_top.u_framebuffer_sram.memory.0.16.WEBWEU[4]
35874 RAMB36E1_PRIM u_soc_top.u_framebuffer_sram.memory.0.16.WEBWEU[5]
35875 RAMB36E1_PRIM u_soc_top.u_framebuffer_sram.memory.0.16.WEBWEU[6]
35876 RAMB36E1_PRIM u_soc_top.u_framebuffer_sram.memory.0.16.WEBWEU[7]
35877 RAMB36E1_PRIM u_soc_top.u_framebuffer_sram.memory.0.17.ADDRBWRADDRL[0]
35878 RAMB36E1_PRIM u_soc_top.u_framebuffer_sram.memory.0.17.ADDRBWRADDRL[1]
35879 RAMB36E1_PRIM u_soc_top.u_framebuffer_sram.memory.0.17.ADDRBWRADDRL[2]
35880 RAMB36E1_PRIM u_soc_top.u_framebuffer_sram.memory.0.17.ADDRBWRADDRL[3]
35881 RAMB36E1_PRIM u_soc_top.u_framebuffer_sram.memory.0.17.ADDRBWRADDRL[4]
35882 RAMB36E1_PRIM u_soc_top.u_framebuffer_sram.memory.0.17.ADDRBWRADDRL[5]
35883 RAMB36E1_PRIM u_soc_top.u_framebuffer_sram.memory.0.17.ADDRBWRADDRL[6]
35884 RAMB36E1_PRIM u_soc_top.u_framebuffer_sram.memory.0.17.ADDRBWRADDRL[7]
35885 RAMB36E1_PRIM u_soc_top.u_framebuffer_sram.memory.0.17.ADDRBWRADDRL[8]
35886 RAMB36E1_PRIM u_soc_top.u_framebuffer_sram.memory.0.17.ADDRBWRADDRL[9]
35887 RAMB36E1_PRIM u_soc_top.u_framebuffer_sram.memory.0.17.ADDRBWRADDRL[10]
35888 RAMB36E1_PRIM u_soc_top.u_framebuffer_sram.memory.0.17.ADDRBWRADDRL[11]
35889 RAMB36E1_PRIM u_soc_top.u_framebuffer_sram.memory.0.17.ADDRBWRADDRL[12]
35890 RAMB36E1_PRIM u_soc_top.u_framebuffer_sram.memory.0.17.ADDRBWRADDRL[13]
35891 RAMB36E1_PRIM u_soc_top.u_framebuffer_sram.memory.0.17.ADDRBWRADDRL[14]
35892 RAMB36E1_PRIM u_soc_top.u_framebuffer_sram.memory.0.17.ADDRBWRADDRL[15]
35893 RAMB36E1_PRIM u_soc_top.u_framebuffer_sram.memory.0.17.ADDRBWRADDRU[0]
35894 RAMB36E1_PRIM u_soc_top.u_framebuffer_sram.memory.0.17.ADDRBWRADDRU[1]
35895 RAMB36E1_PRIM u_soc_top.u_framebuffer_sram.memory.0.17.ADDRBWRADDRU[2]
35896 RAMB36E1_PRIM u_soc_top.u_framebuffer_sram.memory.0.17.ADDRBWRADDRU[3]
35897 RAMB36E1_PRIM u_soc_top.u_framebuffer_sram.memory.0.17.ADDRBWRADDRU[4]
35898 RAMB36E1_PRIM u_soc_top.u_framebuffer_sram.memory.0.17.ADDRBWRADDRU[5]
35899 RAMB36E1_PRIM u_soc_top.u_framebuffer_sram.memory.0.17.ADDRBWRADDRU[6]
35900 RAMB36E1_PRIM u_soc_top.u_framebuffer_sram.memory.0.17.ADDRBWRADDRU[7]
35901 RAMB36E1_PRIM u_soc_top.u_framebuffer_sram.memory.0.17.ADDRBWRADDRU[8]
35902 RAMB36E1_PRIM u_soc_top.u_framebuffer_sram.memory.0.17.ADDRBWRADDRU[9]
35903 RAMB36E1_PRIM u_soc_top.u_framebuffer_sram.memory.0.17.ADDRBWRADDRU[10]
35904 RAMB36E1_PRIM u_soc_top.u_framebuffer_sram.memory.0.17.ADDRBWRADDRU[11]
35905 RAMB36E1_PRIM u_soc_top.u_framebuffer_sram.memory.0.17.ADDRBWRADDRU[12]
35906 RAMB36E1_PRIM u_soc_top.u_framebuffer_sram.memory.0.17.ADDRBWRADDRU[13]
35907 RAMB36E1_PRIM u_soc_top.u_framebuffer_sram.memory.0.17.ADDRBWRADDRU[14]
35908 RAMB36E1_PRIM u_soc_top.u_framebuffer_sram.memory.0.17.DIBDI[0]
35909 RAMB36E1_PRIM u_soc_top.u_framebuffer_sram.memory.0.17.DIBDI[1]
35910 RAMB36E1_PRIM u_soc_top.u_framebuffer_sram.memory.0.17.DIBDI[2]
35911 RAMB36E1_PRIM u_soc_top.u_framebuffer_sram.memory.0.17.DIBDI[3]
35912 RAMB36E1_PRIM u_soc_top.u_framebuffer_sram.memory.0.17.DIBDI[4]
35913 RAMB36E1_PRIM u_soc_top.u_framebuffer_sram.memory.0.17.DIBDI[5]
35914 RAMB36E1_PRIM u_soc_top.u_framebuffer_sram.memory.0.17.DIBDI[6]
35915 RAMB36E1_PRIM u_soc_top.u_framebuffer_sram.memory.0.17.DIBDI[7]
35916 RAMB36E1_PRIM u_soc_top.u_framebuffer_sram.memory.0.17.DIBDI[8]
35917 RAMB36E1_PRIM u_soc_top.u_framebuffer_sram.memory.0.17.DIBDI[9]
35918 RAMB36E1_PRIM u_soc_top.u_framebuffer_sram.memory.0.17.DIBDI[10]
35919 RAMB36E1_PRIM u_soc_top.u_framebuffer_sram.memory.0.17.DIBDI[11]
35920 RAMB36E1_PRIM u_soc_top.u_framebuffer_sram.memory.0.17.DIBDI[12]
35921 RAMB36E1_PRIM u_soc_top.u_framebuffer_sram.memory.0.17.DIBDI[13]
35922 RAMB36E1_PRIM u_soc_top.u_framebuffer_sram.memory.0.17.DIBDI[14]
35923 RAMB36E1_PRIM u_soc_top.u_framebuffer_sram.memory.0.17.DIBDI[15]
35924 RAMB36E1_PRIM u_soc_top.u_framebuffer_sram.memory.0.17.DIBDI[16]
35925 RAMB36E1_PRIM u_soc_top.u_framebuffer_sram.memory.0.17.DIBDI[17]
35926 RAMB36E1_PRIM u_soc_top.u_framebuffer_sram.memory.0.17.DIBDI[18]
35927 RAMB36E1_PRIM u_soc_top.u_framebuffer_sram.memory.0.17.DIBDI[19]
35928 RAMB36E1_PRIM u_soc_top.u_framebuffer_sram.memory.0.17.DIBDI[20]
35929 RAMB36E1_PRIM u_soc_top.u_framebuffer_sram.memory.0.17.DIBDI[21]
35930 RAMB36E1_PRIM u_soc_top.u_framebuffer_sram.memory.0.17.DIBDI[22]
35931 RAMB36E1_PRIM u_soc_top.u_framebuffer_sram.memory.0.17.DIBDI[23]
35932 RAMB36E1_PRIM u_soc_top.u_framebuffer_sram.memory.0.17.DIBDI[24]
35933 RAMB36E1_PRIM u_soc_top.u_framebuffer_sram.memory.0.17.DIBDI[25]
35934 RAMB36E1_PRIM u_soc_top.u_framebuffer_sram.memory.0.17.DIBDI[26]
35935 RAMB36E1_PRIM u_soc_top.u_framebuffer_sram.memory.0.17.DIBDI[27]
35936 RAMB36E1_PRIM u_soc_top.u_framebuffer_sram.memory.0.17.DIBDI[28]
35937 RAMB36E1_PRIM u_soc_top.u_framebuffer_sram.memory.0.17.DIBDI[29]
35938 RAMB36E1_PRIM u_soc_top.u_framebuffer_sram.memory.0.17.DIBDI[30]
35939 RAMB36E1_PRIM u_soc_top.u_framebuffer_sram.memory.0.17.DIBDI[31]
35940 RAMB36E1_PRIM u_soc_top.u_framebuffer_sram.memory.0.17.DIPBDIP[0]
35941 RAMB36E1_PRIM u_soc_top.u_framebuffer_sram.memory.0.17.DIPBDIP[1]
35942 RAMB36E1_PRIM u_soc_top.u_framebuffer_sram.memory.0.17.DIPBDIP[2]
35943 RAMB36E1_PRIM u_soc_top.u_framebuffer_sram.memory.0.17.DIPBDIP[3]
35944 RAMB36E1_PRIM u_soc_top.u_framebuffer_sram.memory.0.17.ENBWRENL[0]
35945 RAMB36E1_PRIM u_soc_top.u_framebuffer_sram.memory.0.17.ENBWRENU[0]
35946 RAMB36E1_PRIM u_soc_top.u_framebuffer_sram.memory.0.17.REGCEBL[0]
35947 RAMB36E1_PRIM u_soc_top.u_framebuffer_sram.memory.0.17.REGCEBU[0]
35948 RAMB36E1_PRIM u_soc_top.u_framebuffer_sram.memory.0.17.REGCLKBL[0]
35949 RAMB36E1_PRIM u_soc_top.u_framebuffer_sram.memory.0.17.REGCLKBU[0]
35950 RAMB36E1_PRIM u_soc_top.u_framebuffer_sram.memory.0.17.RSTRAMBL[0]
35951 RAMB36E1_PRIM u_soc_top.u_framebuffer_sram.memory.0.17.RSTRAMBU[0]
35952 RAMB36E1_PRIM u_soc_top.u_framebuffer_sram.memory.0.17.RSTREGBL[0]
35953 RAMB36E1_PRIM u_soc_top.u_framebuffer_sram.memory.0.17.RSTREGBU[0]
35954 RAMB36E1_PRIM u_soc_top.u_framebuffer_sram.memory.0.17.WEBWEL[0]
35955 RAMB36E1_PRIM u_soc_top.u_framebuffer_sram.memory.0.17.WEBWEL[1]
35956 RAMB36E1_PRIM u_soc_top.u_framebuffer_sram.memory.0.17.WEBWEL[2]
35957 RAMB36E1_PRIM u_soc_top.u_framebuffer_sram.memory.0.17.WEBWEL[3]
35958 RAMB36E1_PRIM u_soc_top.u_framebuffer_sram.memory.0.17.WEBWEL[4]
35959 RAMB36E1_PRIM u_soc_top.u_framebuffer_sram.memory.0.17.WEBWEL[5]
35960 RAMB36E1_PRIM u_soc_top.u_framebuffer_sram.memory.0.17.WEBWEL[6]
35961 RAMB36E1_PRIM u_soc_top.u_framebuffer_sram.memory.0.17.WEBWEL[7]
35962 RAMB36E1_PRIM u_soc_top.u_framebuffer_sram.memory.0.17.WEBWEU[0]
35963 RAMB36E1_PRIM u_soc_top.u_framebuffer_sram.memory.0.17.WEBWEU[1]
35964 RAMB36E1_PRIM u_soc_top.u_framebuffer_sram.memory.0.17.WEBWEU[2]
35965 RAMB36E1_PRIM u_soc_top.u_framebuffer_sram.memory.0.17.WEBWEU[3]
35966 RAMB36E1_PRIM u_soc_top.u_framebuffer_sram.memory.0.17.WEBWEU[4]
35967 RAMB36E1_PRIM u_soc_top.u_framebuffer_sram.memory.0.17.WEBWEU[5]
35968 RAMB36E1_PRIM u_soc_top.u_framebuffer_sram.memory.0.17.WEBWEU[6]
35969 RAMB36E1_PRIM u_soc_top.u_framebuffer_sram.memory.0.17.WEBWEU[7]
35970 RAMB36E1_PRIM u_soc_top.u_framebuffer_sram.memory.0.18.ADDRBWRADDRL[0]
35971 RAMB36E1_PRIM u_soc_top.u_framebuffer_sram.memory.0.18.ADDRBWRADDRL[1]
35972 RAMB36E1_PRIM u_soc_top.u_framebuffer_sram.memory.0.18.ADDRBWRADDRL[2]
35973 RAMB36E1_PRIM u_soc_top.u_framebuffer_sram.memory.0.18.ADDRBWRADDRL[3]
35974 RAMB36E1_PRIM u_soc_top.u_framebuffer_sram.memory.0.18.ADDRBWRADDRL[4]
35975 RAMB36E1_PRIM u_soc_top.u_framebuffer_sram.memory.0.18.ADDRBWRADDRL[5]
35976 RAMB36E1_PRIM u_soc_top.u_framebuffer_sram.memory.0.18.ADDRBWRADDRL[6]
35977 RAMB36E1_PRIM u_soc_top.u_framebuffer_sram.memory.0.18.ADDRBWRADDRL[7]
35978 RAMB36E1_PRIM u_soc_top.u_framebuffer_sram.memory.0.18.ADDRBWRADDRL[8]
35979 RAMB36E1_PRIM u_soc_top.u_framebuffer_sram.memory.0.18.ADDRBWRADDRL[9]
35980 RAMB36E1_PRIM u_soc_top.u_framebuffer_sram.memory.0.18.ADDRBWRADDRL[10]
35981 RAMB36E1_PRIM u_soc_top.u_framebuffer_sram.memory.0.18.ADDRBWRADDRL[11]
35982 RAMB36E1_PRIM u_soc_top.u_framebuffer_sram.memory.0.18.ADDRBWRADDRL[12]
35983 RAMB36E1_PRIM u_soc_top.u_framebuffer_sram.memory.0.18.ADDRBWRADDRL[13]
35984 RAMB36E1_PRIM u_soc_top.u_framebuffer_sram.memory.0.18.ADDRBWRADDRL[14]
35985 RAMB36E1_PRIM u_soc_top.u_framebuffer_sram.memory.0.18.ADDRBWRADDRL[15]
35986 RAMB36E1_PRIM u_soc_top.u_framebuffer_sram.memory.0.18.ADDRBWRADDRU[0]
35987 RAMB36E1_PRIM u_soc_top.u_framebuffer_sram.memory.0.18.ADDRBWRADDRU[1]
35988 RAMB36E1_PRIM u_soc_top.u_framebuffer_sram.memory.0.18.ADDRBWRADDRU[2]
35989 RAMB36E1_PRIM u_soc_top.u_framebuffer_sram.memory.0.18.ADDRBWRADDRU[3]
35990 RAMB36E1_PRIM u_soc_top.u_framebuffer_sram.memory.0.18.ADDRBWRADDRU[4]
35991 RAMB36E1_PRIM u_soc_top.u_framebuffer_sram.memory.0.18.ADDRBWRADDRU[5]
35992 RAMB36E1_PRIM u_soc_top.u_framebuffer_sram.memory.0.18.ADDRBWRADDRU[6]
35993 RAMB36E1_PRIM u_soc_top.u_framebuffer_sram.memory.0.18.ADDRBWRADDRU[7]
35994 RAMB36E1_PRIM u_soc_top.u_framebuffer_sram.memory.0.18.ADDRBWRADDRU[8]
35995 RAMB36E1_PRIM u_soc_top.u_framebuffer_sram.memory.0.18.ADDRBWRADDRU[9]
35996 RAMB36E1_PRIM u_soc_top.u_framebuffer_sram.memory.0.18.ADDRBWRADDRU[10]
35997 RAMB36E1_PRIM u_soc_top.u_framebuffer_sram.memory.0.18.ADDRBWRADDRU[11]
35998 RAMB36E1_PRIM u_soc_top.u_framebuffer_sram.memory.0.18.ADDRBWRADDRU[12]
35999 RAMB36E1_PRIM u_soc_top.u_framebuffer_sram.memory.0.18.ADDRBWRADDRU[13]
36000 RAMB36E1_PRIM u_soc_top.u_framebuffer_sram.memory.0.18.ADDRBWRADDRU[14]
36001 RAMB36E1_PRIM u_soc_top.u_framebuffer_sram.memory.0.18.DIBDI[0]
36002 RAMB36E1_PRIM u_soc_top.u_framebuffer_sram.memory.0.18.DIBDI[1]
36003 RAMB36E1_PRIM u_soc_top.u_framebuffer_sram.memory.0.18.DIBDI[2]
36004 RAMB36E1_PRIM u_soc_top.u_framebuffer_sram.memory.0.18.DIBDI[3]
36005 RAMB36E1_PRIM u_soc_top.u_framebuffer_sram.memory.0.18.DIBDI[4]
36006 RAMB36E1_PRIM u_soc_top.u_framebuffer_sram.memory.0.18.DIBDI[5]
36007 RAMB36E1_PRIM u_soc_top.u_framebuffer_sram.memory.0.18.DIBDI[6]
36008 RAMB36E1_PRIM u_soc_top.u_framebuffer_sram.memory.0.18.DIBDI[7]
36009 RAMB36E1_PRIM u_soc_top.u_framebuffer_sram.memory.0.18.DIBDI[8]
36010 RAMB36E1_PRIM u_soc_top.u_framebuffer_sram.memory.0.18.DIBDI[9]
36011 RAMB36E1_PRIM u_soc_top.u_framebuffer_sram.memory.0.18.DIBDI[10]
36012 RAMB36E1_PRIM u_soc_top.u_framebuffer_sram.memory.0.18.DIBDI[11]
36013 RAMB36E1_PRIM u_soc_top.u_framebuffer_sram.memory.0.18.DIBDI[12]
36014 RAMB36E1_PRIM u_soc_top.u_framebuffer_sram.memory.0.18.DIBDI[13]
36015 RAMB36E1_PRIM u_soc_top.u_framebuffer_sram.memory.0.18.DIBDI[14]
36016 RAMB36E1_PRIM u_soc_top.u_framebuffer_sram.memory.0.18.DIBDI[15]
36017 RAMB36E1_PRIM u_soc_top.u_framebuffer_sram.memory.0.18.DIBDI[16]
36018 RAMB36E1_PRIM u_soc_top.u_framebuffer_sram.memory.0.18.DIBDI[17]
36019 RAMB36E1_PRIM u_soc_top.u_framebuffer_sram.memory.0.18.DIBDI[18]
36020 RAMB36E1_PRIM u_soc_top.u_framebuffer_sram.memory.0.18.DIBDI[19]
36021 RAMB36E1_PRIM u_soc_top.u_framebuffer_sram.memory.0.18.DIBDI[20]
36022 RAMB36E1_PRIM u_soc_top.u_framebuffer_sram.memory.0.18.DIBDI[21]
36023 RAMB36E1_PRIM u_soc_top.u_framebuffer_sram.memory.0.18.DIBDI[22]
36024 RAMB36E1_PRIM u_soc_top.u_framebuffer_sram.memory.0.18.DIBDI[23]
36025 RAMB36E1_PRIM u_soc_top.u_framebuffer_sram.memory.0.18.DIBDI[24]
36026 RAMB36E1_PRIM u_soc_top.u_framebuffer_sram.memory.0.18.DIBDI[25]
36027 RAMB36E1_PRIM u_soc_top.u_framebuffer_sram.memory.0.18.DIBDI[26]
36028 RAMB36E1_PRIM u_soc_top.u_framebuffer_sram.memory.0.18.DIBDI[27]
36029 RAMB36E1_PRIM u_soc_top.u_framebuffer_sram.memory.0.18.DIBDI[28]
36030 RAMB36E1_PRIM u_soc_top.u_framebuffer_sram.memory.0.18.DIBDI[29]
36031 RAMB36E1_PRIM u_soc_top.u_framebuffer_sram.memory.0.18.DIBDI[30]
36032 RAMB36E1_PRIM u_soc_top.u_framebuffer_sram.memory.0.18.DIBDI[31]
36033 RAMB36E1_PRIM u_soc_top.u_framebuffer_sram.memory.0.18.DIPBDIP[0]
36034 RAMB36E1_PRIM u_soc_top.u_framebuffer_sram.memory.0.18.DIPBDIP[1]
36035 RAMB36E1_PRIM u_soc_top.u_framebuffer_sram.memory.0.18.DIPBDIP[2]
36036 RAMB36E1_PRIM u_soc_top.u_framebuffer_sram.memory.0.18.DIPBDIP[3]
36037 RAMB36E1_PRIM u_soc_top.u_framebuffer_sram.memory.0.18.ENBWRENL[0]
36038 RAMB36E1_PRIM u_soc_top.u_framebuffer_sram.memory.0.18.ENBWRENU[0]
36039 RAMB36E1_PRIM u_soc_top.u_framebuffer_sram.memory.0.18.REGCEBL[0]
36040 RAMB36E1_PRIM u_soc_top.u_framebuffer_sram.memory.0.18.REGCEBU[0]
36041 RAMB36E1_PRIM u_soc_top.u_framebuffer_sram.memory.0.18.REGCLKBL[0]
36042 RAMB36E1_PRIM u_soc_top.u_framebuffer_sram.memory.0.18.REGCLKBU[0]
36043 RAMB36E1_PRIM u_soc_top.u_framebuffer_sram.memory.0.18.RSTRAMBL[0]
36044 RAMB36E1_PRIM u_soc_top.u_framebuffer_sram.memory.0.18.RSTRAMBU[0]
36045 RAMB36E1_PRIM u_soc_top.u_framebuffer_sram.memory.0.18.RSTREGBL[0]
36046 RAMB36E1_PRIM u_soc_top.u_framebuffer_sram.memory.0.18.RSTREGBU[0]
36047 RAMB36E1_PRIM u_soc_top.u_framebuffer_sram.memory.0.18.WEBWEL[0]
36048 RAMB36E1_PRIM u_soc_top.u_framebuffer_sram.memory.0.18.WEBWEL[1]
36049 RAMB36E1_PRIM u_soc_top.u_framebuffer_sram.memory.0.18.WEBWEL[2]
36050 RAMB36E1_PRIM u_soc_top.u_framebuffer_sram.memory.0.18.WEBWEL[3]
36051 RAMB36E1_PRIM u_soc_top.u_framebuffer_sram.memory.0.18.WEBWEL[4]
36052 RAMB36E1_PRIM u_soc_top.u_framebuffer_sram.memory.0.18.WEBWEL[5]
36053 RAMB36E1_PRIM u_soc_top.u_framebuffer_sram.memory.0.18.WEBWEL[6]
36054 RAMB36E1_PRIM u_soc_top.u_framebuffer_sram.memory.0.18.WEBWEL[7]
36055 RAMB36E1_PRIM u_soc_top.u_framebuffer_sram.memory.0.18.WEBWEU[0]
36056 RAMB36E1_PRIM u_soc_top.u_framebuffer_sram.memory.0.18.WEBWEU[1]
36057 RAMB36E1_PRIM u_soc_top.u_framebuffer_sram.memory.0.18.WEBWEU[2]
36058 RAMB36E1_PRIM u_soc_top.u_framebuffer_sram.memory.0.18.WEBWEU[3]
36059 RAMB36E1_PRIM u_soc_top.u_framebuffer_sram.memory.0.18.WEBWEU[4]
36060 RAMB36E1_PRIM u_soc_top.u_framebuffer_sram.memory.0.18.WEBWEU[5]
36061 RAMB36E1_PRIM u_soc_top.u_framebuffer_sram.memory.0.18.WEBWEU[6]
36062 RAMB36E1_PRIM u_soc_top.u_framebuffer_sram.memory.0.18.WEBWEU[7]
36063 RAMB36E1_PRIM u_soc_top.u_framebuffer_sram.memory.0.2.ADDRBWRADDRL[0]
36064 RAMB36E1_PRIM u_soc_top.u_framebuffer_sram.memory.0.2.ADDRBWRADDRL[1]
36065 RAMB36E1_PRIM u_soc_top.u_framebuffer_sram.memory.0.2.ADDRBWRADDRL[2]
36066 RAMB36E1_PRIM u_soc_top.u_framebuffer_sram.memory.0.2.ADDRBWRADDRL[3]
36067 RAMB36E1_PRIM u_soc_top.u_framebuffer_sram.memory.0.2.ADDRBWRADDRL[4]
36068 RAMB36E1_PRIM u_soc_top.u_framebuffer_sram.memory.0.2.ADDRBWRADDRL[5]
36069 RAMB36E1_PRIM u_soc_top.u_framebuffer_sram.memory.0.2.ADDRBWRADDRL[6]
36070 RAMB36E1_PRIM u_soc_top.u_framebuffer_sram.memory.0.2.ADDRBWRADDRL[7]
36071 RAMB36E1_PRIM u_soc_top.u_framebuffer_sram.memory.0.2.ADDRBWRADDRL[8]
36072 RAMB36E1_PRIM u_soc_top.u_framebuffer_sram.memory.0.2.ADDRBWRADDRL[9]
36073 RAMB36E1_PRIM u_soc_top.u_framebuffer_sram.memory.0.2.ADDRBWRADDRL[10]
36074 RAMB36E1_PRIM u_soc_top.u_framebuffer_sram.memory.0.2.ADDRBWRADDRL[11]
36075 RAMB36E1_PRIM u_soc_top.u_framebuffer_sram.memory.0.2.ADDRBWRADDRL[12]
36076 RAMB36E1_PRIM u_soc_top.u_framebuffer_sram.memory.0.2.ADDRBWRADDRL[13]
36077 RAMB36E1_PRIM u_soc_top.u_framebuffer_sram.memory.0.2.ADDRBWRADDRL[14]
36078 RAMB36E1_PRIM u_soc_top.u_framebuffer_sram.memory.0.2.ADDRBWRADDRL[15]
36079 RAMB36E1_PRIM u_soc_top.u_framebuffer_sram.memory.0.2.ADDRBWRADDRU[0]
36080 RAMB36E1_PRIM u_soc_top.u_framebuffer_sram.memory.0.2.ADDRBWRADDRU[1]
36081 RAMB36E1_PRIM u_soc_top.u_framebuffer_sram.memory.0.2.ADDRBWRADDRU[2]
36082 RAMB36E1_PRIM u_soc_top.u_framebuffer_sram.memory.0.2.ADDRBWRADDRU[3]
36083 RAMB36E1_PRIM u_soc_top.u_framebuffer_sram.memory.0.2.ADDRBWRADDRU[4]
36084 RAMB36E1_PRIM u_soc_top.u_framebuffer_sram.memory.0.2.ADDRBWRADDRU[5]
36085 RAMB36E1_PRIM u_soc_top.u_framebuffer_sram.memory.0.2.ADDRBWRADDRU[6]
36086 RAMB36E1_PRIM u_soc_top.u_framebuffer_sram.memory.0.2.ADDRBWRADDRU[7]
36087 RAMB36E1_PRIM u_soc_top.u_framebuffer_sram.memory.0.2.ADDRBWRADDRU[8]
36088 RAMB36E1_PRIM u_soc_top.u_framebuffer_sram.memory.0.2.ADDRBWRADDRU[9]
36089 RAMB36E1_PRIM u_soc_top.u_framebuffer_sram.memory.0.2.ADDRBWRADDRU[10]
36090 RAMB36E1_PRIM u_soc_top.u_framebuffer_sram.memory.0.2.ADDRBWRADDRU[11]
36091 RAMB36E1_PRIM u_soc_top.u_framebuffer_sram.memory.0.2.ADDRBWRADDRU[12]
36092 RAMB36E1_PRIM u_soc_top.u_framebuffer_sram.memory.0.2.ADDRBWRADDRU[13]
36093 RAMB36E1_PRIM u_soc_top.u_framebuffer_sram.memory.0.2.ADDRBWRADDRU[14]
36094 RAMB36E1_PRIM u_soc_top.u_framebuffer_sram.memory.0.2.DIBDI[0]
36095 RAMB36E1_PRIM u_soc_top.u_framebuffer_sram.memory.0.2.DIBDI[1]
36096 RAMB36E1_PRIM u_soc_top.u_framebuffer_sram.memory.0.2.DIBDI[2]
36097 RAMB36E1_PRIM u_soc_top.u_framebuffer_sram.memory.0.2.DIBDI[3]
36098 RAMB36E1_PRIM u_soc_top.u_framebuffer_sram.memory.0.2.DIBDI[4]
36099 RAMB36E1_PRIM u_soc_top.u_framebuffer_sram.memory.0.2.DIBDI[5]
36100 RAMB36E1_PRIM u_soc_top.u_framebuffer_sram.memory.0.2.DIBDI[6]
36101 RAMB36E1_PRIM u_soc_top.u_framebuffer_sram.memory.0.2.DIBDI[7]
36102 RAMB36E1_PRIM u_soc_top.u_framebuffer_sram.memory.0.2.DIBDI[8]
36103 RAMB36E1_PRIM u_soc_top.u_framebuffer_sram.memory.0.2.DIBDI[9]
36104 RAMB36E1_PRIM u_soc_top.u_framebuffer_sram.memory.0.2.DIBDI[10]
36105 RAMB36E1_PRIM u_soc_top.u_framebuffer_sram.memory.0.2.DIBDI[11]
36106 RAMB36E1_PRIM u_soc_top.u_framebuffer_sram.memory.0.2.DIBDI[12]
36107 RAMB36E1_PRIM u_soc_top.u_framebuffer_sram.memory.0.2.DIBDI[13]
36108 RAMB36E1_PRIM u_soc_top.u_framebuffer_sram.memory.0.2.DIBDI[14]
36109 RAMB36E1_PRIM u_soc_top.u_framebuffer_sram.memory.0.2.DIBDI[15]
36110 RAMB36E1_PRIM u_soc_top.u_framebuffer_sram.memory.0.2.DIBDI[16]
36111 RAMB36E1_PRIM u_soc_top.u_framebuffer_sram.memory.0.2.DIBDI[17]
36112 RAMB36E1_PRIM u_soc_top.u_framebuffer_sram.memory.0.2.DIBDI[18]
36113 RAMB36E1_PRIM u_soc_top.u_framebuffer_sram.memory.0.2.DIBDI[19]
36114 RAMB36E1_PRIM u_soc_top.u_framebuffer_sram.memory.0.2.DIBDI[20]
36115 RAMB36E1_PRIM u_soc_top.u_framebuffer_sram.memory.0.2.DIBDI[21]
36116 RAMB36E1_PRIM u_soc_top.u_framebuffer_sram.memory.0.2.DIBDI[22]
36117 RAMB36E1_PRIM u_soc_top.u_framebuffer_sram.memory.0.2.DIBDI[23]
36118 RAMB36E1_PRIM u_soc_top.u_framebuffer_sram.memory.0.2.DIBDI[24]
36119 RAMB36E1_PRIM u_soc_top.u_framebuffer_sram.memory.0.2.DIBDI[25]
36120 RAMB36E1_PRIM u_soc_top.u_framebuffer_sram.memory.0.2.DIBDI[26]
36121 RAMB36E1_PRIM u_soc_top.u_framebuffer_sram.memory.0.2.DIBDI[27]
36122 RAMB36E1_PRIM u_soc_top.u_framebuffer_sram.memory.0.2.DIBDI[28]
36123 RAMB36E1_PRIM u_soc_top.u_framebuffer_sram.memory.0.2.DIBDI[29]
36124 RAMB36E1_PRIM u_soc_top.u_framebuffer_sram.memory.0.2.DIBDI[30]
36125 RAMB36E1_PRIM u_soc_top.u_framebuffer_sram.memory.0.2.DIBDI[31]
36126 RAMB36E1_PRIM u_soc_top.u_framebuffer_sram.memory.0.2.DIPBDIP[0]
36127 RAMB36E1_PRIM u_soc_top.u_framebuffer_sram.memory.0.2.DIPBDIP[1]
36128 RAMB36E1_PRIM u_soc_top.u_framebuffer_sram.memory.0.2.DIPBDIP[2]
36129 RAMB36E1_PRIM u_soc_top.u_framebuffer_sram.memory.0.2.DIPBDIP[3]
36130 RAMB36E1_PRIM u_soc_top.u_framebuffer_sram.memory.0.2.ENBWRENL[0]
36131 RAMB36E1_PRIM u_soc_top.u_framebuffer_sram.memory.0.2.ENBWRENU[0]
36132 RAMB36E1_PRIM u_soc_top.u_framebuffer_sram.memory.0.2.REGCEBL[0]
36133 RAMB36E1_PRIM u_soc_top.u_framebuffer_sram.memory.0.2.REGCEBU[0]
36134 RAMB36E1_PRIM u_soc_top.u_framebuffer_sram.memory.0.2.REGCLKBL[0]
36135 RAMB36E1_PRIM u_soc_top.u_framebuffer_sram.memory.0.2.REGCLKBU[0]
36136 RAMB36E1_PRIM u_soc_top.u_framebuffer_sram.memory.0.2.RSTRAMBL[0]
36137 RAMB36E1_PRIM u_soc_top.u_framebuffer_sram.memory.0.2.RSTRAMBU[0]
36138 RAMB36E1_PRIM u_soc_top.u_framebuffer_sram.memory.0.2.RSTREGBL[0]
36139 RAMB36E1_PRIM u_soc_top.u_framebuffer_sram.memory.0.2.RSTREGBU[0]
36140 RAMB36E1_PRIM u_soc_top.u_framebuffer_sram.memory.0.2.WEBWEL[0]
36141 RAMB36E1_PRIM u_soc_top.u_framebuffer_sram.memory.0.2.WEBWEL[1]
36142 RAMB36E1_PRIM u_soc_top.u_framebuffer_sram.memory.0.2.WEBWEL[2]
36143 RAMB36E1_PRIM u_soc_top.u_framebuffer_sram.memory.0.2.WEBWEL[3]
36144 RAMB36E1_PRIM u_soc_top.u_framebuffer_sram.memory.0.2.WEBWEL[4]
36145 RAMB36E1_PRIM u_soc_top.u_framebuffer_sram.memory.0.2.WEBWEL[5]
36146 RAMB36E1_PRIM u_soc_top.u_framebuffer_sram.memory.0.2.WEBWEL[6]
36147 RAMB36E1_PRIM u_soc_top.u_framebuffer_sram.memory.0.2.WEBWEL[7]
36148 RAMB36E1_PRIM u_soc_top.u_framebuffer_sram.memory.0.2.WEBWEU[0]
36149 RAMB36E1_PRIM u_soc_top.u_framebuffer_sram.memory.0.2.WEBWEU[1]
36150 RAMB36E1_PRIM u_soc_top.u_framebuffer_sram.memory.0.2.WEBWEU[2]
36151 RAMB36E1_PRIM u_soc_top.u_framebuffer_sram.memory.0.2.WEBWEU[3]
36152 RAMB36E1_PRIM u_soc_top.u_framebuffer_sram.memory.0.2.WEBWEU[4]
36153 RAMB36E1_PRIM u_soc_top.u_framebuffer_sram.memory.0.2.WEBWEU[5]
36154 RAMB36E1_PRIM u_soc_top.u_framebuffer_sram.memory.0.2.WEBWEU[6]
36155 RAMB36E1_PRIM u_soc_top.u_framebuffer_sram.memory.0.2.WEBWEU[7]
36156 RAMB36E1_PRIM u_soc_top.u_framebuffer_sram.memory.0.3.ADDRBWRADDRL[0]
36157 RAMB36E1_PRIM u_soc_top.u_framebuffer_sram.memory.0.3.ADDRBWRADDRL[1]
36158 RAMB36E1_PRIM u_soc_top.u_framebuffer_sram.memory.0.3.ADDRBWRADDRL[2]
36159 RAMB36E1_PRIM u_soc_top.u_framebuffer_sram.memory.0.3.ADDRBWRADDRL[3]
36160 RAMB36E1_PRIM u_soc_top.u_framebuffer_sram.memory.0.3.ADDRBWRADDRL[4]
36161 RAMB36E1_PRIM u_soc_top.u_framebuffer_sram.memory.0.3.ADDRBWRADDRL[5]
36162 RAMB36E1_PRIM u_soc_top.u_framebuffer_sram.memory.0.3.ADDRBWRADDRL[6]
36163 RAMB36E1_PRIM u_soc_top.u_framebuffer_sram.memory.0.3.ADDRBWRADDRL[7]
36164 RAMB36E1_PRIM u_soc_top.u_framebuffer_sram.memory.0.3.ADDRBWRADDRL[8]
36165 RAMB36E1_PRIM u_soc_top.u_framebuffer_sram.memory.0.3.ADDRBWRADDRL[9]
36166 RAMB36E1_PRIM u_soc_top.u_framebuffer_sram.memory.0.3.ADDRBWRADDRL[10]
36167 RAMB36E1_PRIM u_soc_top.u_framebuffer_sram.memory.0.3.ADDRBWRADDRL[11]
36168 RAMB36E1_PRIM u_soc_top.u_framebuffer_sram.memory.0.3.ADDRBWRADDRL[12]
36169 RAMB36E1_PRIM u_soc_top.u_framebuffer_sram.memory.0.3.ADDRBWRADDRL[13]
36170 RAMB36E1_PRIM u_soc_top.u_framebuffer_sram.memory.0.3.ADDRBWRADDRL[14]
36171 RAMB36E1_PRIM u_soc_top.u_framebuffer_sram.memory.0.3.ADDRBWRADDRL[15]
36172 RAMB36E1_PRIM u_soc_top.u_framebuffer_sram.memory.0.3.ADDRBWRADDRU[0]
36173 RAMB36E1_PRIM u_soc_top.u_framebuffer_sram.memory.0.3.ADDRBWRADDRU[1]
36174 RAMB36E1_PRIM u_soc_top.u_framebuffer_sram.memory.0.3.ADDRBWRADDRU[2]
36175 RAMB36E1_PRIM u_soc_top.u_framebuffer_sram.memory.0.3.ADDRBWRADDRU[3]
36176 RAMB36E1_PRIM u_soc_top.u_framebuffer_sram.memory.0.3.ADDRBWRADDRU[4]
36177 RAMB36E1_PRIM u_soc_top.u_framebuffer_sram.memory.0.3.ADDRBWRADDRU[5]
36178 RAMB36E1_PRIM u_soc_top.u_framebuffer_sram.memory.0.3.ADDRBWRADDRU[6]
36179 RAMB36E1_PRIM u_soc_top.u_framebuffer_sram.memory.0.3.ADDRBWRADDRU[7]
36180 RAMB36E1_PRIM u_soc_top.u_framebuffer_sram.memory.0.3.ADDRBWRADDRU[8]
36181 RAMB36E1_PRIM u_soc_top.u_framebuffer_sram.memory.0.3.ADDRBWRADDRU[9]
36182 RAMB36E1_PRIM u_soc_top.u_framebuffer_sram.memory.0.3.ADDRBWRADDRU[10]
36183 RAMB36E1_PRIM u_soc_top.u_framebuffer_sram.memory.0.3.ADDRBWRADDRU[11]
36184 RAMB36E1_PRIM u_soc_top.u_framebuffer_sram.memory.0.3.ADDRBWRADDRU[12]
36185 RAMB36E1_PRIM u_soc_top.u_framebuffer_sram.memory.0.3.ADDRBWRADDRU[13]
36186 RAMB36E1_PRIM u_soc_top.u_framebuffer_sram.memory.0.3.ADDRBWRADDRU[14]
36187 RAMB36E1_PRIM u_soc_top.u_framebuffer_sram.memory.0.3.DIBDI[0]
36188 RAMB36E1_PRIM u_soc_top.u_framebuffer_sram.memory.0.3.DIBDI[1]
36189 RAMB36E1_PRIM u_soc_top.u_framebuffer_sram.memory.0.3.DIBDI[2]
36190 RAMB36E1_PRIM u_soc_top.u_framebuffer_sram.memory.0.3.DIBDI[3]
36191 RAMB36E1_PRIM u_soc_top.u_framebuffer_sram.memory.0.3.DIBDI[4]
36192 RAMB36E1_PRIM u_soc_top.u_framebuffer_sram.memory.0.3.DIBDI[5]
36193 RAMB36E1_PRIM u_soc_top.u_framebuffer_sram.memory.0.3.DIBDI[6]
36194 RAMB36E1_PRIM u_soc_top.u_framebuffer_sram.memory.0.3.DIBDI[7]
36195 RAMB36E1_PRIM u_soc_top.u_framebuffer_sram.memory.0.3.DIBDI[8]
36196 RAMB36E1_PRIM u_soc_top.u_framebuffer_sram.memory.0.3.DIBDI[9]
36197 RAMB36E1_PRIM u_soc_top.u_framebuffer_sram.memory.0.3.DIBDI[10]
36198 RAMB36E1_PRIM u_soc_top.u_framebuffer_sram.memory.0.3.DIBDI[11]
36199 RAMB36E1_PRIM u_soc_top.u_framebuffer_sram.memory.0.3.DIBDI[12]
36200 RAMB36E1_PRIM u_soc_top.u_framebuffer_sram.memory.0.3.DIBDI[13]
36201 RAMB36E1_PRIM u_soc_top.u_framebuffer_sram.memory.0.3.DIBDI[14]
36202 RAMB36E1_PRIM u_soc_top.u_framebuffer_sram.memory.0.3.DIBDI[15]
36203 RAMB36E1_PRIM u_soc_top.u_framebuffer_sram.memory.0.3.DIBDI[16]
36204 RAMB36E1_PRIM u_soc_top.u_framebuffer_sram.memory.0.3.DIBDI[17]
36205 RAMB36E1_PRIM u_soc_top.u_framebuffer_sram.memory.0.3.DIBDI[18]
36206 RAMB36E1_PRIM u_soc_top.u_framebuffer_sram.memory.0.3.DIBDI[19]
36207 RAMB36E1_PRIM u_soc_top.u_framebuffer_sram.memory.0.3.DIBDI[20]
36208 RAMB36E1_PRIM u_soc_top.u_framebuffer_sram.memory.0.3.DIBDI[21]
36209 RAMB36E1_PRIM u_soc_top.u_framebuffer_sram.memory.0.3.DIBDI[22]
36210 RAMB36E1_PRIM u_soc_top.u_framebuffer_sram.memory.0.3.DIBDI[23]
36211 RAMB36E1_PRIM u_soc_top.u_framebuffer_sram.memory.0.3.DIBDI[24]
36212 RAMB36E1_PRIM u_soc_top.u_framebuffer_sram.memory.0.3.DIBDI[25]
36213 RAMB36E1_PRIM u_soc_top.u_framebuffer_sram.memory.0.3.DIBDI[26]
36214 RAMB36E1_PRIM u_soc_top.u_framebuffer_sram.memory.0.3.DIBDI[27]
36215 RAMB36E1_PRIM u_soc_top.u_framebuffer_sram.memory.0.3.DIBDI[28]
36216 RAMB36E1_PRIM u_soc_top.u_framebuffer_sram.memory.0.3.DIBDI[29]
36217 RAMB36E1_PRIM u_soc_top.u_framebuffer_sram.memory.0.3.DIBDI[30]
36218 RAMB36E1_PRIM u_soc_top.u_framebuffer_sram.memory.0.3.DIBDI[31]
36219 RAMB36E1_PRIM u_soc_top.u_framebuffer_sram.memory.0.3.DIPBDIP[0]
36220 RAMB36E1_PRIM u_soc_top.u_framebuffer_sram.memory.0.3.DIPBDIP[1]
36221 RAMB36E1_PRIM u_soc_top.u_framebuffer_sram.memory.0.3.DIPBDIP[2]
36222 RAMB36E1_PRIM u_soc_top.u_framebuffer_sram.memory.0.3.DIPBDIP[3]
36223 RAMB36E1_PRIM u_soc_top.u_framebuffer_sram.memory.0.3.ENBWRENL[0]
36224 RAMB36E1_PRIM u_soc_top.u_framebuffer_sram.memory.0.3.ENBWRENU[0]
36225 RAMB36E1_PRIM u_soc_top.u_framebuffer_sram.memory.0.3.REGCEBL[0]
36226 RAMB36E1_PRIM u_soc_top.u_framebuffer_sram.memory.0.3.REGCEBU[0]
36227 RAMB36E1_PRIM u_soc_top.u_framebuffer_sram.memory.0.3.REGCLKBL[0]
36228 RAMB36E1_PRIM u_soc_top.u_framebuffer_sram.memory.0.3.REGCLKBU[0]
36229 RAMB36E1_PRIM u_soc_top.u_framebuffer_sram.memory.0.3.RSTRAMBL[0]
36230 RAMB36E1_PRIM u_soc_top.u_framebuffer_sram.memory.0.3.RSTRAMBU[0]
36231 RAMB36E1_PRIM u_soc_top.u_framebuffer_sram.memory.0.3.RSTREGBL[0]
36232 RAMB36E1_PRIM u_soc_top.u_framebuffer_sram.memory.0.3.RSTREGBU[0]
36233 RAMB36E1_PRIM u_soc_top.u_framebuffer_sram.memory.0.3.WEBWEL[0]
36234 RAMB36E1_PRIM u_soc_top.u_framebuffer_sram.memory.0.3.WEBWEL[1]
36235 RAMB36E1_PRIM u_soc_top.u_framebuffer_sram.memory.0.3.WEBWEL[2]
36236 RAMB36E1_PRIM u_soc_top.u_framebuffer_sram.memory.0.3.WEBWEL[3]
36237 RAMB36E1_PRIM u_soc_top.u_framebuffer_sram.memory.0.3.WEBWEL[4]
36238 RAMB36E1_PRIM u_soc_top.u_framebuffer_sram.memory.0.3.WEBWEL[5]
36239 RAMB36E1_PRIM u_soc_top.u_framebuffer_sram.memory.0.3.WEBWEL[6]
36240 RAMB36E1_PRIM u_soc_top.u_framebuffer_sram.memory.0.3.WEBWEL[7]
36241 RAMB36E1_PRIM u_soc_top.u_framebuffer_sram.memory.0.3.WEBWEU[0]
36242 RAMB36E1_PRIM u_soc_top.u_framebuffer_sram.memory.0.3.WEBWEU[1]
36243 RAMB36E1_PRIM u_soc_top.u_framebuffer_sram.memory.0.3.WEBWEU[2]
36244 RAMB36E1_PRIM u_soc_top.u_framebuffer_sram.memory.0.3.WEBWEU[3]
36245 RAMB36E1_PRIM u_soc_top.u_framebuffer_sram.memory.0.3.WEBWEU[4]
36246 RAMB36E1_PRIM u_soc_top.u_framebuffer_sram.memory.0.3.WEBWEU[5]
36247 RAMB36E1_PRIM u_soc_top.u_framebuffer_sram.memory.0.3.WEBWEU[6]
36248 RAMB36E1_PRIM u_soc_top.u_framebuffer_sram.memory.0.3.WEBWEU[7]
36249 RAMB36E1_PRIM u_soc_top.u_framebuffer_sram.memory.0.4.ADDRBWRADDRL[0]
36250 RAMB36E1_PRIM u_soc_top.u_framebuffer_sram.memory.0.4.ADDRBWRADDRL[1]
36251 RAMB36E1_PRIM u_soc_top.u_framebuffer_sram.memory.0.4.ADDRBWRADDRL[2]
36252 RAMB36E1_PRIM u_soc_top.u_framebuffer_sram.memory.0.4.ADDRBWRADDRL[3]
36253 RAMB36E1_PRIM u_soc_top.u_framebuffer_sram.memory.0.4.ADDRBWRADDRL[4]
36254 RAMB36E1_PRIM u_soc_top.u_framebuffer_sram.memory.0.4.ADDRBWRADDRL[5]
36255 RAMB36E1_PRIM u_soc_top.u_framebuffer_sram.memory.0.4.ADDRBWRADDRL[6]
36256 RAMB36E1_PRIM u_soc_top.u_framebuffer_sram.memory.0.4.ADDRBWRADDRL[7]
36257 RAMB36E1_PRIM u_soc_top.u_framebuffer_sram.memory.0.4.ADDRBWRADDRL[8]
36258 RAMB36E1_PRIM u_soc_top.u_framebuffer_sram.memory.0.4.ADDRBWRADDRL[9]
36259 RAMB36E1_PRIM u_soc_top.u_framebuffer_sram.memory.0.4.ADDRBWRADDRL[10]
36260 RAMB36E1_PRIM u_soc_top.u_framebuffer_sram.memory.0.4.ADDRBWRADDRL[11]
36261 RAMB36E1_PRIM u_soc_top.u_framebuffer_sram.memory.0.4.ADDRBWRADDRL[12]
36262 RAMB36E1_PRIM u_soc_top.u_framebuffer_sram.memory.0.4.ADDRBWRADDRL[13]
36263 RAMB36E1_PRIM u_soc_top.u_framebuffer_sram.memory.0.4.ADDRBWRADDRL[14]
36264 RAMB36E1_PRIM u_soc_top.u_framebuffer_sram.memory.0.4.ADDRBWRADDRL[15]
36265 RAMB36E1_PRIM u_soc_top.u_framebuffer_sram.memory.0.4.ADDRBWRADDRU[0]
36266 RAMB36E1_PRIM u_soc_top.u_framebuffer_sram.memory.0.4.ADDRBWRADDRU[1]
36267 RAMB36E1_PRIM u_soc_top.u_framebuffer_sram.memory.0.4.ADDRBWRADDRU[2]
36268 RAMB36E1_PRIM u_soc_top.u_framebuffer_sram.memory.0.4.ADDRBWRADDRU[3]
36269 RAMB36E1_PRIM u_soc_top.u_framebuffer_sram.memory.0.4.ADDRBWRADDRU[4]
36270 RAMB36E1_PRIM u_soc_top.u_framebuffer_sram.memory.0.4.ADDRBWRADDRU[5]
36271 RAMB36E1_PRIM u_soc_top.u_framebuffer_sram.memory.0.4.ADDRBWRADDRU[6]
36272 RAMB36E1_PRIM u_soc_top.u_framebuffer_sram.memory.0.4.ADDRBWRADDRU[7]
36273 RAMB36E1_PRIM u_soc_top.u_framebuffer_sram.memory.0.4.ADDRBWRADDRU[8]
36274 RAMB36E1_PRIM u_soc_top.u_framebuffer_sram.memory.0.4.ADDRBWRADDRU[9]
36275 RAMB36E1_PRIM u_soc_top.u_framebuffer_sram.memory.0.4.ADDRBWRADDRU[10]
36276 RAMB36E1_PRIM u_soc_top.u_framebuffer_sram.memory.0.4.ADDRBWRADDRU[11]
36277 RAMB36E1_PRIM u_soc_top.u_framebuffer_sram.memory.0.4.ADDRBWRADDRU[12]
36278 RAMB36E1_PRIM u_soc_top.u_framebuffer_sram.memory.0.4.ADDRBWRADDRU[13]
36279 RAMB36E1_PRIM u_soc_top.u_framebuffer_sram.memory.0.4.ADDRBWRADDRU[14]
36280 RAMB36E1_PRIM u_soc_top.u_framebuffer_sram.memory.0.4.DIBDI[0]
36281 RAMB36E1_PRIM u_soc_top.u_framebuffer_sram.memory.0.4.DIBDI[1]
36282 RAMB36E1_PRIM u_soc_top.u_framebuffer_sram.memory.0.4.DIBDI[2]
36283 RAMB36E1_PRIM u_soc_top.u_framebuffer_sram.memory.0.4.DIBDI[3]
36284 RAMB36E1_PRIM u_soc_top.u_framebuffer_sram.memory.0.4.DIBDI[4]
36285 RAMB36E1_PRIM u_soc_top.u_framebuffer_sram.memory.0.4.DIBDI[5]
36286 RAMB36E1_PRIM u_soc_top.u_framebuffer_sram.memory.0.4.DIBDI[6]
36287 RAMB36E1_PRIM u_soc_top.u_framebuffer_sram.memory.0.4.DIBDI[7]
36288 RAMB36E1_PRIM u_soc_top.u_framebuffer_sram.memory.0.4.DIBDI[8]
36289 RAMB36E1_PRIM u_soc_top.u_framebuffer_sram.memory.0.4.DIBDI[9]
36290 RAMB36E1_PRIM u_soc_top.u_framebuffer_sram.memory.0.4.DIBDI[10]
36291 RAMB36E1_PRIM u_soc_top.u_framebuffer_sram.memory.0.4.DIBDI[11]
36292 RAMB36E1_PRIM u_soc_top.u_framebuffer_sram.memory.0.4.DIBDI[12]
36293 RAMB36E1_PRIM u_soc_top.u_framebuffer_sram.memory.0.4.DIBDI[13]
36294 RAMB36E1_PRIM u_soc_top.u_framebuffer_sram.memory.0.4.DIBDI[14]
36295 RAMB36E1_PRIM u_soc_top.u_framebuffer_sram.memory.0.4.DIBDI[15]
36296 RAMB36E1_PRIM u_soc_top.u_framebuffer_sram.memory.0.4.DIBDI[16]
36297 RAMB36E1_PRIM u_soc_top.u_framebuffer_sram.memory.0.4.DIBDI[17]
36298 RAMB36E1_PRIM u_soc_top.u_framebuffer_sram.memory.0.4.DIBDI[18]
36299 RAMB36E1_PRIM u_soc_top.u_framebuffer_sram.memory.0.4.DIBDI[19]
36300 RAMB36E1_PRIM u_soc_top.u_framebuffer_sram.memory.0.4.DIBDI[20]
36301 RAMB36E1_PRIM u_soc_top.u_framebuffer_sram.memory.0.4.DIBDI[21]
36302 RAMB36E1_PRIM u_soc_top.u_framebuffer_sram.memory.0.4.DIBDI[22]
36303 RAMB36E1_PRIM u_soc_top.u_framebuffer_sram.memory.0.4.DIBDI[23]
36304 RAMB36E1_PRIM u_soc_top.u_framebuffer_sram.memory.0.4.DIBDI[24]
36305 RAMB36E1_PRIM u_soc_top.u_framebuffer_sram.memory.0.4.DIBDI[25]
36306 RAMB36E1_PRIM u_soc_top.u_framebuffer_sram.memory.0.4.DIBDI[26]
36307 RAMB36E1_PRIM u_soc_top.u_framebuffer_sram.memory.0.4.DIBDI[27]
36308 RAMB36E1_PRIM u_soc_top.u_framebuffer_sram.memory.0.4.DIBDI[28]
36309 RAMB36E1_PRIM u_soc_top.u_framebuffer_sram.memory.0.4.DIBDI[29]
36310 RAMB36E1_PRIM u_soc_top.u_framebuffer_sram.memory.0.4.DIBDI[30]
36311 RAMB36E1_PRIM u_soc_top.u_framebuffer_sram.memory.0.4.DIBDI[31]
36312 RAMB36E1_PRIM u_soc_top.u_framebuffer_sram.memory.0.4.DIPBDIP[0]
36313 RAMB36E1_PRIM u_soc_top.u_framebuffer_sram.memory.0.4.DIPBDIP[1]
36314 RAMB36E1_PRIM u_soc_top.u_framebuffer_sram.memory.0.4.DIPBDIP[2]
36315 RAMB36E1_PRIM u_soc_top.u_framebuffer_sram.memory.0.4.DIPBDIP[3]
36316 RAMB36E1_PRIM u_soc_top.u_framebuffer_sram.memory.0.4.ENBWRENL[0]
36317 RAMB36E1_PRIM u_soc_top.u_framebuffer_sram.memory.0.4.ENBWRENU[0]
36318 RAMB36E1_PRIM u_soc_top.u_framebuffer_sram.memory.0.4.REGCEBL[0]
36319 RAMB36E1_PRIM u_soc_top.u_framebuffer_sram.memory.0.4.REGCEBU[0]
36320 RAMB36E1_PRIM u_soc_top.u_framebuffer_sram.memory.0.4.REGCLKBL[0]
36321 RAMB36E1_PRIM u_soc_top.u_framebuffer_sram.memory.0.4.REGCLKBU[0]
36322 RAMB36E1_PRIM u_soc_top.u_framebuffer_sram.memory.0.4.RSTRAMBL[0]
36323 RAMB36E1_PRIM u_soc_top.u_framebuffer_sram.memory.0.4.RSTRAMBU[0]
36324 RAMB36E1_PRIM u_soc_top.u_framebuffer_sram.memory.0.4.RSTREGBL[0]
36325 RAMB36E1_PRIM u_soc_top.u_framebuffer_sram.memory.0.4.RSTREGBU[0]
36326 RAMB36E1_PRIM u_soc_top.u_framebuffer_sram.memory.0.4.WEBWEL[0]
36327 RAMB36E1_PRIM u_soc_top.u_framebuffer_sram.memory.0.4.WEBWEL[1]
36328 RAMB36E1_PRIM u_soc_top.u_framebuffer_sram.memory.0.4.WEBWEL[2]
36329 RAMB36E1_PRIM u_soc_top.u_framebuffer_sram.memory.0.4.WEBWEL[3]
36330 RAMB36E1_PRIM u_soc_top.u_framebuffer_sram.memory.0.4.WEBWEL[4]
36331 RAMB36E1_PRIM u_soc_top.u_framebuffer_sram.memory.0.4.WEBWEL[5]
36332 RAMB36E1_PRIM u_soc_top.u_framebuffer_sram.memory.0.4.WEBWEL[6]
36333 RAMB36E1_PRIM u_soc_top.u_framebuffer_sram.memory.0.4.WEBWEL[7]
36334 RAMB36E1_PRIM u_soc_top.u_framebuffer_sram.memory.0.4.WEBWEU[0]
36335 RAMB36E1_PRIM u_soc_top.u_framebuffer_sram.memory.0.4.WEBWEU[1]
36336 RAMB36E1_PRIM u_soc_top.u_framebuffer_sram.memory.0.4.WEBWEU[2]
36337 RAMB36E1_PRIM u_soc_top.u_framebuffer_sram.memory.0.4.WEBWEU[3]
36338 RAMB36E1_PRIM u_soc_top.u_framebuffer_sram.memory.0.4.WEBWEU[4]
36339 RAMB36E1_PRIM u_soc_top.u_framebuffer_sram.memory.0.4.WEBWEU[5]
36340 RAMB36E1_PRIM u_soc_top.u_framebuffer_sram.memory.0.4.WEBWEU[6]
36341 RAMB36E1_PRIM u_soc_top.u_framebuffer_sram.memory.0.4.WEBWEU[7]
36342 RAMB36E1_PRIM u_soc_top.u_framebuffer_sram.memory.0.5.ADDRBWRADDRL[0]
36343 RAMB36E1_PRIM u_soc_top.u_framebuffer_sram.memory.0.5.ADDRBWRADDRL[1]
36344 RAMB36E1_PRIM u_soc_top.u_framebuffer_sram.memory.0.5.ADDRBWRADDRL[2]
36345 RAMB36E1_PRIM u_soc_top.u_framebuffer_sram.memory.0.5.ADDRBWRADDRL[3]
36346 RAMB36E1_PRIM u_soc_top.u_framebuffer_sram.memory.0.5.ADDRBWRADDRL[4]
36347 RAMB36E1_PRIM u_soc_top.u_framebuffer_sram.memory.0.5.ADDRBWRADDRL[5]
36348 RAMB36E1_PRIM u_soc_top.u_framebuffer_sram.memory.0.5.ADDRBWRADDRL[6]
36349 RAMB36E1_PRIM u_soc_top.u_framebuffer_sram.memory.0.5.ADDRBWRADDRL[7]
36350 RAMB36E1_PRIM u_soc_top.u_framebuffer_sram.memory.0.5.ADDRBWRADDRL[8]
36351 RAMB36E1_PRIM u_soc_top.u_framebuffer_sram.memory.0.5.ADDRBWRADDRL[9]
36352 RAMB36E1_PRIM u_soc_top.u_framebuffer_sram.memory.0.5.ADDRBWRADDRL[10]
36353 RAMB36E1_PRIM u_soc_top.u_framebuffer_sram.memory.0.5.ADDRBWRADDRL[11]
36354 RAMB36E1_PRIM u_soc_top.u_framebuffer_sram.memory.0.5.ADDRBWRADDRL[12]
36355 RAMB36E1_PRIM u_soc_top.u_framebuffer_sram.memory.0.5.ADDRBWRADDRL[13]
36356 RAMB36E1_PRIM u_soc_top.u_framebuffer_sram.memory.0.5.ADDRBWRADDRL[14]
36357 RAMB36E1_PRIM u_soc_top.u_framebuffer_sram.memory.0.5.ADDRBWRADDRL[15]
36358 RAMB36E1_PRIM u_soc_top.u_framebuffer_sram.memory.0.5.ADDRBWRADDRU[0]
36359 RAMB36E1_PRIM u_soc_top.u_framebuffer_sram.memory.0.5.ADDRBWRADDRU[1]
36360 RAMB36E1_PRIM u_soc_top.u_framebuffer_sram.memory.0.5.ADDRBWRADDRU[2]
36361 RAMB36E1_PRIM u_soc_top.u_framebuffer_sram.memory.0.5.ADDRBWRADDRU[3]
36362 RAMB36E1_PRIM u_soc_top.u_framebuffer_sram.memory.0.5.ADDRBWRADDRU[4]
36363 RAMB36E1_PRIM u_soc_top.u_framebuffer_sram.memory.0.5.ADDRBWRADDRU[5]
36364 RAMB36E1_PRIM u_soc_top.u_framebuffer_sram.memory.0.5.ADDRBWRADDRU[6]
36365 RAMB36E1_PRIM u_soc_top.u_framebuffer_sram.memory.0.5.ADDRBWRADDRU[7]
36366 RAMB36E1_PRIM u_soc_top.u_framebuffer_sram.memory.0.5.ADDRBWRADDRU[8]
36367 RAMB36E1_PRIM u_soc_top.u_framebuffer_sram.memory.0.5.ADDRBWRADDRU[9]
36368 RAMB36E1_PRIM u_soc_top.u_framebuffer_sram.memory.0.5.ADDRBWRADDRU[10]
36369 RAMB36E1_PRIM u_soc_top.u_framebuffer_sram.memory.0.5.ADDRBWRADDRU[11]
36370 RAMB36E1_PRIM u_soc_top.u_framebuffer_sram.memory.0.5.ADDRBWRADDRU[12]
36371 RAMB36E1_PRIM u_soc_top.u_framebuffer_sram.memory.0.5.ADDRBWRADDRU[13]
36372 RAMB36E1_PRIM u_soc_top.u_framebuffer_sram.memory.0.5.ADDRBWRADDRU[14]
36373 RAMB36E1_PRIM u_soc_top.u_framebuffer_sram.memory.0.5.DIBDI[0]
36374 RAMB36E1_PRIM u_soc_top.u_framebuffer_sram.memory.0.5.DIBDI[1]
36375 RAMB36E1_PRIM u_soc_top.u_framebuffer_sram.memory.0.5.DIBDI[2]
36376 RAMB36E1_PRIM u_soc_top.u_framebuffer_sram.memory.0.5.DIBDI[3]
36377 RAMB36E1_PRIM u_soc_top.u_framebuffer_sram.memory.0.5.DIBDI[4]
36378 RAMB36E1_PRIM u_soc_top.u_framebuffer_sram.memory.0.5.DIBDI[5]
36379 RAMB36E1_PRIM u_soc_top.u_framebuffer_sram.memory.0.5.DIBDI[6]
36380 RAMB36E1_PRIM u_soc_top.u_framebuffer_sram.memory.0.5.DIBDI[7]
36381 RAMB36E1_PRIM u_soc_top.u_framebuffer_sram.memory.0.5.DIBDI[8]
36382 RAMB36E1_PRIM u_soc_top.u_framebuffer_sram.memory.0.5.DIBDI[9]
36383 RAMB36E1_PRIM u_soc_top.u_framebuffer_sram.memory.0.5.DIBDI[10]
36384 RAMB36E1_PRIM u_soc_top.u_framebuffer_sram.memory.0.5.DIBDI[11]
36385 RAMB36E1_PRIM u_soc_top.u_framebuffer_sram.memory.0.5.DIBDI[12]
36386 RAMB36E1_PRIM u_soc_top.u_framebuffer_sram.memory.0.5.DIBDI[13]
36387 RAMB36E1_PRIM u_soc_top.u_framebuffer_sram.memory.0.5.DIBDI[14]
36388 RAMB36E1_PRIM u_soc_top.u_framebuffer_sram.memory.0.5.DIBDI[15]
36389 RAMB36E1_PRIM u_soc_top.u_framebuffer_sram.memory.0.5.DIBDI[16]
36390 RAMB36E1_PRIM u_soc_top.u_framebuffer_sram.memory.0.5.DIBDI[17]
36391 RAMB36E1_PRIM u_soc_top.u_framebuffer_sram.memory.0.5.DIBDI[18]
36392 RAMB36E1_PRIM u_soc_top.u_framebuffer_sram.memory.0.5.DIBDI[19]
36393 RAMB36E1_PRIM u_soc_top.u_framebuffer_sram.memory.0.5.DIBDI[20]
36394 RAMB36E1_PRIM u_soc_top.u_framebuffer_sram.memory.0.5.DIBDI[21]
36395 RAMB36E1_PRIM u_soc_top.u_framebuffer_sram.memory.0.5.DIBDI[22]
36396 RAMB36E1_PRIM u_soc_top.u_framebuffer_sram.memory.0.5.DIBDI[23]
36397 RAMB36E1_PRIM u_soc_top.u_framebuffer_sram.memory.0.5.DIBDI[24]
36398 RAMB36E1_PRIM u_soc_top.u_framebuffer_sram.memory.0.5.DIBDI[25]
36399 RAMB36E1_PRIM u_soc_top.u_framebuffer_sram.memory.0.5.DIBDI[26]
36400 RAMB36E1_PRIM u_soc_top.u_framebuffer_sram.memory.0.5.DIBDI[27]
36401 RAMB36E1_PRIM u_soc_top.u_framebuffer_sram.memory.0.5.DIBDI[28]
36402 RAMB36E1_PRIM u_soc_top.u_framebuffer_sram.memory.0.5.DIBDI[29]
36403 RAMB36E1_PRIM u_soc_top.u_framebuffer_sram.memory.0.5.DIBDI[30]
36404 RAMB36E1_PRIM u_soc_top.u_framebuffer_sram.memory.0.5.DIBDI[31]
36405 RAMB36E1_PRIM u_soc_top.u_framebuffer_sram.memory.0.5.DIPBDIP[0]
36406 RAMB36E1_PRIM u_soc_top.u_framebuffer_sram.memory.0.5.DIPBDIP[1]
36407 RAMB36E1_PRIM u_soc_top.u_framebuffer_sram.memory.0.5.DIPBDIP[2]
36408 RAMB36E1_PRIM u_soc_top.u_framebuffer_sram.memory.0.5.DIPBDIP[3]
36409 RAMB36E1_PRIM u_soc_top.u_framebuffer_sram.memory.0.5.ENBWRENL[0]
36410 RAMB36E1_PRIM u_soc_top.u_framebuffer_sram.memory.0.5.ENBWRENU[0]
36411 RAMB36E1_PRIM u_soc_top.u_framebuffer_sram.memory.0.5.REGCEBL[0]
36412 RAMB36E1_PRIM u_soc_top.u_framebuffer_sram.memory.0.5.REGCEBU[0]
36413 RAMB36E1_PRIM u_soc_top.u_framebuffer_sram.memory.0.5.REGCLKBL[0]
36414 RAMB36E1_PRIM u_soc_top.u_framebuffer_sram.memory.0.5.REGCLKBU[0]
36415 RAMB36E1_PRIM u_soc_top.u_framebuffer_sram.memory.0.5.RSTRAMBL[0]
36416 RAMB36E1_PRIM u_soc_top.u_framebuffer_sram.memory.0.5.RSTRAMBU[0]
36417 RAMB36E1_PRIM u_soc_top.u_framebuffer_sram.memory.0.5.RSTREGBL[0]
36418 RAMB36E1_PRIM u_soc_top.u_framebuffer_sram.memory.0.5.RSTREGBU[0]
36419 RAMB36E1_PRIM u_soc_top.u_framebuffer_sram.memory.0.5.WEBWEL[0]
36420 RAMB36E1_PRIM u_soc_top.u_framebuffer_sram.memory.0.5.WEBWEL[1]
36421 RAMB36E1_PRIM u_soc_top.u_framebuffer_sram.memory.0.5.WEBWEL[2]
36422 RAMB36E1_PRIM u_soc_top.u_framebuffer_sram.memory.0.5.WEBWEL[3]
36423 RAMB36E1_PRIM u_soc_top.u_framebuffer_sram.memory.0.5.WEBWEL[4]
36424 RAMB36E1_PRIM u_soc_top.u_framebuffer_sram.memory.0.5.WEBWEL[5]
36425 RAMB36E1_PRIM u_soc_top.u_framebuffer_sram.memory.0.5.WEBWEL[6]
36426 RAMB36E1_PRIM u_soc_top.u_framebuffer_sram.memory.0.5.WEBWEL[7]
36427 RAMB36E1_PRIM u_soc_top.u_framebuffer_sram.memory.0.5.WEBWEU[0]
36428 RAMB36E1_PRIM u_soc_top.u_framebuffer_sram.memory.0.5.WEBWEU[1]
36429 RAMB36E1_PRIM u_soc_top.u_framebuffer_sram.memory.0.5.WEBWEU[2]
36430 RAMB36E1_PRIM u_soc_top.u_framebuffer_sram.memory.0.5.WEBWEU[3]
36431 RAMB36E1_PRIM u_soc_top.u_framebuffer_sram.memory.0.5.WEBWEU[4]
36432 RAMB36E1_PRIM u_soc_top.u_framebuffer_sram.memory.0.5.WEBWEU[5]
36433 RAMB36E1_PRIM u_soc_top.u_framebuffer_sram.memory.0.5.WEBWEU[6]
36434 RAMB36E1_PRIM u_soc_top.u_framebuffer_sram.memory.0.5.WEBWEU[7]
36435 RAMB36E1_PRIM u_soc_top.u_framebuffer_sram.memory.0.6.ADDRBWRADDRL[0]
36436 RAMB36E1_PRIM u_soc_top.u_framebuffer_sram.memory.0.6.ADDRBWRADDRL[1]
36437 RAMB36E1_PRIM u_soc_top.u_framebuffer_sram.memory.0.6.ADDRBWRADDRL[2]
36438 RAMB36E1_PRIM u_soc_top.u_framebuffer_sram.memory.0.6.ADDRBWRADDRL[3]
36439 RAMB36E1_PRIM u_soc_top.u_framebuffer_sram.memory.0.6.ADDRBWRADDRL[4]
36440 RAMB36E1_PRIM u_soc_top.u_framebuffer_sram.memory.0.6.ADDRBWRADDRL[5]
36441 RAMB36E1_PRIM u_soc_top.u_framebuffer_sram.memory.0.6.ADDRBWRADDRL[6]
36442 RAMB36E1_PRIM u_soc_top.u_framebuffer_sram.memory.0.6.ADDRBWRADDRL[7]
36443 RAMB36E1_PRIM u_soc_top.u_framebuffer_sram.memory.0.6.ADDRBWRADDRL[8]
36444 RAMB36E1_PRIM u_soc_top.u_framebuffer_sram.memory.0.6.ADDRBWRADDRL[9]
36445 RAMB36E1_PRIM u_soc_top.u_framebuffer_sram.memory.0.6.ADDRBWRADDRL[10]
36446 RAMB36E1_PRIM u_soc_top.u_framebuffer_sram.memory.0.6.ADDRBWRADDRL[11]
36447 RAMB36E1_PRIM u_soc_top.u_framebuffer_sram.memory.0.6.ADDRBWRADDRL[12]
36448 RAMB36E1_PRIM u_soc_top.u_framebuffer_sram.memory.0.6.ADDRBWRADDRL[13]
36449 RAMB36E1_PRIM u_soc_top.u_framebuffer_sram.memory.0.6.ADDRBWRADDRL[14]
36450 RAMB36E1_PRIM u_soc_top.u_framebuffer_sram.memory.0.6.ADDRBWRADDRL[15]
36451 RAMB36E1_PRIM u_soc_top.u_framebuffer_sram.memory.0.6.ADDRBWRADDRU[0]
36452 RAMB36E1_PRIM u_soc_top.u_framebuffer_sram.memory.0.6.ADDRBWRADDRU[1]
36453 RAMB36E1_PRIM u_soc_top.u_framebuffer_sram.memory.0.6.ADDRBWRADDRU[2]
36454 RAMB36E1_PRIM u_soc_top.u_framebuffer_sram.memory.0.6.ADDRBWRADDRU[3]
36455 RAMB36E1_PRIM u_soc_top.u_framebuffer_sram.memory.0.6.ADDRBWRADDRU[4]
36456 RAMB36E1_PRIM u_soc_top.u_framebuffer_sram.memory.0.6.ADDRBWRADDRU[5]
36457 RAMB36E1_PRIM u_soc_top.u_framebuffer_sram.memory.0.6.ADDRBWRADDRU[6]
36458 RAMB36E1_PRIM u_soc_top.u_framebuffer_sram.memory.0.6.ADDRBWRADDRU[7]
36459 RAMB36E1_PRIM u_soc_top.u_framebuffer_sram.memory.0.6.ADDRBWRADDRU[8]
36460 RAMB36E1_PRIM u_soc_top.u_framebuffer_sram.memory.0.6.ADDRBWRADDRU[9]
36461 RAMB36E1_PRIM u_soc_top.u_framebuffer_sram.memory.0.6.ADDRBWRADDRU[10]
36462 RAMB36E1_PRIM u_soc_top.u_framebuffer_sram.memory.0.6.ADDRBWRADDRU[11]
36463 RAMB36E1_PRIM u_soc_top.u_framebuffer_sram.memory.0.6.ADDRBWRADDRU[12]
36464 RAMB36E1_PRIM u_soc_top.u_framebuffer_sram.memory.0.6.ADDRBWRADDRU[13]
36465 RAMB36E1_PRIM u_soc_top.u_framebuffer_sram.memory.0.6.ADDRBWRADDRU[14]
36466 RAMB36E1_PRIM u_soc_top.u_framebuffer_sram.memory.0.6.DIBDI[0]
36467 RAMB36E1_PRIM u_soc_top.u_framebuffer_sram.memory.0.6.DIBDI[1]
36468 RAMB36E1_PRIM u_soc_top.u_framebuffer_sram.memory.0.6.DIBDI[2]
36469 RAMB36E1_PRIM u_soc_top.u_framebuffer_sram.memory.0.6.DIBDI[3]
36470 RAMB36E1_PRIM u_soc_top.u_framebuffer_sram.memory.0.6.DIBDI[4]
36471 RAMB36E1_PRIM u_soc_top.u_framebuffer_sram.memory.0.6.DIBDI[5]
36472 RAMB36E1_PRIM u_soc_top.u_framebuffer_sram.memory.0.6.DIBDI[6]
36473 RAMB36E1_PRIM u_soc_top.u_framebuffer_sram.memory.0.6.DIBDI[7]
36474 RAMB36E1_PRIM u_soc_top.u_framebuffer_sram.memory.0.6.DIBDI[8]
36475 RAMB36E1_PRIM u_soc_top.u_framebuffer_sram.memory.0.6.DIBDI[9]
36476 RAMB36E1_PRIM u_soc_top.u_framebuffer_sram.memory.0.6.DIBDI[10]
36477 RAMB36E1_PRIM u_soc_top.u_framebuffer_sram.memory.0.6.DIBDI[11]
36478 RAMB36E1_PRIM u_soc_top.u_framebuffer_sram.memory.0.6.DIBDI[12]
36479 RAMB36E1_PRIM u_soc_top.u_framebuffer_sram.memory.0.6.DIBDI[13]
36480 RAMB36E1_PRIM u_soc_top.u_framebuffer_sram.memory.0.6.DIBDI[14]
36481 RAMB36E1_PRIM u_soc_top.u_framebuffer_sram.memory.0.6.DIBDI[15]
36482 RAMB36E1_PRIM u_soc_top.u_framebuffer_sram.memory.0.6.DIBDI[16]
36483 RAMB36E1_PRIM u_soc_top.u_framebuffer_sram.memory.0.6.DIBDI[17]
36484 RAMB36E1_PRIM u_soc_top.u_framebuffer_sram.memory.0.6.DIBDI[18]
36485 RAMB36E1_PRIM u_soc_top.u_framebuffer_sram.memory.0.6.DIBDI[19]
36486 RAMB36E1_PRIM u_soc_top.u_framebuffer_sram.memory.0.6.DIBDI[20]
36487 RAMB36E1_PRIM u_soc_top.u_framebuffer_sram.memory.0.6.DIBDI[21]
36488 RAMB36E1_PRIM u_soc_top.u_framebuffer_sram.memory.0.6.DIBDI[22]
36489 RAMB36E1_PRIM u_soc_top.u_framebuffer_sram.memory.0.6.DIBDI[23]
36490 RAMB36E1_PRIM u_soc_top.u_framebuffer_sram.memory.0.6.DIBDI[24]
36491 RAMB36E1_PRIM u_soc_top.u_framebuffer_sram.memory.0.6.DIBDI[25]
36492 RAMB36E1_PRIM u_soc_top.u_framebuffer_sram.memory.0.6.DIBDI[26]
36493 RAMB36E1_PRIM u_soc_top.u_framebuffer_sram.memory.0.6.DIBDI[27]
36494 RAMB36E1_PRIM u_soc_top.u_framebuffer_sram.memory.0.6.DIBDI[28]
36495 RAMB36E1_PRIM u_soc_top.u_framebuffer_sram.memory.0.6.DIBDI[29]
36496 RAMB36E1_PRIM u_soc_top.u_framebuffer_sram.memory.0.6.DIBDI[30]
36497 RAMB36E1_PRIM u_soc_top.u_framebuffer_sram.memory.0.6.DIBDI[31]
36498 RAMB36E1_PRIM u_soc_top.u_framebuffer_sram.memory.0.6.DIPBDIP[0]
36499 RAMB36E1_PRIM u_soc_top.u_framebuffer_sram.memory.0.6.DIPBDIP[1]
36500 RAMB36E1_PRIM u_soc_top.u_framebuffer_sram.memory.0.6.DIPBDIP[2]
36501 RAMB36E1_PRIM u_soc_top.u_framebuffer_sram.memory.0.6.DIPBDIP[3]
36502 RAMB36E1_PRIM u_soc_top.u_framebuffer_sram.memory.0.6.ENBWRENL[0]
36503 RAMB36E1_PRIM u_soc_top.u_framebuffer_sram.memory.0.6.ENBWRENU[0]
36504 RAMB36E1_PRIM u_soc_top.u_framebuffer_sram.memory.0.6.REGCEBL[0]
36505 RAMB36E1_PRIM u_soc_top.u_framebuffer_sram.memory.0.6.REGCEBU[0]
36506 RAMB36E1_PRIM u_soc_top.u_framebuffer_sram.memory.0.6.REGCLKBL[0]
36507 RAMB36E1_PRIM u_soc_top.u_framebuffer_sram.memory.0.6.REGCLKBU[0]
36508 RAMB36E1_PRIM u_soc_top.u_framebuffer_sram.memory.0.6.RSTRAMBL[0]
36509 RAMB36E1_PRIM u_soc_top.u_framebuffer_sram.memory.0.6.RSTRAMBU[0]
36510 RAMB36E1_PRIM u_soc_top.u_framebuffer_sram.memory.0.6.RSTREGBL[0]
36511 RAMB36E1_PRIM u_soc_top.u_framebuffer_sram.memory.0.6.RSTREGBU[0]
36512 RAMB36E1_PRIM u_soc_top.u_framebuffer_sram.memory.0.6.WEBWEL[0]
36513 RAMB36E1_PRIM u_soc_top.u_framebuffer_sram.memory.0.6.WEBWEL[1]
36514 RAMB36E1_PRIM u_soc_top.u_framebuffer_sram.memory.0.6.WEBWEL[2]
36515 RAMB36E1_PRIM u_soc_top.u_framebuffer_sram.memory.0.6.WEBWEL[3]
36516 RAMB36E1_PRIM u_soc_top.u_framebuffer_sram.memory.0.6.WEBWEL[4]
36517 RAMB36E1_PRIM u_soc_top.u_framebuffer_sram.memory.0.6.WEBWEL[5]
36518 RAMB36E1_PRIM u_soc_top.u_framebuffer_sram.memory.0.6.WEBWEL[6]
36519 RAMB36E1_PRIM u_soc_top.u_framebuffer_sram.memory.0.6.WEBWEL[7]
36520 RAMB36E1_PRIM u_soc_top.u_framebuffer_sram.memory.0.6.WEBWEU[0]
36521 RAMB36E1_PRIM u_soc_top.u_framebuffer_sram.memory.0.6.WEBWEU[1]
36522 RAMB36E1_PRIM u_soc_top.u_framebuffer_sram.memory.0.6.WEBWEU[2]
36523 RAMB36E1_PRIM u_soc_top.u_framebuffer_sram.memory.0.6.WEBWEU[3]
36524 RAMB36E1_PRIM u_soc_top.u_framebuffer_sram.memory.0.6.WEBWEU[4]
36525 RAMB36E1_PRIM u_soc_top.u_framebuffer_sram.memory.0.6.WEBWEU[5]
36526 RAMB36E1_PRIM u_soc_top.u_framebuffer_sram.memory.0.6.WEBWEU[6]
36527 RAMB36E1_PRIM u_soc_top.u_framebuffer_sram.memory.0.6.WEBWEU[7]
36528 RAMB36E1_PRIM u_soc_top.u_framebuffer_sram.memory.0.7.ADDRBWRADDRL[0]
36529 RAMB36E1_PRIM u_soc_top.u_framebuffer_sram.memory.0.7.ADDRBWRADDRL[1]
36530 RAMB36E1_PRIM u_soc_top.u_framebuffer_sram.memory.0.7.ADDRBWRADDRL[2]
36531 RAMB36E1_PRIM u_soc_top.u_framebuffer_sram.memory.0.7.ADDRBWRADDRL[3]
36532 RAMB36E1_PRIM u_soc_top.u_framebuffer_sram.memory.0.7.ADDRBWRADDRL[4]
36533 RAMB36E1_PRIM u_soc_top.u_framebuffer_sram.memory.0.7.ADDRBWRADDRL[5]
36534 RAMB36E1_PRIM u_soc_top.u_framebuffer_sram.memory.0.7.ADDRBWRADDRL[6]
36535 RAMB36E1_PRIM u_soc_top.u_framebuffer_sram.memory.0.7.ADDRBWRADDRL[7]
36536 RAMB36E1_PRIM u_soc_top.u_framebuffer_sram.memory.0.7.ADDRBWRADDRL[8]
36537 RAMB36E1_PRIM u_soc_top.u_framebuffer_sram.memory.0.7.ADDRBWRADDRL[9]
36538 RAMB36E1_PRIM u_soc_top.u_framebuffer_sram.memory.0.7.ADDRBWRADDRL[10]
36539 RAMB36E1_PRIM u_soc_top.u_framebuffer_sram.memory.0.7.ADDRBWRADDRL[11]
36540 RAMB36E1_PRIM u_soc_top.u_framebuffer_sram.memory.0.7.ADDRBWRADDRL[12]
36541 RAMB36E1_PRIM u_soc_top.u_framebuffer_sram.memory.0.7.ADDRBWRADDRL[13]
36542 RAMB36E1_PRIM u_soc_top.u_framebuffer_sram.memory.0.7.ADDRBWRADDRL[14]
36543 RAMB36E1_PRIM u_soc_top.u_framebuffer_sram.memory.0.7.ADDRBWRADDRL[15]
36544 RAMB36E1_PRIM u_soc_top.u_framebuffer_sram.memory.0.7.ADDRBWRADDRU[0]
36545 RAMB36E1_PRIM u_soc_top.u_framebuffer_sram.memory.0.7.ADDRBWRADDRU[1]
36546 RAMB36E1_PRIM u_soc_top.u_framebuffer_sram.memory.0.7.ADDRBWRADDRU[2]
36547 RAMB36E1_PRIM u_soc_top.u_framebuffer_sram.memory.0.7.ADDRBWRADDRU[3]
36548 RAMB36E1_PRIM u_soc_top.u_framebuffer_sram.memory.0.7.ADDRBWRADDRU[4]
36549 RAMB36E1_PRIM u_soc_top.u_framebuffer_sram.memory.0.7.ADDRBWRADDRU[5]
36550 RAMB36E1_PRIM u_soc_top.u_framebuffer_sram.memory.0.7.ADDRBWRADDRU[6]
36551 RAMB36E1_PRIM u_soc_top.u_framebuffer_sram.memory.0.7.ADDRBWRADDRU[7]
36552 RAMB36E1_PRIM u_soc_top.u_framebuffer_sram.memory.0.7.ADDRBWRADDRU[8]
36553 RAMB36E1_PRIM u_soc_top.u_framebuffer_sram.memory.0.7.ADDRBWRADDRU[9]
36554 RAMB36E1_PRIM u_soc_top.u_framebuffer_sram.memory.0.7.ADDRBWRADDRU[10]
36555 RAMB36E1_PRIM u_soc_top.u_framebuffer_sram.memory.0.7.ADDRBWRADDRU[11]
36556 RAMB36E1_PRIM u_soc_top.u_framebuffer_sram.memory.0.7.ADDRBWRADDRU[12]
36557 RAMB36E1_PRIM u_soc_top.u_framebuffer_sram.memory.0.7.ADDRBWRADDRU[13]
36558 RAMB36E1_PRIM u_soc_top.u_framebuffer_sram.memory.0.7.ADDRBWRADDRU[14]
36559 RAMB36E1_PRIM u_soc_top.u_framebuffer_sram.memory.0.7.DIBDI[0]
36560 RAMB36E1_PRIM u_soc_top.u_framebuffer_sram.memory.0.7.DIBDI[1]
36561 RAMB36E1_PRIM u_soc_top.u_framebuffer_sram.memory.0.7.DIBDI[2]
36562 RAMB36E1_PRIM u_soc_top.u_framebuffer_sram.memory.0.7.DIBDI[3]
36563 RAMB36E1_PRIM u_soc_top.u_framebuffer_sram.memory.0.7.DIBDI[4]
36564 RAMB36E1_PRIM u_soc_top.u_framebuffer_sram.memory.0.7.DIBDI[5]
36565 RAMB36E1_PRIM u_soc_top.u_framebuffer_sram.memory.0.7.DIBDI[6]
36566 RAMB36E1_PRIM u_soc_top.u_framebuffer_sram.memory.0.7.DIBDI[7]
36567 RAMB36E1_PRIM u_soc_top.u_framebuffer_sram.memory.0.7.DIBDI[8]
36568 RAMB36E1_PRIM u_soc_top.u_framebuffer_sram.memory.0.7.DIBDI[9]
36569 RAMB36E1_PRIM u_soc_top.u_framebuffer_sram.memory.0.7.DIBDI[10]
36570 RAMB36E1_PRIM u_soc_top.u_framebuffer_sram.memory.0.7.DIBDI[11]
36571 RAMB36E1_PRIM u_soc_top.u_framebuffer_sram.memory.0.7.DIBDI[12]
36572 RAMB36E1_PRIM u_soc_top.u_framebuffer_sram.memory.0.7.DIBDI[13]
36573 RAMB36E1_PRIM u_soc_top.u_framebuffer_sram.memory.0.7.DIBDI[14]
36574 RAMB36E1_PRIM u_soc_top.u_framebuffer_sram.memory.0.7.DIBDI[15]
36575 RAMB36E1_PRIM u_soc_top.u_framebuffer_sram.memory.0.7.DIBDI[16]
36576 RAMB36E1_PRIM u_soc_top.u_framebuffer_sram.memory.0.7.DIBDI[17]
36577 RAMB36E1_PRIM u_soc_top.u_framebuffer_sram.memory.0.7.DIBDI[18]
36578 RAMB36E1_PRIM u_soc_top.u_framebuffer_sram.memory.0.7.DIBDI[19]
36579 RAMB36E1_PRIM u_soc_top.u_framebuffer_sram.memory.0.7.DIBDI[20]
36580 RAMB36E1_PRIM u_soc_top.u_framebuffer_sram.memory.0.7.DIBDI[21]
36581 RAMB36E1_PRIM u_soc_top.u_framebuffer_sram.memory.0.7.DIBDI[22]
36582 RAMB36E1_PRIM u_soc_top.u_framebuffer_sram.memory.0.7.DIBDI[23]
36583 RAMB36E1_PRIM u_soc_top.u_framebuffer_sram.memory.0.7.DIBDI[24]
36584 RAMB36E1_PRIM u_soc_top.u_framebuffer_sram.memory.0.7.DIBDI[25]
36585 RAMB36E1_PRIM u_soc_top.u_framebuffer_sram.memory.0.7.DIBDI[26]
36586 RAMB36E1_PRIM u_soc_top.u_framebuffer_sram.memory.0.7.DIBDI[27]
36587 RAMB36E1_PRIM u_soc_top.u_framebuffer_sram.memory.0.7.DIBDI[28]
36588 RAMB36E1_PRIM u_soc_top.u_framebuffer_sram.memory.0.7.DIBDI[29]
36589 RAMB36E1_PRIM u_soc_top.u_framebuffer_sram.memory.0.7.DIBDI[30]
36590 RAMB36E1_PRIM u_soc_top.u_framebuffer_sram.memory.0.7.DIBDI[31]
36591 RAMB36E1_PRIM u_soc_top.u_framebuffer_sram.memory.0.7.DIPBDIP[0]
36592 RAMB36E1_PRIM u_soc_top.u_framebuffer_sram.memory.0.7.DIPBDIP[1]
36593 RAMB36E1_PRIM u_soc_top.u_framebuffer_sram.memory.0.7.DIPBDIP[2]
36594 RAMB36E1_PRIM u_soc_top.u_framebuffer_sram.memory.0.7.DIPBDIP[3]
36595 RAMB36E1_PRIM u_soc_top.u_framebuffer_sram.memory.0.7.ENBWRENL[0]
36596 RAMB36E1_PRIM u_soc_top.u_framebuffer_sram.memory.0.7.ENBWRENU[0]
36597 RAMB36E1_PRIM u_soc_top.u_framebuffer_sram.memory.0.7.REGCEBL[0]
36598 RAMB36E1_PRIM u_soc_top.u_framebuffer_sram.memory.0.7.REGCEBU[0]
36599 RAMB36E1_PRIM u_soc_top.u_framebuffer_sram.memory.0.7.REGCLKBL[0]
36600 RAMB36E1_PRIM u_soc_top.u_framebuffer_sram.memory.0.7.REGCLKBU[0]
36601 RAMB36E1_PRIM u_soc_top.u_framebuffer_sram.memory.0.7.RSTRAMBL[0]
36602 RAMB36E1_PRIM u_soc_top.u_framebuffer_sram.memory.0.7.RSTRAMBU[0]
36603 RAMB36E1_PRIM u_soc_top.u_framebuffer_sram.memory.0.7.RSTREGBL[0]
36604 RAMB36E1_PRIM u_soc_top.u_framebuffer_sram.memory.0.7.RSTREGBU[0]
36605 RAMB36E1_PRIM u_soc_top.u_framebuffer_sram.memory.0.7.WEBWEL[0]
36606 RAMB36E1_PRIM u_soc_top.u_framebuffer_sram.memory.0.7.WEBWEL[1]
36607 RAMB36E1_PRIM u_soc_top.u_framebuffer_sram.memory.0.7.WEBWEL[2]
36608 RAMB36E1_PRIM u_soc_top.u_framebuffer_sram.memory.0.7.WEBWEL[3]
36609 RAMB36E1_PRIM u_soc_top.u_framebuffer_sram.memory.0.7.WEBWEL[4]
36610 RAMB36E1_PRIM u_soc_top.u_framebuffer_sram.memory.0.7.WEBWEL[5]
36611 RAMB36E1_PRIM u_soc_top.u_framebuffer_sram.memory.0.7.WEBWEL[6]
36612 RAMB36E1_PRIM u_soc_top.u_framebuffer_sram.memory.0.7.WEBWEL[7]
36613 RAMB36E1_PRIM u_soc_top.u_framebuffer_sram.memory.0.7.WEBWEU[0]
36614 RAMB36E1_PRIM u_soc_top.u_framebuffer_sram.memory.0.7.WEBWEU[1]
36615 RAMB36E1_PRIM u_soc_top.u_framebuffer_sram.memory.0.7.WEBWEU[2]
36616 RAMB36E1_PRIM u_soc_top.u_framebuffer_sram.memory.0.7.WEBWEU[3]
36617 RAMB36E1_PRIM u_soc_top.u_framebuffer_sram.memory.0.7.WEBWEU[4]
36618 RAMB36E1_PRIM u_soc_top.u_framebuffer_sram.memory.0.7.WEBWEU[5]
36619 RAMB36E1_PRIM u_soc_top.u_framebuffer_sram.memory.0.7.WEBWEU[6]
36620 RAMB36E1_PRIM u_soc_top.u_framebuffer_sram.memory.0.7.WEBWEU[7]
36621 RAMB36E1_PRIM u_soc_top.u_framebuffer_sram.memory.0.8.ADDRBWRADDRL[0]
36622 RAMB36E1_PRIM u_soc_top.u_framebuffer_sram.memory.0.8.ADDRBWRADDRL[1]
36623 RAMB36E1_PRIM u_soc_top.u_framebuffer_sram.memory.0.8.ADDRBWRADDRL[2]
36624 RAMB36E1_PRIM u_soc_top.u_framebuffer_sram.memory.0.8.ADDRBWRADDRL[3]
36625 RAMB36E1_PRIM u_soc_top.u_framebuffer_sram.memory.0.8.ADDRBWRADDRL[4]
36626 RAMB36E1_PRIM u_soc_top.u_framebuffer_sram.memory.0.8.ADDRBWRADDRL[5]
36627 RAMB36E1_PRIM u_soc_top.u_framebuffer_sram.memory.0.8.ADDRBWRADDRL[6]
36628 RAMB36E1_PRIM u_soc_top.u_framebuffer_sram.memory.0.8.ADDRBWRADDRL[7]
36629 RAMB36E1_PRIM u_soc_top.u_framebuffer_sram.memory.0.8.ADDRBWRADDRL[8]
36630 RAMB36E1_PRIM u_soc_top.u_framebuffer_sram.memory.0.8.ADDRBWRADDRL[9]
36631 RAMB36E1_PRIM u_soc_top.u_framebuffer_sram.memory.0.8.ADDRBWRADDRL[10]
36632 RAMB36E1_PRIM u_soc_top.u_framebuffer_sram.memory.0.8.ADDRBWRADDRL[11]
36633 RAMB36E1_PRIM u_soc_top.u_framebuffer_sram.memory.0.8.ADDRBWRADDRL[12]
36634 RAMB36E1_PRIM u_soc_top.u_framebuffer_sram.memory.0.8.ADDRBWRADDRL[13]
36635 RAMB36E1_PRIM u_soc_top.u_framebuffer_sram.memory.0.8.ADDRBWRADDRL[14]
36636 RAMB36E1_PRIM u_soc_top.u_framebuffer_sram.memory.0.8.ADDRBWRADDRL[15]
36637 RAMB36E1_PRIM u_soc_top.u_framebuffer_sram.memory.0.8.ADDRBWRADDRU[0]
36638 RAMB36E1_PRIM u_soc_top.u_framebuffer_sram.memory.0.8.ADDRBWRADDRU[1]
36639 RAMB36E1_PRIM u_soc_top.u_framebuffer_sram.memory.0.8.ADDRBWRADDRU[2]
36640 RAMB36E1_PRIM u_soc_top.u_framebuffer_sram.memory.0.8.ADDRBWRADDRU[3]
36641 RAMB36E1_PRIM u_soc_top.u_framebuffer_sram.memory.0.8.ADDRBWRADDRU[4]
36642 RAMB36E1_PRIM u_soc_top.u_framebuffer_sram.memory.0.8.ADDRBWRADDRU[5]
36643 RAMB36E1_PRIM u_soc_top.u_framebuffer_sram.memory.0.8.ADDRBWRADDRU[6]
36644 RAMB36E1_PRIM u_soc_top.u_framebuffer_sram.memory.0.8.ADDRBWRADDRU[7]
36645 RAMB36E1_PRIM u_soc_top.u_framebuffer_sram.memory.0.8.ADDRBWRADDRU[8]
36646 RAMB36E1_PRIM u_soc_top.u_framebuffer_sram.memory.0.8.ADDRBWRADDRU[9]
36647 RAMB36E1_PRIM u_soc_top.u_framebuffer_sram.memory.0.8.ADDRBWRADDRU[10]
36648 RAMB36E1_PRIM u_soc_top.u_framebuffer_sram.memory.0.8.ADDRBWRADDRU[11]
36649 RAMB36E1_PRIM u_soc_top.u_framebuffer_sram.memory.0.8.ADDRBWRADDRU[12]
36650 RAMB36E1_PRIM u_soc_top.u_framebuffer_sram.memory.0.8.ADDRBWRADDRU[13]
36651 RAMB36E1_PRIM u_soc_top.u_framebuffer_sram.memory.0.8.ADDRBWRADDRU[14]
36652 RAMB36E1_PRIM u_soc_top.u_framebuffer_sram.memory.0.8.DIBDI[0]
36653 RAMB36E1_PRIM u_soc_top.u_framebuffer_sram.memory.0.8.DIBDI[1]
36654 RAMB36E1_PRIM u_soc_top.u_framebuffer_sram.memory.0.8.DIBDI[2]
36655 RAMB36E1_PRIM u_soc_top.u_framebuffer_sram.memory.0.8.DIBDI[3]
36656 RAMB36E1_PRIM u_soc_top.u_framebuffer_sram.memory.0.8.DIBDI[4]
36657 RAMB36E1_PRIM u_soc_top.u_framebuffer_sram.memory.0.8.DIBDI[5]
36658 RAMB36E1_PRIM u_soc_top.u_framebuffer_sram.memory.0.8.DIBDI[6]
36659 RAMB36E1_PRIM u_soc_top.u_framebuffer_sram.memory.0.8.DIBDI[7]
36660 RAMB36E1_PRIM u_soc_top.u_framebuffer_sram.memory.0.8.DIBDI[8]
36661 RAMB36E1_PRIM u_soc_top.u_framebuffer_sram.memory.0.8.DIBDI[9]
36662 RAMB36E1_PRIM u_soc_top.u_framebuffer_sram.memory.0.8.DIBDI[10]
36663 RAMB36E1_PRIM u_soc_top.u_framebuffer_sram.memory.0.8.DIBDI[11]
36664 RAMB36E1_PRIM u_soc_top.u_framebuffer_sram.memory.0.8.DIBDI[12]
36665 RAMB36E1_PRIM u_soc_top.u_framebuffer_sram.memory.0.8.DIBDI[13]
36666 RAMB36E1_PRIM u_soc_top.u_framebuffer_sram.memory.0.8.DIBDI[14]
36667 RAMB36E1_PRIM u_soc_top.u_framebuffer_sram.memory.0.8.DIBDI[15]
36668 RAMB36E1_PRIM u_soc_top.u_framebuffer_sram.memory.0.8.DIBDI[16]
36669 RAMB36E1_PRIM u_soc_top.u_framebuffer_sram.memory.0.8.DIBDI[17]
36670 RAMB36E1_PRIM u_soc_top.u_framebuffer_sram.memory.0.8.DIBDI[18]
36671 RAMB36E1_PRIM u_soc_top.u_framebuffer_sram.memory.0.8.DIBDI[19]
36672 RAMB36E1_PRIM u_soc_top.u_framebuffer_sram.memory.0.8.DIBDI[20]
36673 RAMB36E1_PRIM u_soc_top.u_framebuffer_sram.memory.0.8.DIBDI[21]
36674 RAMB36E1_PRIM u_soc_top.u_framebuffer_sram.memory.0.8.DIBDI[22]
36675 RAMB36E1_PRIM u_soc_top.u_framebuffer_sram.memory.0.8.DIBDI[23]
36676 RAMB36E1_PRIM u_soc_top.u_framebuffer_sram.memory.0.8.DIBDI[24]
36677 RAMB36E1_PRIM u_soc_top.u_framebuffer_sram.memory.0.8.DIBDI[25]
36678 RAMB36E1_PRIM u_soc_top.u_framebuffer_sram.memory.0.8.DIBDI[26]
36679 RAMB36E1_PRIM u_soc_top.u_framebuffer_sram.memory.0.8.DIBDI[27]
36680 RAMB36E1_PRIM u_soc_top.u_framebuffer_sram.memory.0.8.DIBDI[28]
36681 RAMB36E1_PRIM u_soc_top.u_framebuffer_sram.memory.0.8.DIBDI[29]
36682 RAMB36E1_PRIM u_soc_top.u_framebuffer_sram.memory.0.8.DIBDI[30]
36683 RAMB36E1_PRIM u_soc_top.u_framebuffer_sram.memory.0.8.DIBDI[31]
36684 RAMB36E1_PRIM u_soc_top.u_framebuffer_sram.memory.0.8.DIPBDIP[0]
36685 RAMB36E1_PRIM u_soc_top.u_framebuffer_sram.memory.0.8.DIPBDIP[1]
36686 RAMB36E1_PRIM u_soc_top.u_framebuffer_sram.memory.0.8.DIPBDIP[2]
36687 RAMB36E1_PRIM u_soc_top.u_framebuffer_sram.memory.0.8.DIPBDIP[3]
36688 RAMB36E1_PRIM u_soc_top.u_framebuffer_sram.memory.0.8.ENBWRENL[0]
36689 RAMB36E1_PRIM u_soc_top.u_framebuffer_sram.memory.0.8.ENBWRENU[0]
36690 RAMB36E1_PRIM u_soc_top.u_framebuffer_sram.memory.0.8.REGCEBL[0]
36691 RAMB36E1_PRIM u_soc_top.u_framebuffer_sram.memory.0.8.REGCEBU[0]
36692 RAMB36E1_PRIM u_soc_top.u_framebuffer_sram.memory.0.8.REGCLKBL[0]
36693 RAMB36E1_PRIM u_soc_top.u_framebuffer_sram.memory.0.8.REGCLKBU[0]
36694 RAMB36E1_PRIM u_soc_top.u_framebuffer_sram.memory.0.8.RSTRAMBL[0]
36695 RAMB36E1_PRIM u_soc_top.u_framebuffer_sram.memory.0.8.RSTRAMBU[0]
36696 RAMB36E1_PRIM u_soc_top.u_framebuffer_sram.memory.0.8.RSTREGBL[0]
36697 RAMB36E1_PRIM u_soc_top.u_framebuffer_sram.memory.0.8.RSTREGBU[0]
36698 RAMB36E1_PRIM u_soc_top.u_framebuffer_sram.memory.0.8.WEBWEL[0]
36699 RAMB36E1_PRIM u_soc_top.u_framebuffer_sram.memory.0.8.WEBWEL[1]
36700 RAMB36E1_PRIM u_soc_top.u_framebuffer_sram.memory.0.8.WEBWEL[2]
36701 RAMB36E1_PRIM u_soc_top.u_framebuffer_sram.memory.0.8.WEBWEL[3]
36702 RAMB36E1_PRIM u_soc_top.u_framebuffer_sram.memory.0.8.WEBWEL[4]
36703 RAMB36E1_PRIM u_soc_top.u_framebuffer_sram.memory.0.8.WEBWEL[5]
36704 RAMB36E1_PRIM u_soc_top.u_framebuffer_sram.memory.0.8.WEBWEL[6]
36705 RAMB36E1_PRIM u_soc_top.u_framebuffer_sram.memory.0.8.WEBWEL[7]
36706 RAMB36E1_PRIM u_soc_top.u_framebuffer_sram.memory.0.8.WEBWEU[0]
36707 RAMB36E1_PRIM u_soc_top.u_framebuffer_sram.memory.0.8.WEBWEU[1]
36708 RAMB36E1_PRIM u_soc_top.u_framebuffer_sram.memory.0.8.WEBWEU[2]
36709 RAMB36E1_PRIM u_soc_top.u_framebuffer_sram.memory.0.8.WEBWEU[3]
36710 RAMB36E1_PRIM u_soc_top.u_framebuffer_sram.memory.0.8.WEBWEU[4]
36711 RAMB36E1_PRIM u_soc_top.u_framebuffer_sram.memory.0.8.WEBWEU[5]
36712 RAMB36E1_PRIM u_soc_top.u_framebuffer_sram.memory.0.8.WEBWEU[6]
36713 RAMB36E1_PRIM u_soc_top.u_framebuffer_sram.memory.0.8.WEBWEU[7]
36714 RAMB36E1_PRIM u_soc_top.u_framebuffer_sram.memory.0.9.ADDRBWRADDRL[0]
36715 RAMB36E1_PRIM u_soc_top.u_framebuffer_sram.memory.0.9.ADDRBWRADDRL[1]
36716 RAMB36E1_PRIM u_soc_top.u_framebuffer_sram.memory.0.9.ADDRBWRADDRL[2]
36717 RAMB36E1_PRIM u_soc_top.u_framebuffer_sram.memory.0.9.ADDRBWRADDRL[3]
36718 RAMB36E1_PRIM u_soc_top.u_framebuffer_sram.memory.0.9.ADDRBWRADDRL[4]
36719 RAMB36E1_PRIM u_soc_top.u_framebuffer_sram.memory.0.9.ADDRBWRADDRL[5]
36720 RAMB36E1_PRIM u_soc_top.u_framebuffer_sram.memory.0.9.ADDRBWRADDRL[6]
36721 RAMB36E1_PRIM u_soc_top.u_framebuffer_sram.memory.0.9.ADDRBWRADDRL[7]
36722 RAMB36E1_PRIM u_soc_top.u_framebuffer_sram.memory.0.9.ADDRBWRADDRL[8]
36723 RAMB36E1_PRIM u_soc_top.u_framebuffer_sram.memory.0.9.ADDRBWRADDRL[9]
36724 RAMB36E1_PRIM u_soc_top.u_framebuffer_sram.memory.0.9.ADDRBWRADDRL[10]
36725 RAMB36E1_PRIM u_soc_top.u_framebuffer_sram.memory.0.9.ADDRBWRADDRL[11]
36726 RAMB36E1_PRIM u_soc_top.u_framebuffer_sram.memory.0.9.ADDRBWRADDRL[12]
36727 RAMB36E1_PRIM u_soc_top.u_framebuffer_sram.memory.0.9.ADDRBWRADDRL[13]
36728 RAMB36E1_PRIM u_soc_top.u_framebuffer_sram.memory.0.9.ADDRBWRADDRL[14]
36729 RAMB36E1_PRIM u_soc_top.u_framebuffer_sram.memory.0.9.ADDRBWRADDRL[15]
36730 RAMB36E1_PRIM u_soc_top.u_framebuffer_sram.memory.0.9.ADDRBWRADDRU[0]
36731 RAMB36E1_PRIM u_soc_top.u_framebuffer_sram.memory.0.9.ADDRBWRADDRU[1]
36732 RAMB36E1_PRIM u_soc_top.u_framebuffer_sram.memory.0.9.ADDRBWRADDRU[2]
36733 RAMB36E1_PRIM u_soc_top.u_framebuffer_sram.memory.0.9.ADDRBWRADDRU[3]
36734 RAMB36E1_PRIM u_soc_top.u_framebuffer_sram.memory.0.9.ADDRBWRADDRU[4]
36735 RAMB36E1_PRIM u_soc_top.u_framebuffer_sram.memory.0.9.ADDRBWRADDRU[5]
36736 RAMB36E1_PRIM u_soc_top.u_framebuffer_sram.memory.0.9.ADDRBWRADDRU[6]
36737 RAMB36E1_PRIM u_soc_top.u_framebuffer_sram.memory.0.9.ADDRBWRADDRU[7]
36738 RAMB36E1_PRIM u_soc_top.u_framebuffer_sram.memory.0.9.ADDRBWRADDRU[8]
36739 RAMB36E1_PRIM u_soc_top.u_framebuffer_sram.memory.0.9.ADDRBWRADDRU[9]
36740 RAMB36E1_PRIM u_soc_top.u_framebuffer_sram.memory.0.9.ADDRBWRADDRU[10]
36741 RAMB36E1_PRIM u_soc_top.u_framebuffer_sram.memory.0.9.ADDRBWRADDRU[11]
36742 RAMB36E1_PRIM u_soc_top.u_framebuffer_sram.memory.0.9.ADDRBWRADDRU[12]
36743 RAMB36E1_PRIM u_soc_top.u_framebuffer_sram.memory.0.9.ADDRBWRADDRU[13]
36744 RAMB36E1_PRIM u_soc_top.u_framebuffer_sram.memory.0.9.ADDRBWRADDRU[14]
36745 RAMB36E1_PRIM u_soc_top.u_framebuffer_sram.memory.0.9.DIBDI[0]
36746 RAMB36E1_PRIM u_soc_top.u_framebuffer_sram.memory.0.9.DIBDI[1]
36747 RAMB36E1_PRIM u_soc_top.u_framebuffer_sram.memory.0.9.DIBDI[2]
36748 RAMB36E1_PRIM u_soc_top.u_framebuffer_sram.memory.0.9.DIBDI[3]
36749 RAMB36E1_PRIM u_soc_top.u_framebuffer_sram.memory.0.9.DIBDI[4]
36750 RAMB36E1_PRIM u_soc_top.u_framebuffer_sram.memory.0.9.DIBDI[5]
36751 RAMB36E1_PRIM u_soc_top.u_framebuffer_sram.memory.0.9.DIBDI[6]
36752 RAMB36E1_PRIM u_soc_top.u_framebuffer_sram.memory.0.9.DIBDI[7]
36753 RAMB36E1_PRIM u_soc_top.u_framebuffer_sram.memory.0.9.DIBDI[8]
36754 RAMB36E1_PRIM u_soc_top.u_framebuffer_sram.memory.0.9.DIBDI[9]
36755 RAMB36E1_PRIM u_soc_top.u_framebuffer_sram.memory.0.9.DIBDI[10]
36756 RAMB36E1_PRIM u_soc_top.u_framebuffer_sram.memory.0.9.DIBDI[11]
36757 RAMB36E1_PRIM u_soc_top.u_framebuffer_sram.memory.0.9.DIBDI[12]
36758 RAMB36E1_PRIM u_soc_top.u_framebuffer_sram.memory.0.9.DIBDI[13]
36759 RAMB36E1_PRIM u_soc_top.u_framebuffer_sram.memory.0.9.DIBDI[14]
36760 RAMB36E1_PRIM u_soc_top.u_framebuffer_sram.memory.0.9.DIBDI[15]
36761 RAMB36E1_PRIM u_soc_top.u_framebuffer_sram.memory.0.9.DIBDI[16]
36762 RAMB36E1_PRIM u_soc_top.u_framebuffer_sram.memory.0.9.DIBDI[17]
36763 RAMB36E1_PRIM u_soc_top.u_framebuffer_sram.memory.0.9.DIBDI[18]
36764 RAMB36E1_PRIM u_soc_top.u_framebuffer_sram.memory.0.9.DIBDI[19]
36765 RAMB36E1_PRIM u_soc_top.u_framebuffer_sram.memory.0.9.DIBDI[20]
36766 RAMB36E1_PRIM u_soc_top.u_framebuffer_sram.memory.0.9.DIBDI[21]
36767 RAMB36E1_PRIM u_soc_top.u_framebuffer_sram.memory.0.9.DIBDI[22]
36768 RAMB36E1_PRIM u_soc_top.u_framebuffer_sram.memory.0.9.DIBDI[23]
36769 RAMB36E1_PRIM u_soc_top.u_framebuffer_sram.memory.0.9.DIBDI[24]
36770 RAMB36E1_PRIM u_soc_top.u_framebuffer_sram.memory.0.9.DIBDI[25]
36771 RAMB36E1_PRIM u_soc_top.u_framebuffer_sram.memory.0.9.DIBDI[26]
36772 RAMB36E1_PRIM u_soc_top.u_framebuffer_sram.memory.0.9.DIBDI[27]
36773 RAMB36E1_PRIM u_soc_top.u_framebuffer_sram.memory.0.9.DIBDI[28]
36774 RAMB36E1_PRIM u_soc_top.u_framebuffer_sram.memory.0.9.DIBDI[29]
36775 RAMB36E1_PRIM u_soc_top.u_framebuffer_sram.memory.0.9.DIBDI[30]
36776 RAMB36E1_PRIM u_soc_top.u_framebuffer_sram.memory.0.9.DIBDI[31]
36777 RAMB36E1_PRIM u_soc_top.u_framebuffer_sram.memory.0.9.DIPBDIP[0]
36778 RAMB36E1_PRIM u_soc_top.u_framebuffer_sram.memory.0.9.DIPBDIP[1]
36779 RAMB36E1_PRIM u_soc_top.u_framebuffer_sram.memory.0.9.DIPBDIP[2]
36780 RAMB36E1_PRIM u_soc_top.u_framebuffer_sram.memory.0.9.DIPBDIP[3]
36781 RAMB36E1_PRIM u_soc_top.u_framebuffer_sram.memory.0.9.ENBWRENL[0]
36782 RAMB36E1_PRIM u_soc_top.u_framebuffer_sram.memory.0.9.ENBWRENU[0]
36783 RAMB36E1_PRIM u_soc_top.u_framebuffer_sram.memory.0.9.REGCEBL[0]
36784 RAMB36E1_PRIM u_soc_top.u_framebuffer_sram.memory.0.9.REGCEBU[0]
36785 RAMB36E1_PRIM u_soc_top.u_framebuffer_sram.memory.0.9.REGCLKBL[0]
36786 RAMB36E1_PRIM u_soc_top.u_framebuffer_sram.memory.0.9.REGCLKBU[0]
36787 RAMB36E1_PRIM u_soc_top.u_framebuffer_sram.memory.0.9.RSTRAMBL[0]
36788 RAMB36E1_PRIM u_soc_top.u_framebuffer_sram.memory.0.9.RSTRAMBU[0]
36789 RAMB36E1_PRIM u_soc_top.u_framebuffer_sram.memory.0.9.RSTREGBL[0]
36790 RAMB36E1_PRIM u_soc_top.u_framebuffer_sram.memory.0.9.RSTREGBU[0]
36791 RAMB36E1_PRIM u_soc_top.u_framebuffer_sram.memory.0.9.WEBWEL[0]
36792 RAMB36E1_PRIM u_soc_top.u_framebuffer_sram.memory.0.9.WEBWEL[1]
36793 RAMB36E1_PRIM u_soc_top.u_framebuffer_sram.memory.0.9.WEBWEL[2]
36794 RAMB36E1_PRIM u_soc_top.u_framebuffer_sram.memory.0.9.WEBWEL[3]
36795 RAMB36E1_PRIM u_soc_top.u_framebuffer_sram.memory.0.9.WEBWEL[4]
36796 RAMB36E1_PRIM u_soc_top.u_framebuffer_sram.memory.0.9.WEBWEL[5]
36797 RAMB36E1_PRIM u_soc_top.u_framebuffer_sram.memory.0.9.WEBWEL[6]
36798 RAMB36E1_PRIM u_soc_top.u_framebuffer_sram.memory.0.9.WEBWEL[7]
36799 RAMB36E1_PRIM u_soc_top.u_framebuffer_sram.memory.0.9.WEBWEU[0]
36800 RAMB36E1_PRIM u_soc_top.u_framebuffer_sram.memory.0.9.WEBWEU[1]
36801 RAMB36E1_PRIM u_soc_top.u_framebuffer_sram.memory.0.9.WEBWEU[2]
36802 RAMB36E1_PRIM u_soc_top.u_framebuffer_sram.memory.0.9.WEBWEU[3]
36803 RAMB36E1_PRIM u_soc_top.u_framebuffer_sram.memory.0.9.WEBWEU[4]
36804 RAMB36E1_PRIM u_soc_top.u_framebuffer_sram.memory.0.9.WEBWEU[5]
36805 RAMB36E1_PRIM u_soc_top.u_framebuffer_sram.memory.0.9.WEBWEU[6]
36806 RAMB36E1_PRIM u_soc_top.u_framebuffer_sram.memory.0.9.WEBWEU[7]
36807 FDCE_ZINI $auto$ff.cc:266:slice$12285.D[0]
36808 FDPE_ZINI $auto$ff.cc:266:slice$12286.CE[0]
36809 FDPE_ZINI $auto$ff.cc:266:slice$12286.D[0]
36810 FDPE_ZINI $auto$ff.cc:266:slice$12287.CE[0]
36811 FDPE_ZINI $auto$ff.cc:266:slice$12288.CE[0]
36812 FDRE_ZINI $auto$ff.cc:266:slice$12292.CE[0]
36813 FDRE_ZINI $auto$ff.cc:266:slice$12293.CE[0]
36814 FDRE_ZINI $auto$ff.cc:266:slice$12294.CE[0]
36815 FDRE_ZINI $auto$ff.cc:266:slice$12295.CE[0]
36816 FDRE_ZINI $auto$ff.cc:266:slice$12296.CE[0]
36817 FDRE_ZINI $auto$ff.cc:266:slice$12297.CE[0]
36818 FDRE_ZINI $auto$ff.cc:266:slice$12298.CE[0]
36819 FDRE_ZINI $auto$ff.cc:266:slice$12299.CE[0]
36820 FDRE_ZINI $auto$ff.cc:266:slice$12300.CE[0]
36821 FDRE_ZINI $auto$ff.cc:266:slice$12301.CE[0]
36822 FDRE_ZINI $auto$ff.cc:266:slice$12302.CE[0]
36823 FDRE_ZINI $auto$ff.cc:266:slice$12303.CE[0]
36824 FDRE_ZINI $auto$ff.cc:266:slice$12304.CE[0]
36825 FDRE_ZINI $auto$ff.cc:266:slice$12305.CE[0]
36826 FDRE_ZINI $auto$ff.cc:266:slice$12306.CE[0]
36827 FDRE_ZINI $auto$ff.cc:266:slice$12307.CE[0]
36828 FDRE_ZINI $auto$ff.cc:266:slice$12308.CE[0]
36829 FDRE_ZINI $auto$ff.cc:266:slice$12309.CE[0]
36830 FDRE_ZINI $auto$ff.cc:266:slice$12310.CE[0]
36831 FDRE_ZINI $auto$ff.cc:266:slice$12311.CE[0]
36832 FDRE_ZINI $auto$ff.cc:266:slice$12312.CE[0]
36833 FDRE_ZINI $auto$ff.cc:266:slice$12313.CE[0]
36834 FDRE_ZINI $auto$ff.cc:266:slice$12314.CE[0]
36835 FDRE_ZINI $auto$ff.cc:266:slice$12315.CE[0]
36836 FDCE_ZINI $auto$ff.cc:266:slice$12976.CE[0]
36837 FDCE_ZINI $auto$ff.cc:266:slice$12977.CE[0]
36838 FDPE_ZINI $auto$ff.cc:266:slice$13098.CE[0]
36839 FDCE_ZINI $auto$ff.cc:266:slice$13099.CE[0]
36840 FDCE_ZINI $auto$ff.cc:266:slice$13100.CE[0]
36841 FDCE_ZINI $auto$ff.cc:266:slice$13101.CE[0]
36842 FDCE_ZINI $auto$ff.cc:266:slice$13102.CE[0]
36843 FDRE_ZINI $auto$ff.cc:266:slice$13392.R[0]
36844 FDRE_ZINI $auto$ff.cc:266:slice$13393.R[0]
36845 FDRE_ZINI $auto$ff.cc:266:slice$13394.R[0]
36846 FDRE_ZINI $auto$ff.cc:266:slice$13395.R[0]
36847 FDRE_ZINI $auto$ff.cc:266:slice$13396.R[0]
36848 FDPE_ZINI $auto$ff.cc:266:slice$13791.CE[0]
36849 FDCE_ZINI $auto$ff.cc:266:slice$13792.CE[0]
36850 FDCE_ZINI $auto$ff.cc:266:slice$13793.CE[0]
36851 FDPE_ZINI $auto$ff.cc:266:slice$13842.CE[0]
36852 FDCE_ZINI $auto$ff.cc:266:slice$13843.CE[0]
36853 FDCE_ZINI $auto$ff.cc:266:slice$13844.CE[0]
36854 FDCE_ZINI $auto$ff.cc:266:slice$13845.CE[0]
36855 FDPE_ZINI $auto$ff.cc:266:slice$13926.CE[0]
36856 FDPE_ZINI $auto$ff.cc:266:slice$13927.CE[0]
36857 FDCE_ZINI $auto$ff.cc:266:slice$13928.CE[0]
36858 FDCE_ZINI $auto$ff.cc:266:slice$13929.CE[0]
36859 FDCE_ZINI $auto$ff.cc:266:slice$13930.CE[0]
36860 FDCE_ZINI $auto$ff.cc:266:slice$13931.CE[0]
36861 FDCE_ZINI $auto$ff.cc:266:slice$13932.CE[0]
36862 FDCE_ZINI $auto$ff.cc:266:slice$13933.CE[0]
36863 FDCE_ZINI $auto$ff.cc:266:slice$13934.CE[0]
36864 FDCE_ZINI $auto$ff.cc:266:slice$13935.CE[0]
36865 FDCE_ZINI $auto$ff.cc:266:slice$13936.CE[0]
36866 FDCE_ZINI $auto$ff.cc:266:slice$13937.CE[0]
36867 FDCE_ZINI $auto$ff.cc:266:slice$13938.CE[0]
36868 FDCE_ZINI $auto$ff.cc:266:slice$13939.CE[0]
36869 FDCE_ZINI $auto$ff.cc:266:slice$13940.CE[0]
36870 FDCE_ZINI $auto$ff.cc:266:slice$13941.CE[0]
36871 FDCE_ZINI $auto$ff.cc:266:slice$13942.CE[0]
36872 FDCE_ZINI $auto$ff.cc:266:slice$13943.CE[0]
36873 FDCE_ZINI $auto$ff.cc:266:slice$14048.CE[0]
36874 FDRE_ZINI $auto$ff.cc:266:slice$15017.CE[0]
36875 FDRE_ZINI $auto$ff.cc:266:slice$15017.R[0]
36876 FDRE_ZINI $auto$ff.cc:266:slice$15018.CE[0]
36877 FDRE_ZINI $auto$ff.cc:266:slice$15018.R[0]
36878 FDRE_ZINI $auto$ff.cc:266:slice$15019.CE[0]
36879 FDRE_ZINI $auto$ff.cc:266:slice$15019.R[0]
36880 FDRE_ZINI $auto$ff.cc:266:slice$15020.CE[0]
36881 FDRE_ZINI $auto$ff.cc:266:slice$15020.R[0]
36882 FDRE_ZINI $auto$ff.cc:266:slice$15021.CE[0]
36883 FDRE_ZINI $auto$ff.cc:266:slice$15021.R[0]
36884 FDRE_ZINI $auto$ff.cc:266:slice$15022.CE[0]
36885 FDRE_ZINI $auto$ff.cc:266:slice$15022.R[0]
36886 FDRE_ZINI $auto$ff.cc:266:slice$15023.CE[0]
36887 FDRE_ZINI $auto$ff.cc:266:slice$15023.R[0]
36888 FDRE_ZINI $auto$ff.cc:266:slice$15024.CE[0]
36889 FDRE_ZINI $auto$ff.cc:266:slice$15024.R[0]
36890 FDRE_ZINI $auto$ff.cc:266:slice$15025.CE[0]
36891 FDRE_ZINI $auto$ff.cc:266:slice$15025.R[0]
36892 FDRE_ZINI $auto$ff.cc:266:slice$15026.CE[0]
36893 FDRE_ZINI $auto$ff.cc:266:slice$15026.R[0]
36894 FDRE_ZINI $auto$ff.cc:266:slice$15027.CE[0]
36895 FDRE_ZINI $auto$ff.cc:266:slice$15027.R[0]
36896 FDRE_ZINI $auto$ff.cc:266:slice$15028.CE[0]
36897 FDRE_ZINI $auto$ff.cc:266:slice$15028.R[0]
36898 FDRE_ZINI $auto$ff.cc:266:slice$15029.CE[0]
36899 FDRE_ZINI $auto$ff.cc:266:slice$15029.R[0]
36900 FDRE_ZINI $auto$ff.cc:266:slice$15030.CE[0]
36901 FDRE_ZINI $auto$ff.cc:266:slice$15030.R[0]
36902 FDRE_ZINI $auto$ff.cc:266:slice$15031.CE[0]
36903 FDRE_ZINI $auto$ff.cc:266:slice$15031.R[0]
36904 FDRE_ZINI $auto$ff.cc:266:slice$15032.CE[0]
36905 FDRE_ZINI $auto$ff.cc:266:slice$15032.R[0]
36906 FDRE_ZINI $auto$ff.cc:266:slice$15033.CE[0]
36907 FDRE_ZINI $auto$ff.cc:266:slice$15033.R[0]
36908 FDRE_ZINI $auto$ff.cc:266:slice$15034.CE[0]
36909 FDRE_ZINI $auto$ff.cc:266:slice$15034.R[0]
36910 FDRE_ZINI $auto$ff.cc:266:slice$15035.CE[0]
36911 FDRE_ZINI $auto$ff.cc:266:slice$15035.R[0]
36912 FDRE_ZINI $auto$ff.cc:266:slice$15036.CE[0]
36913 FDRE_ZINI $auto$ff.cc:266:slice$15036.R[0]
36914 FDRE_ZINI $auto$ff.cc:266:slice$15037.CE[0]
36915 FDRE_ZINI $auto$ff.cc:266:slice$15037.R[0]
36916 FDRE_ZINI $auto$ff.cc:266:slice$15038.CE[0]
36917 FDRE_ZINI $auto$ff.cc:266:slice$15038.R[0]
36918 FDRE_ZINI $auto$ff.cc:266:slice$15039.CE[0]
36919 FDRE_ZINI $auto$ff.cc:266:slice$15039.R[0]
36920 FDRE_ZINI $auto$ff.cc:266:slice$15040.CE[0]
36921 FDRE_ZINI $auto$ff.cc:266:slice$15040.R[0]
36922 FDRE_ZINI $auto$ff.cc:266:slice$15041.CE[0]
36923 FDRE_ZINI $auto$ff.cc:266:slice$15041.R[0]
36924 FDRE_ZINI $auto$ff.cc:266:slice$15042.CE[0]
36925 FDRE_ZINI $auto$ff.cc:266:slice$15042.R[0]
36926 FDRE_ZINI $auto$ff.cc:266:slice$15043.CE[0]
36927 FDRE_ZINI $auto$ff.cc:266:slice$15043.R[0]
36928 FDRE_ZINI $auto$ff.cc:266:slice$15044.CE[0]
36929 FDRE_ZINI $auto$ff.cc:266:slice$15044.R[0]
36930 FDRE_ZINI $auto$ff.cc:266:slice$15045.CE[0]
36931 FDRE_ZINI $auto$ff.cc:266:slice$15045.R[0]
36932 FDRE_ZINI $auto$ff.cc:266:slice$15046.CE[0]
36933 FDRE_ZINI $auto$ff.cc:266:slice$15046.R[0]
36934 FDCE_ZINI $auto$ff.cc:266:slice$15259.CE[0]
36935 FDCE_ZINI $auto$ff.cc:266:slice$15262.CE[0]
36936 FDPE_ZINI $auto$ff.cc:266:slice$15289.CE[0]
36937 FDPE_ZINI $auto$ff.cc:266:slice$15290.CE[0]
36938 FDCE_ZINI $auto$ff.cc:266:slice$15389.CE[0]
36939 FDCE_ZINI $auto$ff.cc:266:slice$15390.CE[0]
36940 FDCE_ZINI $auto$ff.cc:266:slice$16679.CE[0]
36941 FDCE_ZINI $auto$ff.cc:266:slice$16680.CE[0]
36942 FDCE_ZINI $auto$ff.cc:266:slice$16681.CE[0]
36943 FDCE_ZINI $auto$ff.cc:266:slice$16682.CE[0]
36944 FDCE_ZINI $auto$ff.cc:266:slice$16683.CE[0]
36945 FDCE_ZINI $auto$ff.cc:266:slice$16684.CE[0]
36946 FDCE_ZINI $auto$ff.cc:266:slice$16685.CE[0]
36947 FDCE_ZINI $auto$ff.cc:266:slice$16686.CE[0]
36948 FDCE_ZINI $auto$ff.cc:266:slice$16687.CE[0]
36949 FDCE_ZINI $auto$ff.cc:266:slice$16688.CE[0]
36950 FDCE_ZINI $auto$ff.cc:266:slice$16689.CE[0]
36951 FDCE_ZINI $auto$ff.cc:266:slice$16690.CE[0]
36952 FDCE_ZINI $auto$ff.cc:266:slice$16691.CE[0]
36953 FDCE_ZINI $auto$ff.cc:266:slice$16692.CE[0]
36954 FDCE_ZINI $auto$ff.cc:266:slice$16693.CE[0]
36955 FDCE_ZINI $auto$ff.cc:266:slice$16694.CE[0]
36956 FDCE_ZINI $auto$ff.cc:266:slice$16695.CE[0]
36957 FDCE_ZINI $auto$ff.cc:266:slice$16696.CE[0]
36958 FDCE_ZINI $auto$ff.cc:266:slice$16697.CE[0]
36959 FDCE_ZINI $auto$ff.cc:266:slice$16698.CE[0]
36960 FDCE_ZINI $auto$ff.cc:266:slice$16699.CE[0]
36961 FDCE_ZINI $auto$ff.cc:266:slice$16700.CE[0]
36962 FDCE_ZINI $auto$ff.cc:266:slice$16701.CE[0]
36963 FDCE_ZINI $auto$ff.cc:266:slice$16702.CE[0]
36964 FDCE_ZINI $auto$ff.cc:266:slice$16703.CE[0]
36965 FDCE_ZINI $auto$ff.cc:266:slice$16704.CE[0]
36966 FDCE_ZINI $auto$ff.cc:266:slice$16705.CE[0]
36967 FDCE_ZINI $auto$ff.cc:266:slice$16706.CE[0]
36968 FDCE_ZINI $auto$ff.cc:266:slice$16707.CE[0]
36969 FDCE_ZINI $auto$ff.cc:266:slice$16708.CE[0]
36970 FDCE_ZINI $auto$ff.cc:266:slice$16709.CE[0]
36971 FDCE_ZINI $auto$ff.cc:266:slice$16710.CE[0]
36972 FDPE_ZINI $auto$ff.cc:266:slice$16817.CE[0]
36973 FDCE_ZINI $auto$ff.cc:266:slice$16818.CE[0]
36974 FDCE_ZINI $auto$ff.cc:266:slice$16819.CE[0]
36975 FDCE_ZINI $auto$ff.cc:266:slice$16820.CE[0]
36976 FDCE_ZINI $auto$ff.cc:266:slice$16821.CE[0]
36977 FDCE_ZINI $auto$ff.cc:266:slice$17146.CE[0]
36978 FDCE_ZINI $auto$ff.cc:266:slice$17149.CE[0]
36979 FDCE_ZINI $auto$ff.cc:266:slice$17150.CE[0]
36980 FDCE_ZINI $auto$ff.cc:266:slice$17216.CE[0]
36981 FDCE_ZINI $auto$ff.cc:266:slice$17217.CE[0]
36982 FDCE_ZINI $auto$ff.cc:266:slice$17421.D[0]
36983 FDCE_ZINI $auto$ff.cc:266:slice$17459.CE[0]
36984 FDRE_ZINI $auto$ff.cc:266:slice$24121.CE[0]
36985 DPRAM64 u_soc_top.u_data_memory.memory.0.0.dram_d.DI[0]
36986 DPRAM64 u_soc_top.u_data_memory.memory.0.1.dram_d.DI[0]
36987 DPRAM64 u_soc_top.u_data_memory.memory.0.10.dram_d.DI[0]
36988 DPRAM64 u_soc_top.u_data_memory.memory.0.11.dram_a.DI[0]
36989 DPRAM64 u_soc_top.u_data_memory.memory.0.11.dram_d.DI[0]
36990 DPRAM64 u_soc_top.u_data_memory.memory.0.2.dram_a.DI[0]
36991 DPRAM64 u_soc_top.u_data_memory.memory.0.2.dram_d.DI[0]
36992 DPRAM64 u_soc_top.u_data_memory.memory.0.3.dram_d.DI[0]
36993 DPRAM64 u_soc_top.u_data_memory.memory.0.4.dram_d.DI[0]
36994 DPRAM64 u_soc_top.u_data_memory.memory.0.5.dram_a.DI[0]
36995 DPRAM64 u_soc_top.u_data_memory.memory.0.5.dram_d.DI[0]
36996 DPRAM64 u_soc_top.u_data_memory.memory.0.6.dram_d.DI[0]
36997 DPRAM64 u_soc_top.u_data_memory.memory.0.7.dram_d.DI[0]
36998 DPRAM64 u_soc_top.u_data_memory.memory.0.8.dram_a.DI[0]
36999 DPRAM64 u_soc_top.u_data_memory.memory.0.8.dram_d.DI[0]
37000 DPRAM64 u_soc_top.u_data_memory.memory.0.9.dram_d.DI[0]
37001 RAMB36E1_PRIM u_soc_top.u_framebuffer_sram.memory.0.0.ADDRARDADDRL[0]
37002 RAMB36E1_PRIM u_soc_top.u_framebuffer_sram.memory.0.0.ADDRARDADDRL[1]
37003 RAMB36E1_PRIM u_soc_top.u_framebuffer_sram.memory.0.0.ADDRARDADDRL[2]
37004 RAMB36E1_PRIM u_soc_top.u_framebuffer_sram.memory.0.0.ADDRARDADDRL[3]
37005 RAMB36E1_PRIM u_soc_top.u_framebuffer_sram.memory.0.0.ADDRARDADDRL[4]
37006 RAMB36E1_PRIM u_soc_top.u_framebuffer_sram.memory.0.0.ADDRARDADDRL[15]
37007 RAMB36E1_PRIM u_soc_top.u_framebuffer_sram.memory.0.0.ADDRARDADDRU[0]
37008 RAMB36E1_PRIM u_soc_top.u_framebuffer_sram.memory.0.0.ADDRARDADDRU[1]
37009 RAMB36E1_PRIM u_soc_top.u_framebuffer_sram.memory.0.0.ADDRARDADDRU[2]
37010 RAMB36E1_PRIM u_soc_top.u_framebuffer_sram.memory.0.0.ADDRARDADDRU[3]
37011 RAMB36E1_PRIM u_soc_top.u_framebuffer_sram.memory.0.0.ADDRARDADDRU[4]
37012 RAMB36E1_PRIM u_soc_top.u_framebuffer_sram.memory.0.0.DIPADIP[0]
37013 RAMB36E1_PRIM u_soc_top.u_framebuffer_sram.memory.0.0.DIPADIP[1]
37014 RAMB36E1_PRIM u_soc_top.u_framebuffer_sram.memory.0.0.DIPADIP[2]
37015 RAMB36E1_PRIM u_soc_top.u_framebuffer_sram.memory.0.0.DIPADIP[3]
37016 RAMB36E1_PRIM u_soc_top.u_framebuffer_sram.memory.0.0.REGCEAREGCEL[0]
37017 RAMB36E1_PRIM u_soc_top.u_framebuffer_sram.memory.0.0.REGCEAREGCEU[0]
37018 RAMB36E1_PRIM u_soc_top.u_framebuffer_sram.memory.0.0.REGCLKARDRCLKL[0]
37019 RAMB36E1_PRIM u_soc_top.u_framebuffer_sram.memory.0.0.REGCLKARDRCLKU[0]
37020 RAMB36E1_PRIM u_soc_top.u_framebuffer_sram.memory.0.0.RSTRAMARSTRAMLRST[0]
37021 RAMB36E1_PRIM u_soc_top.u_framebuffer_sram.memory.0.0.RSTRAMARSTRAMU[0]
37022 RAMB36E1_PRIM u_soc_top.u_framebuffer_sram.memory.0.0.RSTREGARSTREGL[0]
37023 RAMB36E1_PRIM u_soc_top.u_framebuffer_sram.memory.0.0.RSTREGARSTREGU[0]
37024 RAMB36E1_PRIM u_soc_top.u_framebuffer_sram.memory.0.1.ADDRARDADDRL[0]
37025 RAMB36E1_PRIM u_soc_top.u_framebuffer_sram.memory.0.1.ADDRARDADDRL[1]
37026 RAMB36E1_PRIM u_soc_top.u_framebuffer_sram.memory.0.1.ADDRARDADDRL[2]
37027 RAMB36E1_PRIM u_soc_top.u_framebuffer_sram.memory.0.1.ADDRARDADDRL[3]
37028 RAMB36E1_PRIM u_soc_top.u_framebuffer_sram.memory.0.1.ADDRARDADDRL[4]
37029 RAMB36E1_PRIM u_soc_top.u_framebuffer_sram.memory.0.1.ADDRARDADDRL[15]
37030 RAMB36E1_PRIM u_soc_top.u_framebuffer_sram.memory.0.1.ADDRARDADDRU[0]
37031 RAMB36E1_PRIM u_soc_top.u_framebuffer_sram.memory.0.1.ADDRARDADDRU[1]
37032 RAMB36E1_PRIM u_soc_top.u_framebuffer_sram.memory.0.1.ADDRARDADDRU[2]
37033 RAMB36E1_PRIM u_soc_top.u_framebuffer_sram.memory.0.1.ADDRARDADDRU[3]
37034 RAMB36E1_PRIM u_soc_top.u_framebuffer_sram.memory.0.1.ADDRARDADDRU[4]
37035 RAMB36E1_PRIM u_soc_top.u_framebuffer_sram.memory.0.1.DIPADIP[0]
37036 RAMB36E1_PRIM u_soc_top.u_framebuffer_sram.memory.0.1.DIPADIP[1]
37037 RAMB36E1_PRIM u_soc_top.u_framebuffer_sram.memory.0.1.DIPADIP[2]
37038 RAMB36E1_PRIM u_soc_top.u_framebuffer_sram.memory.0.1.DIPADIP[3]
37039 RAMB36E1_PRIM u_soc_top.u_framebuffer_sram.memory.0.1.REGCEAREGCEL[0]
37040 RAMB36E1_PRIM u_soc_top.u_framebuffer_sram.memory.0.1.REGCEAREGCEU[0]
37041 RAMB36E1_PRIM u_soc_top.u_framebuffer_sram.memory.0.1.REGCLKARDRCLKL[0]
37042 RAMB36E1_PRIM u_soc_top.u_framebuffer_sram.memory.0.1.REGCLKARDRCLKU[0]
37043 RAMB36E1_PRIM u_soc_top.u_framebuffer_sram.memory.0.1.RSTRAMARSTRAMLRST[0]
37044 RAMB36E1_PRIM u_soc_top.u_framebuffer_sram.memory.0.1.RSTRAMARSTRAMU[0]
37045 RAMB36E1_PRIM u_soc_top.u_framebuffer_sram.memory.0.1.RSTREGARSTREGL[0]
37046 RAMB36E1_PRIM u_soc_top.u_framebuffer_sram.memory.0.1.RSTREGARSTREGU[0]
37047 RAMB36E1_PRIM u_soc_top.u_framebuffer_sram.memory.0.10.ADDRARDADDRL[0]
37048 RAMB36E1_PRIM u_soc_top.u_framebuffer_sram.memory.0.10.ADDRARDADDRL[1]
37049 RAMB36E1_PRIM u_soc_top.u_framebuffer_sram.memory.0.10.ADDRARDADDRL[2]
37050 RAMB36E1_PRIM u_soc_top.u_framebuffer_sram.memory.0.10.ADDRARDADDRL[3]
37051 RAMB36E1_PRIM u_soc_top.u_framebuffer_sram.memory.0.10.ADDRARDADDRL[4]
37052 RAMB36E1_PRIM u_soc_top.u_framebuffer_sram.memory.0.10.ADDRARDADDRL[15]
37053 RAMB36E1_PRIM u_soc_top.u_framebuffer_sram.memory.0.10.ADDRARDADDRU[0]
37054 RAMB36E1_PRIM u_soc_top.u_framebuffer_sram.memory.0.10.ADDRARDADDRU[1]
37055 RAMB36E1_PRIM u_soc_top.u_framebuffer_sram.memory.0.10.ADDRARDADDRU[2]
37056 RAMB36E1_PRIM u_soc_top.u_framebuffer_sram.memory.0.10.ADDRARDADDRU[3]
37057 RAMB36E1_PRIM u_soc_top.u_framebuffer_sram.memory.0.10.ADDRARDADDRU[4]
37058 RAMB36E1_PRIM u_soc_top.u_framebuffer_sram.memory.0.10.DIPADIP[0]
37059 RAMB36E1_PRIM u_soc_top.u_framebuffer_sram.memory.0.10.DIPADIP[1]
37060 RAMB36E1_PRIM u_soc_top.u_framebuffer_sram.memory.0.10.DIPADIP[2]
37061 RAMB36E1_PRIM u_soc_top.u_framebuffer_sram.memory.0.10.DIPADIP[3]
37062 RAMB36E1_PRIM u_soc_top.u_framebuffer_sram.memory.0.10.REGCEAREGCEL[0]
37063 RAMB36E1_PRIM u_soc_top.u_framebuffer_sram.memory.0.10.REGCEAREGCEU[0]
37064 RAMB36E1_PRIM u_soc_top.u_framebuffer_sram.memory.0.10.REGCLKARDRCLKL[0]
37065 RAMB36E1_PRIM u_soc_top.u_framebuffer_sram.memory.0.10.REGCLKARDRCLKU[0]
37066 RAMB36E1_PRIM u_soc_top.u_framebuffer_sram.memory.0.10.RSTRAMARSTRAMLRST[0]
37067 RAMB36E1_PRIM u_soc_top.u_framebuffer_sram.memory.0.10.RSTRAMARSTRAMU[0]
37068 RAMB36E1_PRIM u_soc_top.u_framebuffer_sram.memory.0.10.RSTREGARSTREGL[0]
37069 RAMB36E1_PRIM u_soc_top.u_framebuffer_sram.memory.0.10.RSTREGARSTREGU[0]
37070 RAMB36E1_PRIM u_soc_top.u_framebuffer_sram.memory.0.11.ADDRARDADDRL[0]
37071 RAMB36E1_PRIM u_soc_top.u_framebuffer_sram.memory.0.11.ADDRARDADDRL[1]
37072 RAMB36E1_PRIM u_soc_top.u_framebuffer_sram.memory.0.11.ADDRARDADDRL[2]
37073 RAMB36E1_PRIM u_soc_top.u_framebuffer_sram.memory.0.11.ADDRARDADDRL[3]
37074 RAMB36E1_PRIM u_soc_top.u_framebuffer_sram.memory.0.11.ADDRARDADDRL[4]
37075 RAMB36E1_PRIM u_soc_top.u_framebuffer_sram.memory.0.11.ADDRARDADDRL[15]
37076 RAMB36E1_PRIM u_soc_top.u_framebuffer_sram.memory.0.11.ADDRARDADDRU[0]
37077 RAMB36E1_PRIM u_soc_top.u_framebuffer_sram.memory.0.11.ADDRARDADDRU[1]
37078 RAMB36E1_PRIM u_soc_top.u_framebuffer_sram.memory.0.11.ADDRARDADDRU[2]
37079 RAMB36E1_PRIM u_soc_top.u_framebuffer_sram.memory.0.11.ADDRARDADDRU[3]
37080 RAMB36E1_PRIM u_soc_top.u_framebuffer_sram.memory.0.11.ADDRARDADDRU[4]
37081 RAMB36E1_PRIM u_soc_top.u_framebuffer_sram.memory.0.11.DIPADIP[0]
37082 RAMB36E1_PRIM u_soc_top.u_framebuffer_sram.memory.0.11.DIPADIP[1]
37083 RAMB36E1_PRIM u_soc_top.u_framebuffer_sram.memory.0.11.DIPADIP[2]
37084 RAMB36E1_PRIM u_soc_top.u_framebuffer_sram.memory.0.11.DIPADIP[3]
37085 RAMB36E1_PRIM u_soc_top.u_framebuffer_sram.memory.0.11.REGCEAREGCEL[0]
37086 RAMB36E1_PRIM u_soc_top.u_framebuffer_sram.memory.0.11.REGCEAREGCEU[0]
37087 RAMB36E1_PRIM u_soc_top.u_framebuffer_sram.memory.0.11.REGCLKARDRCLKL[0]
37088 RAMB36E1_PRIM u_soc_top.u_framebuffer_sram.memory.0.11.REGCLKARDRCLKU[0]
37089 RAMB36E1_PRIM u_soc_top.u_framebuffer_sram.memory.0.11.RSTRAMARSTRAMLRST[0]
37090 RAMB36E1_PRIM u_soc_top.u_framebuffer_sram.memory.0.11.RSTRAMARSTRAMU[0]
37091 RAMB36E1_PRIM u_soc_top.u_framebuffer_sram.memory.0.11.RSTREGARSTREGL[0]
37092 RAMB36E1_PRIM u_soc_top.u_framebuffer_sram.memory.0.11.RSTREGARSTREGU[0]
37093 RAMB36E1_PRIM u_soc_top.u_framebuffer_sram.memory.0.12.ADDRARDADDRL[0]
37094 RAMB36E1_PRIM u_soc_top.u_framebuffer_sram.memory.0.12.ADDRARDADDRL[1]
37095 RAMB36E1_PRIM u_soc_top.u_framebuffer_sram.memory.0.12.ADDRARDADDRL[2]
37096 RAMB36E1_PRIM u_soc_top.u_framebuffer_sram.memory.0.12.ADDRARDADDRL[3]
37097 RAMB36E1_PRIM u_soc_top.u_framebuffer_sram.memory.0.12.ADDRARDADDRL[4]
37098 RAMB36E1_PRIM u_soc_top.u_framebuffer_sram.memory.0.12.ADDRARDADDRL[15]
37099 RAMB36E1_PRIM u_soc_top.u_framebuffer_sram.memory.0.12.ADDRARDADDRU[0]
37100 RAMB36E1_PRIM u_soc_top.u_framebuffer_sram.memory.0.12.ADDRARDADDRU[1]
37101 RAMB36E1_PRIM u_soc_top.u_framebuffer_sram.memory.0.12.ADDRARDADDRU[2]
37102 RAMB36E1_PRIM u_soc_top.u_framebuffer_sram.memory.0.12.ADDRARDADDRU[3]
37103 RAMB36E1_PRIM u_soc_top.u_framebuffer_sram.memory.0.12.ADDRARDADDRU[4]
37104 RAMB36E1_PRIM u_soc_top.u_framebuffer_sram.memory.0.12.DIPADIP[0]
37105 RAMB36E1_PRIM u_soc_top.u_framebuffer_sram.memory.0.12.DIPADIP[1]
37106 RAMB36E1_PRIM u_soc_top.u_framebuffer_sram.memory.0.12.DIPADIP[2]
37107 RAMB36E1_PRIM u_soc_top.u_framebuffer_sram.memory.0.12.DIPADIP[3]
37108 RAMB36E1_PRIM u_soc_top.u_framebuffer_sram.memory.0.12.REGCEAREGCEL[0]
37109 RAMB36E1_PRIM u_soc_top.u_framebuffer_sram.memory.0.12.REGCEAREGCEU[0]
37110 RAMB36E1_PRIM u_soc_top.u_framebuffer_sram.memory.0.12.REGCLKARDRCLKL[0]
37111 RAMB36E1_PRIM u_soc_top.u_framebuffer_sram.memory.0.12.REGCLKARDRCLKU[0]
37112 RAMB36E1_PRIM u_soc_top.u_framebuffer_sram.memory.0.12.RSTRAMARSTRAMLRST[0]
37113 RAMB36E1_PRIM u_soc_top.u_framebuffer_sram.memory.0.12.RSTRAMARSTRAMU[0]
37114 RAMB36E1_PRIM u_soc_top.u_framebuffer_sram.memory.0.12.RSTREGARSTREGL[0]
37115 RAMB36E1_PRIM u_soc_top.u_framebuffer_sram.memory.0.12.RSTREGARSTREGU[0]
37116 RAMB36E1_PRIM u_soc_top.u_framebuffer_sram.memory.0.13.ADDRARDADDRL[0]
37117 RAMB36E1_PRIM u_soc_top.u_framebuffer_sram.memory.0.13.ADDRARDADDRL[1]
37118 RAMB36E1_PRIM u_soc_top.u_framebuffer_sram.memory.0.13.ADDRARDADDRL[2]
37119 RAMB36E1_PRIM u_soc_top.u_framebuffer_sram.memory.0.13.ADDRARDADDRL[3]
37120 RAMB36E1_PRIM u_soc_top.u_framebuffer_sram.memory.0.13.ADDRARDADDRL[4]
37121 RAMB36E1_PRIM u_soc_top.u_framebuffer_sram.memory.0.13.ADDRARDADDRL[15]
37122 RAMB36E1_PRIM u_soc_top.u_framebuffer_sram.memory.0.13.ADDRARDADDRU[0]
37123 RAMB36E1_PRIM u_soc_top.u_framebuffer_sram.memory.0.13.ADDRARDADDRU[1]
37124 RAMB36E1_PRIM u_soc_top.u_framebuffer_sram.memory.0.13.ADDRARDADDRU[2]
37125 RAMB36E1_PRIM u_soc_top.u_framebuffer_sram.memory.0.13.ADDRARDADDRU[3]
37126 RAMB36E1_PRIM u_soc_top.u_framebuffer_sram.memory.0.13.ADDRARDADDRU[4]
37127 RAMB36E1_PRIM u_soc_top.u_framebuffer_sram.memory.0.13.DIPADIP[0]
37128 RAMB36E1_PRIM u_soc_top.u_framebuffer_sram.memory.0.13.DIPADIP[1]
37129 RAMB36E1_PRIM u_soc_top.u_framebuffer_sram.memory.0.13.DIPADIP[2]
37130 RAMB36E1_PRIM u_soc_top.u_framebuffer_sram.memory.0.13.DIPADIP[3]
37131 RAMB36E1_PRIM u_soc_top.u_framebuffer_sram.memory.0.13.REGCEAREGCEL[0]
37132 RAMB36E1_PRIM u_soc_top.u_framebuffer_sram.memory.0.13.REGCEAREGCEU[0]
37133 RAMB36E1_PRIM u_soc_top.u_framebuffer_sram.memory.0.13.REGCLKARDRCLKL[0]
37134 RAMB36E1_PRIM u_soc_top.u_framebuffer_sram.memory.0.13.REGCLKARDRCLKU[0]
37135 RAMB36E1_PRIM u_soc_top.u_framebuffer_sram.memory.0.13.RSTRAMARSTRAMLRST[0]
37136 RAMB36E1_PRIM u_soc_top.u_framebuffer_sram.memory.0.13.RSTRAMARSTRAMU[0]
37137 RAMB36E1_PRIM u_soc_top.u_framebuffer_sram.memory.0.13.RSTREGARSTREGL[0]
37138 RAMB36E1_PRIM u_soc_top.u_framebuffer_sram.memory.0.13.RSTREGARSTREGU[0]
37139 RAMB36E1_PRIM u_soc_top.u_framebuffer_sram.memory.0.14.ADDRARDADDRL[0]
37140 RAMB36E1_PRIM u_soc_top.u_framebuffer_sram.memory.0.14.ADDRARDADDRL[1]
37141 RAMB36E1_PRIM u_soc_top.u_framebuffer_sram.memory.0.14.ADDRARDADDRL[2]
37142 RAMB36E1_PRIM u_soc_top.u_framebuffer_sram.memory.0.14.ADDRARDADDRL[3]
37143 RAMB36E1_PRIM u_soc_top.u_framebuffer_sram.memory.0.14.ADDRARDADDRL[4]
37144 RAMB36E1_PRIM u_soc_top.u_framebuffer_sram.memory.0.14.ADDRARDADDRL[15]
37145 RAMB36E1_PRIM u_soc_top.u_framebuffer_sram.memory.0.14.ADDRARDADDRU[0]
37146 RAMB36E1_PRIM u_soc_top.u_framebuffer_sram.memory.0.14.ADDRARDADDRU[1]
37147 RAMB36E1_PRIM u_soc_top.u_framebuffer_sram.memory.0.14.ADDRARDADDRU[2]
37148 RAMB36E1_PRIM u_soc_top.u_framebuffer_sram.memory.0.14.ADDRARDADDRU[3]
37149 RAMB36E1_PRIM u_soc_top.u_framebuffer_sram.memory.0.14.ADDRARDADDRU[4]
37150 RAMB36E1_PRIM u_soc_top.u_framebuffer_sram.memory.0.14.DIPADIP[0]
37151 RAMB36E1_PRIM u_soc_top.u_framebuffer_sram.memory.0.14.DIPADIP[1]
37152 RAMB36E1_PRIM u_soc_top.u_framebuffer_sram.memory.0.14.DIPADIP[2]
37153 RAMB36E1_PRIM u_soc_top.u_framebuffer_sram.memory.0.14.DIPADIP[3]
37154 RAMB36E1_PRIM u_soc_top.u_framebuffer_sram.memory.0.14.REGCEAREGCEL[0]
37155 RAMB36E1_PRIM u_soc_top.u_framebuffer_sram.memory.0.14.REGCEAREGCEU[0]
37156 RAMB36E1_PRIM u_soc_top.u_framebuffer_sram.memory.0.14.REGCLKARDRCLKL[0]
37157 RAMB36E1_PRIM u_soc_top.u_framebuffer_sram.memory.0.14.REGCLKARDRCLKU[0]
37158 RAMB36E1_PRIM u_soc_top.u_framebuffer_sram.memory.0.14.RSTRAMARSTRAMLRST[0]
37159 RAMB36E1_PRIM u_soc_top.u_framebuffer_sram.memory.0.14.RSTRAMARSTRAMU[0]
37160 RAMB36E1_PRIM u_soc_top.u_framebuffer_sram.memory.0.14.RSTREGARSTREGL[0]
37161 RAMB36E1_PRIM u_soc_top.u_framebuffer_sram.memory.0.14.RSTREGARSTREGU[0]
37162 RAMB36E1_PRIM u_soc_top.u_framebuffer_sram.memory.0.15.ADDRARDADDRL[0]
37163 RAMB36E1_PRIM u_soc_top.u_framebuffer_sram.memory.0.15.ADDRARDADDRL[1]
37164 RAMB36E1_PRIM u_soc_top.u_framebuffer_sram.memory.0.15.ADDRARDADDRL[2]
37165 RAMB36E1_PRIM u_soc_top.u_framebuffer_sram.memory.0.15.ADDRARDADDRL[3]
37166 RAMB36E1_PRIM u_soc_top.u_framebuffer_sram.memory.0.15.ADDRARDADDRL[4]
37167 RAMB36E1_PRIM u_soc_top.u_framebuffer_sram.memory.0.15.ADDRARDADDRL[15]
37168 RAMB36E1_PRIM u_soc_top.u_framebuffer_sram.memory.0.15.ADDRARDADDRU[0]
37169 RAMB36E1_PRIM u_soc_top.u_framebuffer_sram.memory.0.15.ADDRARDADDRU[1]
37170 RAMB36E1_PRIM u_soc_top.u_framebuffer_sram.memory.0.15.ADDRARDADDRU[2]
37171 RAMB36E1_PRIM u_soc_top.u_framebuffer_sram.memory.0.15.ADDRARDADDRU[3]
37172 RAMB36E1_PRIM u_soc_top.u_framebuffer_sram.memory.0.15.ADDRARDADDRU[4]
37173 RAMB36E1_PRIM u_soc_top.u_framebuffer_sram.memory.0.15.DIPADIP[0]
37174 RAMB36E1_PRIM u_soc_top.u_framebuffer_sram.memory.0.15.DIPADIP[1]
37175 RAMB36E1_PRIM u_soc_top.u_framebuffer_sram.memory.0.15.DIPADIP[2]
37176 RAMB36E1_PRIM u_soc_top.u_framebuffer_sram.memory.0.15.DIPADIP[3]
37177 RAMB36E1_PRIM u_soc_top.u_framebuffer_sram.memory.0.15.REGCEAREGCEL[0]
37178 RAMB36E1_PRIM u_soc_top.u_framebuffer_sram.memory.0.15.REGCEAREGCEU[0]
37179 RAMB36E1_PRIM u_soc_top.u_framebuffer_sram.memory.0.15.REGCLKARDRCLKL[0]
37180 RAMB36E1_PRIM u_soc_top.u_framebuffer_sram.memory.0.15.REGCLKARDRCLKU[0]
37181 RAMB36E1_PRIM u_soc_top.u_framebuffer_sram.memory.0.15.RSTRAMARSTRAMLRST[0]
37182 RAMB36E1_PRIM u_soc_top.u_framebuffer_sram.memory.0.15.RSTRAMARSTRAMU[0]
37183 RAMB36E1_PRIM u_soc_top.u_framebuffer_sram.memory.0.15.RSTREGARSTREGL[0]
37184 RAMB36E1_PRIM u_soc_top.u_framebuffer_sram.memory.0.15.RSTREGARSTREGU[0]
37185 RAMB36E1_PRIM u_soc_top.u_framebuffer_sram.memory.0.16.ADDRARDADDRL[0]
37186 RAMB36E1_PRIM u_soc_top.u_framebuffer_sram.memory.0.16.ADDRARDADDRL[1]
37187 RAMB36E1_PRIM u_soc_top.u_framebuffer_sram.memory.0.16.ADDRARDADDRL[2]
37188 RAMB36E1_PRIM u_soc_top.u_framebuffer_sram.memory.0.16.ADDRARDADDRL[3]
37189 RAMB36E1_PRIM u_soc_top.u_framebuffer_sram.memory.0.16.ADDRARDADDRL[4]
37190 RAMB36E1_PRIM u_soc_top.u_framebuffer_sram.memory.0.16.ADDRARDADDRL[15]
37191 RAMB36E1_PRIM u_soc_top.u_framebuffer_sram.memory.0.16.ADDRARDADDRU[0]
37192 RAMB36E1_PRIM u_soc_top.u_framebuffer_sram.memory.0.16.ADDRARDADDRU[1]
37193 RAMB36E1_PRIM u_soc_top.u_framebuffer_sram.memory.0.16.ADDRARDADDRU[2]
37194 RAMB36E1_PRIM u_soc_top.u_framebuffer_sram.memory.0.16.ADDRARDADDRU[3]
37195 RAMB36E1_PRIM u_soc_top.u_framebuffer_sram.memory.0.16.ADDRARDADDRU[4]
37196 RAMB36E1_PRIM u_soc_top.u_framebuffer_sram.memory.0.16.DIPADIP[0]
37197 RAMB36E1_PRIM u_soc_top.u_framebuffer_sram.memory.0.16.DIPADIP[1]
37198 RAMB36E1_PRIM u_soc_top.u_framebuffer_sram.memory.0.16.DIPADIP[2]
37199 RAMB36E1_PRIM u_soc_top.u_framebuffer_sram.memory.0.16.DIPADIP[3]
37200 RAMB36E1_PRIM u_soc_top.u_framebuffer_sram.memory.0.16.REGCEAREGCEL[0]
37201 RAMB36E1_PRIM u_soc_top.u_framebuffer_sram.memory.0.16.REGCEAREGCEU[0]
37202 RAMB36E1_PRIM u_soc_top.u_framebuffer_sram.memory.0.16.REGCLKARDRCLKL[0]
37203 RAMB36E1_PRIM u_soc_top.u_framebuffer_sram.memory.0.16.REGCLKARDRCLKU[0]
37204 RAMB36E1_PRIM u_soc_top.u_framebuffer_sram.memory.0.16.RSTRAMARSTRAMLRST[0]
37205 RAMB36E1_PRIM u_soc_top.u_framebuffer_sram.memory.0.16.RSTRAMARSTRAMU[0]
37206 RAMB36E1_PRIM u_soc_top.u_framebuffer_sram.memory.0.16.RSTREGARSTREGL[0]
37207 RAMB36E1_PRIM u_soc_top.u_framebuffer_sram.memory.0.16.RSTREGARSTREGU[0]
37208 RAMB36E1_PRIM u_soc_top.u_framebuffer_sram.memory.0.17.ADDRARDADDRL[0]
37209 RAMB36E1_PRIM u_soc_top.u_framebuffer_sram.memory.0.17.ADDRARDADDRL[1]
37210 RAMB36E1_PRIM u_soc_top.u_framebuffer_sram.memory.0.17.ADDRARDADDRL[2]
37211 RAMB36E1_PRIM u_soc_top.u_framebuffer_sram.memory.0.17.ADDRARDADDRL[3]
37212 RAMB36E1_PRIM u_soc_top.u_framebuffer_sram.memory.0.17.ADDRARDADDRL[4]
37213 RAMB36E1_PRIM u_soc_top.u_framebuffer_sram.memory.0.17.ADDRARDADDRL[15]
37214 RAMB36E1_PRIM u_soc_top.u_framebuffer_sram.memory.0.17.ADDRARDADDRU[0]
37215 RAMB36E1_PRIM u_soc_top.u_framebuffer_sram.memory.0.17.ADDRARDADDRU[1]
37216 RAMB36E1_PRIM u_soc_top.u_framebuffer_sram.memory.0.17.ADDRARDADDRU[2]
37217 RAMB36E1_PRIM u_soc_top.u_framebuffer_sram.memory.0.17.ADDRARDADDRU[3]
37218 RAMB36E1_PRIM u_soc_top.u_framebuffer_sram.memory.0.17.ADDRARDADDRU[4]
37219 RAMB36E1_PRIM u_soc_top.u_framebuffer_sram.memory.0.17.DIPADIP[0]
37220 RAMB36E1_PRIM u_soc_top.u_framebuffer_sram.memory.0.17.DIPADIP[1]
37221 RAMB36E1_PRIM u_soc_top.u_framebuffer_sram.memory.0.17.DIPADIP[2]
37222 RAMB36E1_PRIM u_soc_top.u_framebuffer_sram.memory.0.17.DIPADIP[3]
37223 RAMB36E1_PRIM u_soc_top.u_framebuffer_sram.memory.0.17.REGCEAREGCEL[0]
37224 RAMB36E1_PRIM u_soc_top.u_framebuffer_sram.memory.0.17.REGCEAREGCEU[0]
37225 RAMB36E1_PRIM u_soc_top.u_framebuffer_sram.memory.0.17.REGCLKARDRCLKL[0]
37226 RAMB36E1_PRIM u_soc_top.u_framebuffer_sram.memory.0.17.REGCLKARDRCLKU[0]
37227 RAMB36E1_PRIM u_soc_top.u_framebuffer_sram.memory.0.17.RSTRAMARSTRAMLRST[0]
37228 RAMB36E1_PRIM u_soc_top.u_framebuffer_sram.memory.0.17.RSTRAMARSTRAMU[0]
37229 RAMB36E1_PRIM u_soc_top.u_framebuffer_sram.memory.0.17.RSTREGARSTREGL[0]
37230 RAMB36E1_PRIM u_soc_top.u_framebuffer_sram.memory.0.17.RSTREGARSTREGU[0]
37231 RAMB36E1_PRIM u_soc_top.u_framebuffer_sram.memory.0.18.ADDRARDADDRL[0]
37232 RAMB36E1_PRIM u_soc_top.u_framebuffer_sram.memory.0.18.ADDRARDADDRL[1]
37233 RAMB36E1_PRIM u_soc_top.u_framebuffer_sram.memory.0.18.ADDRARDADDRL[2]
37234 RAMB36E1_PRIM u_soc_top.u_framebuffer_sram.memory.0.18.ADDRARDADDRL[3]
37235 RAMB36E1_PRIM u_soc_top.u_framebuffer_sram.memory.0.18.ADDRARDADDRL[4]
37236 RAMB36E1_PRIM u_soc_top.u_framebuffer_sram.memory.0.18.ADDRARDADDRL[15]
37237 RAMB36E1_PRIM u_soc_top.u_framebuffer_sram.memory.0.18.ADDRARDADDRU[0]
37238 RAMB36E1_PRIM u_soc_top.u_framebuffer_sram.memory.0.18.ADDRARDADDRU[1]
37239 RAMB36E1_PRIM u_soc_top.u_framebuffer_sram.memory.0.18.ADDRARDADDRU[2]
37240 RAMB36E1_PRIM u_soc_top.u_framebuffer_sram.memory.0.18.ADDRARDADDRU[3]
37241 RAMB36E1_PRIM u_soc_top.u_framebuffer_sram.memory.0.18.ADDRARDADDRU[4]
37242 RAMB36E1_PRIM u_soc_top.u_framebuffer_sram.memory.0.18.DIPADIP[0]
37243 RAMB36E1_PRIM u_soc_top.u_framebuffer_sram.memory.0.18.DIPADIP[1]
37244 RAMB36E1_PRIM u_soc_top.u_framebuffer_sram.memory.0.18.DIPADIP[2]
37245 RAMB36E1_PRIM u_soc_top.u_framebuffer_sram.memory.0.18.DIPADIP[3]
37246 RAMB36E1_PRIM u_soc_top.u_framebuffer_sram.memory.0.18.REGCEAREGCEL[0]
37247 RAMB36E1_PRIM u_soc_top.u_framebuffer_sram.memory.0.18.REGCEAREGCEU[0]
37248 RAMB36E1_PRIM u_soc_top.u_framebuffer_sram.memory.0.18.REGCLKARDRCLKL[0]
37249 RAMB36E1_PRIM u_soc_top.u_framebuffer_sram.memory.0.18.REGCLKARDRCLKU[0]
37250 RAMB36E1_PRIM u_soc_top.u_framebuffer_sram.memory.0.18.RSTRAMARSTRAMLRST[0]
37251 RAMB36E1_PRIM u_soc_top.u_framebuffer_sram.memory.0.18.RSTRAMARSTRAMU[0]
37252 RAMB36E1_PRIM u_soc_top.u_framebuffer_sram.memory.0.18.RSTREGARSTREGL[0]
37253 RAMB36E1_PRIM u_soc_top.u_framebuffer_sram.memory.0.18.RSTREGARSTREGU[0]
37254 RAMB36E1_PRIM u_soc_top.u_framebuffer_sram.memory.0.2.ADDRARDADDRL[0]
37255 RAMB36E1_PRIM u_soc_top.u_framebuffer_sram.memory.0.2.ADDRARDADDRL[1]
37256 RAMB36E1_PRIM u_soc_top.u_framebuffer_sram.memory.0.2.ADDRARDADDRL[2]
37257 RAMB36E1_PRIM u_soc_top.u_framebuffer_sram.memory.0.2.ADDRARDADDRL[3]
37258 RAMB36E1_PRIM u_soc_top.u_framebuffer_sram.memory.0.2.ADDRARDADDRL[4]
37259 RAMB36E1_PRIM u_soc_top.u_framebuffer_sram.memory.0.2.ADDRARDADDRL[15]
37260 RAMB36E1_PRIM u_soc_top.u_framebuffer_sram.memory.0.2.ADDRARDADDRU[0]
37261 RAMB36E1_PRIM u_soc_top.u_framebuffer_sram.memory.0.2.ADDRARDADDRU[1]
37262 RAMB36E1_PRIM u_soc_top.u_framebuffer_sram.memory.0.2.ADDRARDADDRU[2]
37263 RAMB36E1_PRIM u_soc_top.u_framebuffer_sram.memory.0.2.ADDRARDADDRU[3]
37264 RAMB36E1_PRIM u_soc_top.u_framebuffer_sram.memory.0.2.ADDRARDADDRU[4]
37265 RAMB36E1_PRIM u_soc_top.u_framebuffer_sram.memory.0.2.DIPADIP[0]
37266 RAMB36E1_PRIM u_soc_top.u_framebuffer_sram.memory.0.2.DIPADIP[1]
37267 RAMB36E1_PRIM u_soc_top.u_framebuffer_sram.memory.0.2.DIPADIP[2]
37268 RAMB36E1_PRIM u_soc_top.u_framebuffer_sram.memory.0.2.DIPADIP[3]
37269 RAMB36E1_PRIM u_soc_top.u_framebuffer_sram.memory.0.2.REGCEAREGCEL[0]
37270 RAMB36E1_PRIM u_soc_top.u_framebuffer_sram.memory.0.2.REGCEAREGCEU[0]
37271 RAMB36E1_PRIM u_soc_top.u_framebuffer_sram.memory.0.2.REGCLKARDRCLKL[0]
37272 RAMB36E1_PRIM u_soc_top.u_framebuffer_sram.memory.0.2.REGCLKARDRCLKU[0]
37273 RAMB36E1_PRIM u_soc_top.u_framebuffer_sram.memory.0.2.RSTRAMARSTRAMLRST[0]
37274 RAMB36E1_PRIM u_soc_top.u_framebuffer_sram.memory.0.2.RSTRAMARSTRAMU[0]
37275 RAMB36E1_PRIM u_soc_top.u_framebuffer_sram.memory.0.2.RSTREGARSTREGL[0]
37276 RAMB36E1_PRIM u_soc_top.u_framebuffer_sram.memory.0.2.RSTREGARSTREGU[0]
37277 RAMB36E1_PRIM u_soc_top.u_framebuffer_sram.memory.0.3.ADDRARDADDRL[0]
37278 RAMB36E1_PRIM u_soc_top.u_framebuffer_sram.memory.0.3.ADDRARDADDRL[1]
37279 RAMB36E1_PRIM u_soc_top.u_framebuffer_sram.memory.0.3.ADDRARDADDRL[2]
37280 RAMB36E1_PRIM u_soc_top.u_framebuffer_sram.memory.0.3.ADDRARDADDRL[3]
37281 RAMB36E1_PRIM u_soc_top.u_framebuffer_sram.memory.0.3.ADDRARDADDRL[4]
37282 RAMB36E1_PRIM u_soc_top.u_framebuffer_sram.memory.0.3.ADDRARDADDRL[15]
37283 RAMB36E1_PRIM u_soc_top.u_framebuffer_sram.memory.0.3.ADDRARDADDRU[0]
37284 RAMB36E1_PRIM u_soc_top.u_framebuffer_sram.memory.0.3.ADDRARDADDRU[1]
37285 RAMB36E1_PRIM u_soc_top.u_framebuffer_sram.memory.0.3.ADDRARDADDRU[2]
37286 RAMB36E1_PRIM u_soc_top.u_framebuffer_sram.memory.0.3.ADDRARDADDRU[3]
37287 RAMB36E1_PRIM u_soc_top.u_framebuffer_sram.memory.0.3.ADDRARDADDRU[4]
37288 RAMB36E1_PRIM u_soc_top.u_framebuffer_sram.memory.0.3.DIPADIP[0]
37289 RAMB36E1_PRIM u_soc_top.u_framebuffer_sram.memory.0.3.DIPADIP[1]
37290 RAMB36E1_PRIM u_soc_top.u_framebuffer_sram.memory.0.3.DIPADIP[2]
37291 RAMB36E1_PRIM u_soc_top.u_framebuffer_sram.memory.0.3.DIPADIP[3]
37292 RAMB36E1_PRIM u_soc_top.u_framebuffer_sram.memory.0.3.REGCEAREGCEL[0]
37293 RAMB36E1_PRIM u_soc_top.u_framebuffer_sram.memory.0.3.REGCEAREGCEU[0]
37294 RAMB36E1_PRIM u_soc_top.u_framebuffer_sram.memory.0.3.REGCLKARDRCLKL[0]
37295 RAMB36E1_PRIM u_soc_top.u_framebuffer_sram.memory.0.3.REGCLKARDRCLKU[0]
37296 RAMB36E1_PRIM u_soc_top.u_framebuffer_sram.memory.0.3.RSTRAMARSTRAMLRST[0]
37297 RAMB36E1_PRIM u_soc_top.u_framebuffer_sram.memory.0.3.RSTRAMARSTRAMU[0]
37298 RAMB36E1_PRIM u_soc_top.u_framebuffer_sram.memory.0.3.RSTREGARSTREGL[0]
37299 RAMB36E1_PRIM u_soc_top.u_framebuffer_sram.memory.0.3.RSTREGARSTREGU[0]
37300 RAMB36E1_PRIM u_soc_top.u_framebuffer_sram.memory.0.4.ADDRARDADDRL[0]
37301 RAMB36E1_PRIM u_soc_top.u_framebuffer_sram.memory.0.4.ADDRARDADDRL[1]
37302 RAMB36E1_PRIM u_soc_top.u_framebuffer_sram.memory.0.4.ADDRARDADDRL[2]
37303 RAMB36E1_PRIM u_soc_top.u_framebuffer_sram.memory.0.4.ADDRARDADDRL[3]
37304 RAMB36E1_PRIM u_soc_top.u_framebuffer_sram.memory.0.4.ADDRARDADDRL[4]
37305 RAMB36E1_PRIM u_soc_top.u_framebuffer_sram.memory.0.4.ADDRARDADDRL[15]
37306 RAMB36E1_PRIM u_soc_top.u_framebuffer_sram.memory.0.4.ADDRARDADDRU[0]
37307 RAMB36E1_PRIM u_soc_top.u_framebuffer_sram.memory.0.4.ADDRARDADDRU[1]
37308 RAMB36E1_PRIM u_soc_top.u_framebuffer_sram.memory.0.4.ADDRARDADDRU[2]
37309 RAMB36E1_PRIM u_soc_top.u_framebuffer_sram.memory.0.4.ADDRARDADDRU[3]
37310 RAMB36E1_PRIM u_soc_top.u_framebuffer_sram.memory.0.4.ADDRARDADDRU[4]
37311 RAMB36E1_PRIM u_soc_top.u_framebuffer_sram.memory.0.4.DIPADIP[0]
37312 RAMB36E1_PRIM u_soc_top.u_framebuffer_sram.memory.0.4.DIPADIP[1]
37313 RAMB36E1_PRIM u_soc_top.u_framebuffer_sram.memory.0.4.DIPADIP[2]
37314 RAMB36E1_PRIM u_soc_top.u_framebuffer_sram.memory.0.4.DIPADIP[3]
37315 RAMB36E1_PRIM u_soc_top.u_framebuffer_sram.memory.0.4.REGCEAREGCEL[0]
37316 RAMB36E1_PRIM u_soc_top.u_framebuffer_sram.memory.0.4.REGCEAREGCEU[0]
37317 RAMB36E1_PRIM u_soc_top.u_framebuffer_sram.memory.0.4.REGCLKARDRCLKL[0]
37318 RAMB36E1_PRIM u_soc_top.u_framebuffer_sram.memory.0.4.REGCLKARDRCLKU[0]
37319 RAMB36E1_PRIM u_soc_top.u_framebuffer_sram.memory.0.4.RSTRAMARSTRAMLRST[0]
37320 RAMB36E1_PRIM u_soc_top.u_framebuffer_sram.memory.0.4.RSTRAMARSTRAMU[0]
37321 RAMB36E1_PRIM u_soc_top.u_framebuffer_sram.memory.0.4.RSTREGARSTREGL[0]
37322 RAMB36E1_PRIM u_soc_top.u_framebuffer_sram.memory.0.4.RSTREGARSTREGU[0]
37323 RAMB36E1_PRIM u_soc_top.u_framebuffer_sram.memory.0.5.ADDRARDADDRL[0]
37324 RAMB36E1_PRIM u_soc_top.u_framebuffer_sram.memory.0.5.ADDRARDADDRL[1]
37325 RAMB36E1_PRIM u_soc_top.u_framebuffer_sram.memory.0.5.ADDRARDADDRL[2]
37326 RAMB36E1_PRIM u_soc_top.u_framebuffer_sram.memory.0.5.ADDRARDADDRL[3]
37327 RAMB36E1_PRIM u_soc_top.u_framebuffer_sram.memory.0.5.ADDRARDADDRL[4]
37328 RAMB36E1_PRIM u_soc_top.u_framebuffer_sram.memory.0.5.ADDRARDADDRL[15]
37329 RAMB36E1_PRIM u_soc_top.u_framebuffer_sram.memory.0.5.ADDRARDADDRU[0]
37330 RAMB36E1_PRIM u_soc_top.u_framebuffer_sram.memory.0.5.ADDRARDADDRU[1]
37331 RAMB36E1_PRIM u_soc_top.u_framebuffer_sram.memory.0.5.ADDRARDADDRU[2]
37332 RAMB36E1_PRIM u_soc_top.u_framebuffer_sram.memory.0.5.ADDRARDADDRU[3]
37333 RAMB36E1_PRIM u_soc_top.u_framebuffer_sram.memory.0.5.ADDRARDADDRU[4]
37334 RAMB36E1_PRIM u_soc_top.u_framebuffer_sram.memory.0.5.DIPADIP[0]
37335 RAMB36E1_PRIM u_soc_top.u_framebuffer_sram.memory.0.5.DIPADIP[1]
37336 RAMB36E1_PRIM u_soc_top.u_framebuffer_sram.memory.0.5.DIPADIP[2]
37337 RAMB36E1_PRIM u_soc_top.u_framebuffer_sram.memory.0.5.DIPADIP[3]
37338 RAMB36E1_PRIM u_soc_top.u_framebuffer_sram.memory.0.5.REGCEAREGCEL[0]
37339 RAMB36E1_PRIM u_soc_top.u_framebuffer_sram.memory.0.5.REGCEAREGCEU[0]
37340 RAMB36E1_PRIM u_soc_top.u_framebuffer_sram.memory.0.5.REGCLKARDRCLKL[0]
37341 RAMB36E1_PRIM u_soc_top.u_framebuffer_sram.memory.0.5.REGCLKARDRCLKU[0]
37342 RAMB36E1_PRIM u_soc_top.u_framebuffer_sram.memory.0.5.RSTRAMARSTRAMLRST[0]
37343 RAMB36E1_PRIM u_soc_top.u_framebuffer_sram.memory.0.5.RSTRAMARSTRAMU[0]
37344 RAMB36E1_PRIM u_soc_top.u_framebuffer_sram.memory.0.5.RSTREGARSTREGL[0]
37345 RAMB36E1_PRIM u_soc_top.u_framebuffer_sram.memory.0.5.RSTREGARSTREGU[0]
37346 RAMB36E1_PRIM u_soc_top.u_framebuffer_sram.memory.0.6.ADDRARDADDRL[0]
37347 RAMB36E1_PRIM u_soc_top.u_framebuffer_sram.memory.0.6.ADDRARDADDRL[1]
37348 RAMB36E1_PRIM u_soc_top.u_framebuffer_sram.memory.0.6.ADDRARDADDRL[2]
37349 RAMB36E1_PRIM u_soc_top.u_framebuffer_sram.memory.0.6.ADDRARDADDRL[3]
37350 RAMB36E1_PRIM u_soc_top.u_framebuffer_sram.memory.0.6.ADDRARDADDRL[4]
37351 RAMB36E1_PRIM u_soc_top.u_framebuffer_sram.memory.0.6.ADDRARDADDRL[15]
37352 RAMB36E1_PRIM u_soc_top.u_framebuffer_sram.memory.0.6.ADDRARDADDRU[0]
37353 RAMB36E1_PRIM u_soc_top.u_framebuffer_sram.memory.0.6.ADDRARDADDRU[1]
37354 RAMB36E1_PRIM u_soc_top.u_framebuffer_sram.memory.0.6.ADDRARDADDRU[2]
37355 RAMB36E1_PRIM u_soc_top.u_framebuffer_sram.memory.0.6.ADDRARDADDRU[3]
37356 RAMB36E1_PRIM u_soc_top.u_framebuffer_sram.memory.0.6.ADDRARDADDRU[4]
37357 RAMB36E1_PRIM u_soc_top.u_framebuffer_sram.memory.0.6.DIPADIP[0]
37358 RAMB36E1_PRIM u_soc_top.u_framebuffer_sram.memory.0.6.DIPADIP[1]
37359 RAMB36E1_PRIM u_soc_top.u_framebuffer_sram.memory.0.6.DIPADIP[2]
37360 RAMB36E1_PRIM u_soc_top.u_framebuffer_sram.memory.0.6.DIPADIP[3]
37361 RAMB36E1_PRIM u_soc_top.u_framebuffer_sram.memory.0.6.REGCEAREGCEL[0]
37362 RAMB36E1_PRIM u_soc_top.u_framebuffer_sram.memory.0.6.REGCEAREGCEU[0]
37363 RAMB36E1_PRIM u_soc_top.u_framebuffer_sram.memory.0.6.REGCLKARDRCLKL[0]
37364 RAMB36E1_PRIM u_soc_top.u_framebuffer_sram.memory.0.6.REGCLKARDRCLKU[0]
37365 RAMB36E1_PRIM u_soc_top.u_framebuffer_sram.memory.0.6.RSTRAMARSTRAMLRST[0]
37366 RAMB36E1_PRIM u_soc_top.u_framebuffer_sram.memory.0.6.RSTRAMARSTRAMU[0]
37367 RAMB36E1_PRIM u_soc_top.u_framebuffer_sram.memory.0.6.RSTREGARSTREGL[0]
37368 RAMB36E1_PRIM u_soc_top.u_framebuffer_sram.memory.0.6.RSTREGARSTREGU[0]
37369 RAMB36E1_PRIM u_soc_top.u_framebuffer_sram.memory.0.7.ADDRARDADDRL[0]
37370 RAMB36E1_PRIM u_soc_top.u_framebuffer_sram.memory.0.7.ADDRARDADDRL[1]
37371 RAMB36E1_PRIM u_soc_top.u_framebuffer_sram.memory.0.7.ADDRARDADDRL[2]
37372 RAMB36E1_PRIM u_soc_top.u_framebuffer_sram.memory.0.7.ADDRARDADDRL[3]
37373 RAMB36E1_PRIM u_soc_top.u_framebuffer_sram.memory.0.7.ADDRARDADDRL[4]
37374 RAMB36E1_PRIM u_soc_top.u_framebuffer_sram.memory.0.7.ADDRARDADDRL[15]
37375 RAMB36E1_PRIM u_soc_top.u_framebuffer_sram.memory.0.7.ADDRARDADDRU[0]
37376 RAMB36E1_PRIM u_soc_top.u_framebuffer_sram.memory.0.7.ADDRARDADDRU[1]
37377 RAMB36E1_PRIM u_soc_top.u_framebuffer_sram.memory.0.7.ADDRARDADDRU[2]
37378 RAMB36E1_PRIM u_soc_top.u_framebuffer_sram.memory.0.7.ADDRARDADDRU[3]
37379 RAMB36E1_PRIM u_soc_top.u_framebuffer_sram.memory.0.7.ADDRARDADDRU[4]
37380 RAMB36E1_PRIM u_soc_top.u_framebuffer_sram.memory.0.7.DIPADIP[0]
37381 RAMB36E1_PRIM u_soc_top.u_framebuffer_sram.memory.0.7.DIPADIP[1]
37382 RAMB36E1_PRIM u_soc_top.u_framebuffer_sram.memory.0.7.DIPADIP[2]
37383 RAMB36E1_PRIM u_soc_top.u_framebuffer_sram.memory.0.7.DIPADIP[3]
37384 RAMB36E1_PRIM u_soc_top.u_framebuffer_sram.memory.0.7.REGCEAREGCEL[0]
37385 RAMB36E1_PRIM u_soc_top.u_framebuffer_sram.memory.0.7.REGCEAREGCEU[0]
37386 RAMB36E1_PRIM u_soc_top.u_framebuffer_sram.memory.0.7.REGCLKARDRCLKL[0]
37387 RAMB36E1_PRIM u_soc_top.u_framebuffer_sram.memory.0.7.REGCLKARDRCLKU[0]
37388 RAMB36E1_PRIM u_soc_top.u_framebuffer_sram.memory.0.7.RSTRAMARSTRAMLRST[0]
37389 RAMB36E1_PRIM u_soc_top.u_framebuffer_sram.memory.0.7.RSTRAMARSTRAMU[0]
37390 RAMB36E1_PRIM u_soc_top.u_framebuffer_sram.memory.0.7.RSTREGARSTREGL[0]
37391 RAMB36E1_PRIM u_soc_top.u_framebuffer_sram.memory.0.7.RSTREGARSTREGU[0]
37392 RAMB36E1_PRIM u_soc_top.u_framebuffer_sram.memory.0.8.ADDRARDADDRL[0]
37393 RAMB36E1_PRIM u_soc_top.u_framebuffer_sram.memory.0.8.ADDRARDADDRL[1]
37394 RAMB36E1_PRIM u_soc_top.u_framebuffer_sram.memory.0.8.ADDRARDADDRL[2]
37395 RAMB36E1_PRIM u_soc_top.u_framebuffer_sram.memory.0.8.ADDRARDADDRL[3]
37396 RAMB36E1_PRIM u_soc_top.u_framebuffer_sram.memory.0.8.ADDRARDADDRL[4]
37397 RAMB36E1_PRIM u_soc_top.u_framebuffer_sram.memory.0.8.ADDRARDADDRL[15]
37398 RAMB36E1_PRIM u_soc_top.u_framebuffer_sram.memory.0.8.ADDRARDADDRU[0]
37399 RAMB36E1_PRIM u_soc_top.u_framebuffer_sram.memory.0.8.ADDRARDADDRU[1]
37400 RAMB36E1_PRIM u_soc_top.u_framebuffer_sram.memory.0.8.ADDRARDADDRU[2]
37401 RAMB36E1_PRIM u_soc_top.u_framebuffer_sram.memory.0.8.ADDRARDADDRU[3]
37402 RAMB36E1_PRIM u_soc_top.u_framebuffer_sram.memory.0.8.ADDRARDADDRU[4]
37403 RAMB36E1_PRIM u_soc_top.u_framebuffer_sram.memory.0.8.DIPADIP[0]
37404 RAMB36E1_PRIM u_soc_top.u_framebuffer_sram.memory.0.8.DIPADIP[1]
37405 RAMB36E1_PRIM u_soc_top.u_framebuffer_sram.memory.0.8.DIPADIP[2]
37406 RAMB36E1_PRIM u_soc_top.u_framebuffer_sram.memory.0.8.DIPADIP[3]
37407 RAMB36E1_PRIM u_soc_top.u_framebuffer_sram.memory.0.8.REGCEAREGCEL[0]
37408 RAMB36E1_PRIM u_soc_top.u_framebuffer_sram.memory.0.8.REGCEAREGCEU[0]
37409 RAMB36E1_PRIM u_soc_top.u_framebuffer_sram.memory.0.8.REGCLKARDRCLKL[0]
37410 RAMB36E1_PRIM u_soc_top.u_framebuffer_sram.memory.0.8.REGCLKARDRCLKU[0]
37411 RAMB36E1_PRIM u_soc_top.u_framebuffer_sram.memory.0.8.RSTRAMARSTRAMLRST[0]
37412 RAMB36E1_PRIM u_soc_top.u_framebuffer_sram.memory.0.8.RSTRAMARSTRAMU[0]
37413 RAMB36E1_PRIM u_soc_top.u_framebuffer_sram.memory.0.8.RSTREGARSTREGL[0]
37414 RAMB36E1_PRIM u_soc_top.u_framebuffer_sram.memory.0.8.RSTREGARSTREGU[0]
37415 RAMB36E1_PRIM u_soc_top.u_framebuffer_sram.memory.0.9.ADDRARDADDRL[0]
37416 RAMB36E1_PRIM u_soc_top.u_framebuffer_sram.memory.0.9.ADDRARDADDRL[1]
37417 RAMB36E1_PRIM u_soc_top.u_framebuffer_sram.memory.0.9.ADDRARDADDRL[2]
37418 RAMB36E1_PRIM u_soc_top.u_framebuffer_sram.memory.0.9.ADDRARDADDRL[3]
37419 RAMB36E1_PRIM u_soc_top.u_framebuffer_sram.memory.0.9.ADDRARDADDRL[4]
37420 RAMB36E1_PRIM u_soc_top.u_framebuffer_sram.memory.0.9.ADDRARDADDRL[15]
37421 RAMB36E1_PRIM u_soc_top.u_framebuffer_sram.memory.0.9.ADDRARDADDRU[0]
37422 RAMB36E1_PRIM u_soc_top.u_framebuffer_sram.memory.0.9.ADDRARDADDRU[1]
37423 RAMB36E1_PRIM u_soc_top.u_framebuffer_sram.memory.0.9.ADDRARDADDRU[2]
37424 RAMB36E1_PRIM u_soc_top.u_framebuffer_sram.memory.0.9.ADDRARDADDRU[3]
37425 RAMB36E1_PRIM u_soc_top.u_framebuffer_sram.memory.0.9.ADDRARDADDRU[4]
37426 RAMB36E1_PRIM u_soc_top.u_framebuffer_sram.memory.0.9.DIPADIP[0]
37427 RAMB36E1_PRIM u_soc_top.u_framebuffer_sram.memory.0.9.DIPADIP[1]
37428 RAMB36E1_PRIM u_soc_top.u_framebuffer_sram.memory.0.9.DIPADIP[2]
37429 RAMB36E1_PRIM u_soc_top.u_framebuffer_sram.memory.0.9.DIPADIP[3]
37430 RAMB36E1_PRIM u_soc_top.u_framebuffer_sram.memory.0.9.REGCEAREGCEL[0]
37431 RAMB36E1_PRIM u_soc_top.u_framebuffer_sram.memory.0.9.REGCEAREGCEU[0]
37432 RAMB36E1_PRIM u_soc_top.u_framebuffer_sram.memory.0.9.REGCLKARDRCLKL[0]
37433 RAMB36E1_PRIM u_soc_top.u_framebuffer_sram.memory.0.9.REGCLKARDRCLKU[0]
37434 RAMB36E1_PRIM u_soc_top.u_framebuffer_sram.memory.0.9.RSTRAMARSTRAMLRST[0]
37435 RAMB36E1_PRIM u_soc_top.u_framebuffer_sram.memory.0.9.RSTRAMARSTRAMU[0]
37436 RAMB36E1_PRIM u_soc_top.u_framebuffer_sram.memory.0.9.RSTREGARSTREGL[0]
37437 RAMB36E1_PRIM u_soc_top.u_framebuffer_sram.memory.0.9.RSTREGARSTREGU[0]
37441 FDPE_ZINI $auto$ff.cc:266:slice$12286.PRE[0]
37442 FDPE_ZINI $auto$ff.cc:266:slice$12287.PRE[0]
37443 FDPE_ZINI $auto$ff.cc:266:slice$12288.PRE[0]
37444 FDCE_ZINI $auto$ff.cc:266:slice$12289.CLR[0]
37445 FDCE_ZINI $auto$ff.cc:266:slice$12290.CLR[0]
37446 FDCE_ZINI $auto$ff.cc:266:slice$12291.CLR[0]
37447 FDCE_ZINI $auto$ff.cc:266:slice$17055.CLR[0]
37448 FDPE_ZINI $auto$ff.cc:266:slice$12287.D[0]
37449 FDPE_ZINI $auto$ff.cc:266:slice$12288.D[0]
37450 FDCE_ZINI $auto$ff.cc:266:slice$12283.CLR[0]
37451 FDCE_ZINI $auto$ff.cc:266:slice$12285.CLR[0]
37452 FDRE_ZINI $auto$ff.cc:266:slice$12292.R[0]
37453 FDRE_ZINI $auto$ff.cc:266:slice$12293.R[0]
37454 FDRE_ZINI $auto$ff.cc:266:slice$12294.R[0]
37455 FDRE_ZINI $auto$ff.cc:266:slice$12295.R[0]
37456 FDRE_ZINI $auto$ff.cc:266:slice$12296.R[0]
37457 FDRE_ZINI $auto$ff.cc:266:slice$12297.R[0]
37458 FDRE_ZINI $auto$ff.cc:266:slice$12298.R[0]
37459 FDRE_ZINI $auto$ff.cc:266:slice$12299.R[0]
37460 FDRE_ZINI $auto$ff.cc:266:slice$12300.R[0]
37461 FDRE_ZINI $auto$ff.cc:266:slice$12301.R[0]
37462 FDRE_ZINI $auto$ff.cc:266:slice$12302.R[0]
37463 FDRE_ZINI $auto$ff.cc:266:slice$12303.R[0]
37464 FDRE_ZINI $auto$ff.cc:266:slice$12304.R[0]
37465 FDRE_ZINI $auto$ff.cc:266:slice$12305.R[0]
37466 FDRE_ZINI $auto$ff.cc:266:slice$12306.R[0]
37467 FDRE_ZINI $auto$ff.cc:266:slice$12307.R[0]
37468 FDRE_ZINI $auto$ff.cc:266:slice$12308.R[0]
37469 FDRE_ZINI $auto$ff.cc:266:slice$12309.R[0]
37470 FDRE_ZINI $auto$ff.cc:266:slice$12310.R[0]
37471 FDRE_ZINI $auto$ff.cc:266:slice$12311.R[0]
37472 FDRE_ZINI $auto$ff.cc:266:slice$12312.R[0]
37473 FDRE_ZINI $auto$ff.cc:266:slice$12313.R[0]
37474 FDRE_ZINI $auto$ff.cc:266:slice$12314.R[0]
37475 FDRE_ZINI $auto$ff.cc:266:slice$12315.R[0]
37476 FDCE_ZINI $auto$ff.cc:266:slice$12976.CLR[0]
37477 FDCE_ZINI $auto$ff.cc:266:slice$12977.CLR[0]
37478 FDCE_ZINI $auto$ff.cc:266:slice$13085.CLR[0]
37479 FDCE_ZINI $auto$ff.cc:266:slice$13086.CLR[0]
37480 FDCE_ZINI $auto$ff.cc:266:slice$13087.CLR[0]
37481 FDCE_ZINI $auto$ff.cc:266:slice$13088.CLR[0]
37482 FDCE_ZINI $auto$ff.cc:266:slice$13089.CLR[0]
37483 FDPE_ZINI $auto$ff.cc:266:slice$13090.PRE[0]
37484 FDPE_ZINI $auto$ff.cc:266:slice$13091.PRE[0]
37485 FDPE_ZINI $auto$ff.cc:266:slice$13092.PRE[0]
37486 FDPE_ZINI $auto$ff.cc:266:slice$13098.PRE[0]
37487 FDCE_ZINI $auto$ff.cc:266:slice$13099.CLR[0]
37488 FDCE_ZINI $auto$ff.cc:266:slice$13100.CLR[0]
37489 FDCE_ZINI $auto$ff.cc:266:slice$13101.CLR[0]
37490 FDCE_ZINI $auto$ff.cc:266:slice$13102.CLR[0]
37491 FDCE_ZINI $auto$ff.cc:266:slice$13635.CLR[0]
37492 FDCE_ZINI $auto$ff.cc:266:slice$13636.CLR[0]
37493 FDCE_ZINI $auto$ff.cc:266:slice$13637.CLR[0]
37494 FDCE_ZINI $auto$ff.cc:266:slice$13638.CLR[0]
37495 FDCE_ZINI $auto$ff.cc:266:slice$13639.CLR[0]
37496 FDCE_ZINI $auto$ff.cc:266:slice$13640.CLR[0]
37497 FDCE_ZINI $auto$ff.cc:266:slice$13641.CLR[0]
37498 FDCE_ZINI $auto$ff.cc:266:slice$13642.CLR[0]
37499 FDCE_ZINI $auto$ff.cc:266:slice$13650.CLR[0]
37500 FDCE_ZINI $auto$ff.cc:266:slice$13651.CLR[0]
37501 FDCE_ZINI $auto$ff.cc:266:slice$13652.CLR[0]
37502 FDCE_ZINI $auto$ff.cc:266:slice$13653.CLR[0]
37503 FDCE_ZINI $auto$ff.cc:266:slice$13654.CLR[0]
37504 FDCE_ZINI $auto$ff.cc:266:slice$13655.CLR[0]
37505 FDCE_ZINI $auto$ff.cc:266:slice$13656.CLR[0]
37506 FDCE_ZINI $auto$ff.cc:266:slice$13657.CLR[0]
37507 FDCE_ZINI $auto$ff.cc:266:slice$13665.CLR[0]
37508 FDCE_ZINI $auto$ff.cc:266:slice$13666.CLR[0]
37509 FDCE_ZINI $auto$ff.cc:266:slice$13667.CLR[0]
37510 FDCE_ZINI $auto$ff.cc:266:slice$13668.CLR[0]
37511 FDCE_ZINI $auto$ff.cc:266:slice$13669.CLR[0]
37512 FDCE_ZINI $auto$ff.cc:266:slice$13670.CLR[0]
37513 FDCE_ZINI $auto$ff.cc:266:slice$13671.CLR[0]
37514 FDCE_ZINI $auto$ff.cc:266:slice$13672.CLR[0]
37515 FDPE_ZINI $auto$ff.cc:266:slice$13691.PRE[0]
37516 FDCE_ZINI $auto$ff.cc:266:slice$13692.CLR[0]
37517 FDCE_ZINI $auto$ff.cc:266:slice$13693.CLR[0]
37518 FDCE_ZINI $auto$ff.cc:266:slice$13694.CLR[0]
37519 FDCE_ZINI $auto$ff.cc:266:slice$13695.CLR[0]
37520 FDCE_ZINI $auto$ff.cc:266:slice$13696.CLR[0]
37521 FDCE_ZINI $auto$ff.cc:266:slice$13697.CLR[0]
37522 FDCE_ZINI $auto$ff.cc:266:slice$13698.CLR[0]
37523 FDPE_ZINI $auto$ff.cc:266:slice$13791.PRE[0]
37524 FDCE_ZINI $auto$ff.cc:266:slice$13792.CLR[0]
37525 FDCE_ZINI $auto$ff.cc:266:slice$13793.CLR[0]
37526 FDPE_ZINI $auto$ff.cc:266:slice$13842.PRE[0]
37527 FDCE_ZINI $auto$ff.cc:266:slice$13843.CLR[0]
37528 FDCE_ZINI $auto$ff.cc:266:slice$13844.CLR[0]
37529 FDCE_ZINI $auto$ff.cc:266:slice$13845.CLR[0]
37530 FDPE_ZINI $auto$ff.cc:266:slice$13926.PRE[0]
37531 FDPE_ZINI $auto$ff.cc:266:slice$13927.PRE[0]
37532 FDCE_ZINI $auto$ff.cc:266:slice$13928.CLR[0]
37533 FDCE_ZINI $auto$ff.cc:266:slice$13929.CLR[0]
37534 FDCE_ZINI $auto$ff.cc:266:slice$13930.CLR[0]
37535 FDCE_ZINI $auto$ff.cc:266:slice$13931.CLR[0]
37536 FDCE_ZINI $auto$ff.cc:266:slice$13932.CLR[0]
37537 FDCE_ZINI $auto$ff.cc:266:slice$13933.CLR[0]
37538 FDCE_ZINI $auto$ff.cc:266:slice$13934.CLR[0]
37539 FDCE_ZINI $auto$ff.cc:266:slice$13935.CLR[0]
37540 FDCE_ZINI $auto$ff.cc:266:slice$13936.CLR[0]
37541 FDCE_ZINI $auto$ff.cc:266:slice$13937.CLR[0]
37542 FDCE_ZINI $auto$ff.cc:266:slice$13938.CLR[0]
37543 FDCE_ZINI $auto$ff.cc:266:slice$13939.CLR[0]
37544 FDCE_ZINI $auto$ff.cc:266:slice$13940.CLR[0]
37545 FDCE_ZINI $auto$ff.cc:266:slice$13941.CLR[0]
37546 FDCE_ZINI $auto$ff.cc:266:slice$13942.CLR[0]
37547 FDCE_ZINI $auto$ff.cc:266:slice$13943.CLR[0]
37548 FDCE_ZINI $auto$ff.cc:266:slice$14048.CLR[0]
37549 FDCE_ZINI $auto$ff.cc:266:slice$14071.CLR[0]
37550 FDCE_ZINI $auto$ff.cc:266:slice$14905.CLR[0]
37551 FDPE_ZINI $auto$ff.cc:266:slice$14906.PRE[0]
37552 FDCE_ZINI $auto$ff.cc:266:slice$14907.CLR[0]
37553 FDCE_ZINI $auto$ff.cc:266:slice$14908.CLR[0]
37554 FDCE_ZINI $auto$ff.cc:266:slice$14909.CLR[0]
37555 FDCE_ZINI $auto$ff.cc:266:slice$14910.CLR[0]
37556 FDCE_ZINI $auto$ff.cc:266:slice$14911.CLR[0]
37557 FDCE_ZINI $auto$ff.cc:266:slice$14912.CLR[0]
37558 FDCE_ZINI $auto$ff.cc:266:slice$15239.CLR[0]
37559 FDCE_ZINI $auto$ff.cc:266:slice$15240.CLR[0]
37560 FDCE_ZINI $auto$ff.cc:266:slice$15241.CLR[0]
37561 FDCE_ZINI $auto$ff.cc:266:slice$15242.CLR[0]
37562 FDCE_ZINI $auto$ff.cc:266:slice$15243.CLR[0]
37563 FDCE_ZINI $auto$ff.cc:266:slice$15244.CLR[0]
37564 FDCE_ZINI $auto$ff.cc:266:slice$15245.CLR[0]
37565 FDCE_ZINI $auto$ff.cc:266:slice$15246.CLR[0]
37566 FDCE_ZINI $auto$ff.cc:266:slice$15247.CLR[0]
37567 FDCE_ZINI $auto$ff.cc:266:slice$15248.CLR[0]
37568 FDCE_ZINI $auto$ff.cc:266:slice$15249.CLR[0]
37569 FDCE_ZINI $auto$ff.cc:266:slice$15250.CLR[0]
37570 FDCE_ZINI $auto$ff.cc:266:slice$15251.CLR[0]
37571 FDCE_ZINI $auto$ff.cc:266:slice$15252.CLR[0]
37572 FDCE_ZINI $auto$ff.cc:266:slice$15253.CLR[0]
37573 FDCE_ZINI $auto$ff.cc:266:slice$15254.CLR[0]
37574 FDPE_ZINI $auto$ff.cc:266:slice$15255.PRE[0]
37575 FDCE_ZINI $auto$ff.cc:266:slice$15256.CLR[0]
37576 FDCE_ZINI $auto$ff.cc:266:slice$15257.CLR[0]
37577 FDCE_ZINI $auto$ff.cc:266:slice$15258.CLR[0]
37578 FDCE_ZINI $auto$ff.cc:266:slice$15259.CLR[0]
37579 FDCE_ZINI $auto$ff.cc:266:slice$15260.CLR[0]
37580 FDCE_ZINI $auto$ff.cc:266:slice$15261.CLR[0]
37581 FDCE_ZINI $auto$ff.cc:266:slice$15262.CLR[0]
37582 FDCE_ZINI $auto$ff.cc:266:slice$15263.CLR[0]
37583 FDCE_ZINI $auto$ff.cc:266:slice$15264.CLR[0]
37584 FDCE_ZINI $auto$ff.cc:266:slice$15265.CLR[0]
37585 FDCE_ZINI $auto$ff.cc:266:slice$15266.CLR[0]
37586 FDCE_ZINI $auto$ff.cc:266:slice$15267.CLR[0]
37587 FDCE_ZINI $auto$ff.cc:266:slice$15268.CLR[0]
37588 FDCE_ZINI $auto$ff.cc:266:slice$15269.CLR[0]
37589 FDCE_ZINI $auto$ff.cc:266:slice$15270.CLR[0]
37590 FDCE_ZINI $auto$ff.cc:266:slice$15271.CLR[0]
37591 FDCE_ZINI $auto$ff.cc:266:slice$15272.CLR[0]
37592 FDCE_ZINI $auto$ff.cc:266:slice$15273.CLR[0]
37593 FDCE_ZINI $auto$ff.cc:266:slice$15274.CLR[0]
37594 FDCE_ZINI $auto$ff.cc:266:slice$15275.CLR[0]
37595 FDCE_ZINI $auto$ff.cc:266:slice$15276.CLR[0]
37596 FDCE_ZINI $auto$ff.cc:266:slice$15277.CLR[0]
37597 FDCE_ZINI $auto$ff.cc:266:slice$15278.CLR[0]
37598 FDCE_ZINI $auto$ff.cc:266:slice$15279.CLR[0]
37599 FDCE_ZINI $auto$ff.cc:266:slice$15280.CLR[0]
37600 FDCE_ZINI $auto$ff.cc:266:slice$15281.CLR[0]
37601 FDCE_ZINI $auto$ff.cc:266:slice$15282.CLR[0]
37602 FDCE_ZINI $auto$ff.cc:266:slice$15283.CLR[0]
37603 FDCE_ZINI $auto$ff.cc:266:slice$15284.CLR[0]
37604 FDCE_ZINI $auto$ff.cc:266:slice$15285.CLR[0]
37605 FDCE_ZINI $auto$ff.cc:266:slice$15286.CLR[0]
37606 FDCE_ZINI $auto$ff.cc:266:slice$15287.CLR[0]
37607 FDCE_ZINI $auto$ff.cc:266:slice$15288.CLR[0]
37608 FDPE_ZINI $auto$ff.cc:266:slice$15289.PRE[0]
37609 FDPE_ZINI $auto$ff.cc:266:slice$15290.PRE[0]
37610 FDCE_ZINI $auto$ff.cc:266:slice$15293.CLR[0]
37611 FDCE_ZINI $auto$ff.cc:266:slice$15294.CLR[0]
37612 FDCE_ZINI $auto$ff.cc:266:slice$15295.CLR[0]
37613 FDCE_ZINI $auto$ff.cc:266:slice$15296.CLR[0]
37614 FDCE_ZINI $auto$ff.cc:266:slice$15297.CLR[0]
37615 FDCE_ZINI $auto$ff.cc:266:slice$15298.CLR[0]
37616 FDCE_ZINI $auto$ff.cc:266:slice$15299.CLR[0]
37617 FDCE_ZINI $auto$ff.cc:266:slice$15300.CLR[0]
37618 FDCE_ZINI $auto$ff.cc:266:slice$15301.CLR[0]
37619 FDCE_ZINI $auto$ff.cc:266:slice$15302.CLR[0]
37620 FDCE_ZINI $auto$ff.cc:266:slice$15303.CLR[0]
37621 FDCE_ZINI $auto$ff.cc:266:slice$15304.CLR[0]
37622 FDCE_ZINI $auto$ff.cc:266:slice$15305.CLR[0]
37623 FDCE_ZINI $auto$ff.cc:266:slice$15306.CLR[0]
37624 FDCE_ZINI $auto$ff.cc:266:slice$15307.CLR[0]
37625 FDCE_ZINI $auto$ff.cc:266:slice$15308.CLR[0]
37626 FDCE_ZINI $auto$ff.cc:266:slice$15309.CLR[0]
37627 FDCE_ZINI $auto$ff.cc:266:slice$15310.CLR[0]
37628 FDCE_ZINI $auto$ff.cc:266:slice$15311.CLR[0]
37629 FDCE_ZINI $auto$ff.cc:266:slice$15312.CLR[0]
37630 FDCE_ZINI $auto$ff.cc:266:slice$15313.CLR[0]
37631 FDCE_ZINI $auto$ff.cc:266:slice$15314.CLR[0]
37632 FDCE_ZINI $auto$ff.cc:266:slice$15315.CLR[0]
37633 FDCE_ZINI $auto$ff.cc:266:slice$15316.CLR[0]
37634 FDCE_ZINI $auto$ff.cc:266:slice$15317.CLR[0]
37635 FDCE_ZINI $auto$ff.cc:266:slice$15318.CLR[0]
37636 FDCE_ZINI $auto$ff.cc:266:slice$15319.CLR[0]
37637 FDCE_ZINI $auto$ff.cc:266:slice$15320.CLR[0]
37638 FDCE_ZINI $auto$ff.cc:266:slice$15321.CLR[0]
37639 FDCE_ZINI $auto$ff.cc:266:slice$15322.CLR[0]
37640 FDCE_ZINI $auto$ff.cc:266:slice$15323.CLR[0]
37641 FDPE_ZINI $auto$ff.cc:266:slice$15324.PRE[0]
37642 FDCE_ZINI $auto$ff.cc:266:slice$15325.CLR[0]
37643 FDCE_ZINI $auto$ff.cc:266:slice$15326.CLR[0]
37644 FDCE_ZINI $auto$ff.cc:266:slice$15327.CLR[0]
37645 FDCE_ZINI $auto$ff.cc:266:slice$15328.CLR[0]
37646 FDCE_ZINI $auto$ff.cc:266:slice$15329.CLR[0]
37647 FDCE_ZINI $auto$ff.cc:266:slice$15330.CLR[0]
37648 FDCE_ZINI $auto$ff.cc:266:slice$15331.CLR[0]
37649 FDCE_ZINI $auto$ff.cc:266:slice$15332.CLR[0]
37650 FDCE_ZINI $auto$ff.cc:266:slice$15333.CLR[0]
37651 FDCE_ZINI $auto$ff.cc:266:slice$15334.CLR[0]
37652 FDCE_ZINI $auto$ff.cc:266:slice$15335.CLR[0]
37653 FDCE_ZINI $auto$ff.cc:266:slice$15336.CLR[0]
37654 FDCE_ZINI $auto$ff.cc:266:slice$15337.CLR[0]
37655 FDCE_ZINI $auto$ff.cc:266:slice$15338.CLR[0]
37656 FDCE_ZINI $auto$ff.cc:266:slice$15339.CLR[0]
37657 FDCE_ZINI $auto$ff.cc:266:slice$15340.CLR[0]
37658 FDCE_ZINI $auto$ff.cc:266:slice$15341.CLR[0]
37659 FDCE_ZINI $auto$ff.cc:266:slice$15342.CLR[0]
37660 FDCE_ZINI $auto$ff.cc:266:slice$15343.CLR[0]
37661 FDCE_ZINI $auto$ff.cc:266:slice$15344.CLR[0]
37662 FDCE_ZINI $auto$ff.cc:266:slice$15345.CLR[0]
37663 FDCE_ZINI $auto$ff.cc:266:slice$15346.CLR[0]
37664 FDCE_ZINI $auto$ff.cc:266:slice$15347.CLR[0]
37665 FDCE_ZINI $auto$ff.cc:266:slice$15348.CLR[0]
37666 FDCE_ZINI $auto$ff.cc:266:slice$15349.CLR[0]
37667 FDCE_ZINI $auto$ff.cc:266:slice$15350.CLR[0]
37668 FDCE_ZINI $auto$ff.cc:266:slice$15351.CLR[0]
37669 FDCE_ZINI $auto$ff.cc:266:slice$15352.CLR[0]
37670 FDCE_ZINI $auto$ff.cc:266:slice$15353.CLR[0]
37671 FDCE_ZINI $auto$ff.cc:266:slice$15354.CLR[0]
37672 FDCE_ZINI $auto$ff.cc:266:slice$15355.CLR[0]
37673 FDCE_ZINI $auto$ff.cc:266:slice$15356.CLR[0]
37674 FDCE_ZINI $auto$ff.cc:266:slice$15357.CLR[0]
37675 FDCE_ZINI $auto$ff.cc:266:slice$15358.CLR[0]
37676 FDCE_ZINI $auto$ff.cc:266:slice$15359.CLR[0]
37677 FDCE_ZINI $auto$ff.cc:266:slice$15360.CLR[0]
37678 FDCE_ZINI $auto$ff.cc:266:slice$15361.CLR[0]
37679 FDCE_ZINI $auto$ff.cc:266:slice$15362.CLR[0]
37680 FDCE_ZINI $auto$ff.cc:266:slice$15363.CLR[0]
37681 FDCE_ZINI $auto$ff.cc:266:slice$15364.CLR[0]
37682 FDCE_ZINI $auto$ff.cc:266:slice$15365.CLR[0]
37683 FDCE_ZINI $auto$ff.cc:266:slice$15366.CLR[0]
37684 FDCE_ZINI $auto$ff.cc:266:slice$15367.CLR[0]
37685 FDCE_ZINI $auto$ff.cc:266:slice$15368.CLR[0]
37686 FDCE_ZINI $auto$ff.cc:266:slice$15369.CLR[0]
37687 FDCE_ZINI $auto$ff.cc:266:slice$15370.CLR[0]
37688 FDCE_ZINI $auto$ff.cc:266:slice$15371.CLR[0]
37689 FDCE_ZINI $auto$ff.cc:266:slice$15372.CLR[0]
37690 FDCE_ZINI $auto$ff.cc:266:slice$15373.CLR[0]
37691 FDCE_ZINI $auto$ff.cc:266:slice$15374.CLR[0]
37692 FDCE_ZINI $auto$ff.cc:266:slice$15375.CLR[0]
37693 FDCE_ZINI $auto$ff.cc:266:slice$15376.CLR[0]
37694 FDCE_ZINI $auto$ff.cc:266:slice$15377.CLR[0]
37695 FDCE_ZINI $auto$ff.cc:266:slice$15378.CLR[0]
37696 FDCE_ZINI $auto$ff.cc:266:slice$15379.CLR[0]
37697 FDCE_ZINI $auto$ff.cc:266:slice$15380.CLR[0]
37698 FDCE_ZINI $auto$ff.cc:266:slice$15381.CLR[0]
37699 FDCE_ZINI $auto$ff.cc:266:slice$15382.CLR[0]
37700 FDCE_ZINI $auto$ff.cc:266:slice$15383.CLR[0]
37701 FDCE_ZINI $auto$ff.cc:266:slice$15384.CLR[0]
37702 FDCE_ZINI $auto$ff.cc:266:slice$15385.CLR[0]
37703 FDCE_ZINI $auto$ff.cc:266:slice$15386.CLR[0]
37704 FDCE_ZINI $auto$ff.cc:266:slice$15387.CLR[0]
37705 FDCE_ZINI $auto$ff.cc:266:slice$15388.CLR[0]
37706 FDCE_ZINI $auto$ff.cc:266:slice$15389.CLR[0]
37707 FDCE_ZINI $auto$ff.cc:266:slice$15390.CLR[0]
37708 FDCE_ZINI $auto$ff.cc:266:slice$16678.CLR[0]
37709 FDCE_ZINI $auto$ff.cc:266:slice$16679.CLR[0]
37710 FDCE_ZINI $auto$ff.cc:266:slice$16680.CLR[0]
37711 FDCE_ZINI $auto$ff.cc:266:slice$16681.CLR[0]
37712 FDCE_ZINI $auto$ff.cc:266:slice$16682.CLR[0]
37713 FDCE_ZINI $auto$ff.cc:266:slice$16683.CLR[0]
37714 FDCE_ZINI $auto$ff.cc:266:slice$16684.CLR[0]
37715 FDCE_ZINI $auto$ff.cc:266:slice$16685.CLR[0]
37716 FDCE_ZINI $auto$ff.cc:266:slice$16686.CLR[0]
37717 FDCE_ZINI $auto$ff.cc:266:slice$16687.CLR[0]
37718 FDCE_ZINI $auto$ff.cc:266:slice$16688.CLR[0]
37719 FDCE_ZINI $auto$ff.cc:266:slice$16689.CLR[0]
37720 FDCE_ZINI $auto$ff.cc:266:slice$16690.CLR[0]
37721 FDCE_ZINI $auto$ff.cc:266:slice$16691.CLR[0]
37722 FDCE_ZINI $auto$ff.cc:266:slice$16692.CLR[0]
37723 FDCE_ZINI $auto$ff.cc:266:slice$16693.CLR[0]
37724 FDCE_ZINI $auto$ff.cc:266:slice$16694.CLR[0]
37725 FDCE_ZINI $auto$ff.cc:266:slice$16695.CLR[0]
37726 FDCE_ZINI $auto$ff.cc:266:slice$16696.CLR[0]
37727 FDCE_ZINI $auto$ff.cc:266:slice$16697.CLR[0]
37728 FDCE_ZINI $auto$ff.cc:266:slice$16698.CLR[0]
37729 FDCE_ZINI $auto$ff.cc:266:slice$16699.CLR[0]
37730 FDCE_ZINI $auto$ff.cc:266:slice$16700.CLR[0]
37731 FDCE_ZINI $auto$ff.cc:266:slice$16701.CLR[0]
37732 FDCE_ZINI $auto$ff.cc:266:slice$16702.CLR[0]
37733 FDCE_ZINI $auto$ff.cc:266:slice$16703.CLR[0]
37734 FDCE_ZINI $auto$ff.cc:266:slice$16704.CLR[0]
37735 FDCE_ZINI $auto$ff.cc:266:slice$16705.CLR[0]
37736 FDCE_ZINI $auto$ff.cc:266:slice$16706.CLR[0]
37737 FDCE_ZINI $auto$ff.cc:266:slice$16707.CLR[0]
37738 FDCE_ZINI $auto$ff.cc:266:slice$16708.CLR[0]
37739 FDCE_ZINI $auto$ff.cc:266:slice$16709.CLR[0]
37740 FDCE_ZINI $auto$ff.cc:266:slice$16710.CLR[0]
37741 FDCE_ZINI $auto$ff.cc:266:slice$16712.CLR[0]
37742 FDCE_ZINI $auto$ff.cc:266:slice$16713.CLR[0]
37743 FDCE_ZINI $auto$ff.cc:266:slice$16714.CLR[0]
37744 FDCE_ZINI $auto$ff.cc:266:slice$16715.CLR[0]
37745 FDCE_ZINI $auto$ff.cc:266:slice$16716.CLR[0]
37746 FDCE_ZINI $auto$ff.cc:266:slice$16717.CLR[0]
37747 FDCE_ZINI $auto$ff.cc:266:slice$16718.CLR[0]
37748 FDCE_ZINI $auto$ff.cc:266:slice$16719.CLR[0]
37749 FDCE_ZINI $auto$ff.cc:266:slice$16720.CLR[0]
37750 FDCE_ZINI $auto$ff.cc:266:slice$16721.CLR[0]
37751 FDCE_ZINI $auto$ff.cc:266:slice$16722.CLR[0]
37752 FDCE_ZINI $auto$ff.cc:266:slice$16723.CLR[0]
37753 FDCE_ZINI $auto$ff.cc:266:slice$16724.CLR[0]
37754 FDCE_ZINI $auto$ff.cc:266:slice$16725.CLR[0]
37755 FDCE_ZINI $auto$ff.cc:266:slice$16726.CLR[0]
37756 FDCE_ZINI $auto$ff.cc:266:slice$16727.CLR[0]
37757 FDCE_ZINI $auto$ff.cc:266:slice$16728.CLR[0]
37758 FDCE_ZINI $auto$ff.cc:266:slice$16729.CLR[0]
37759 FDCE_ZINI $auto$ff.cc:266:slice$16730.CLR[0]
37760 FDCE_ZINI $auto$ff.cc:266:slice$16731.CLR[0]
37761 FDCE_ZINI $auto$ff.cc:266:slice$16732.CLR[0]
37762 FDCE_ZINI $auto$ff.cc:266:slice$16733.CLR[0]
37763 FDCE_ZINI $auto$ff.cc:266:slice$16734.CLR[0]
37764 FDCE_ZINI $auto$ff.cc:266:slice$16735.CLR[0]
37765 FDCE_ZINI $auto$ff.cc:266:slice$16736.CLR[0]
37766 FDCE_ZINI $auto$ff.cc:266:slice$16737.CLR[0]
37767 FDCE_ZINI $auto$ff.cc:266:slice$16738.CLR[0]
37768 FDCE_ZINI $auto$ff.cc:266:slice$16739.CLR[0]
37769 FDCE_ZINI $auto$ff.cc:266:slice$16740.CLR[0]
37770 FDCE_ZINI $auto$ff.cc:266:slice$16741.CLR[0]
37771 FDCE_ZINI $auto$ff.cc:266:slice$16742.CLR[0]
37772 FDCE_ZINI $auto$ff.cc:266:slice$16743.CLR[0]
37773 FDCE_ZINI $auto$ff.cc:266:slice$16744.CLR[0]
37774 FDCE_ZINI $auto$ff.cc:266:slice$16745.CLR[0]
37775 FDCE_ZINI $auto$ff.cc:266:slice$16746.CLR[0]
37776 FDCE_ZINI $auto$ff.cc:266:slice$16747.CLR[0]
37777 FDCE_ZINI $auto$ff.cc:266:slice$16748.CLR[0]
37778 FDCE_ZINI $auto$ff.cc:266:slice$16749.CLR[0]
37779 FDCE_ZINI $auto$ff.cc:266:slice$16750.CLR[0]
37780 FDCE_ZINI $auto$ff.cc:266:slice$16751.CLR[0]
37781 FDCE_ZINI $auto$ff.cc:266:slice$16752.CLR[0]
37782 FDCE_ZINI $auto$ff.cc:266:slice$16753.CLR[0]
37783 FDCE_ZINI $auto$ff.cc:266:slice$16754.CLR[0]
37784 FDCE_ZINI $auto$ff.cc:266:slice$16755.CLR[0]
37785 FDCE_ZINI $auto$ff.cc:266:slice$16756.CLR[0]
37786 FDCE_ZINI $auto$ff.cc:266:slice$16757.CLR[0]
37787 FDCE_ZINI $auto$ff.cc:266:slice$16758.CLR[0]
37788 FDCE_ZINI $auto$ff.cc:266:slice$16759.CLR[0]
37789 FDCE_ZINI $auto$ff.cc:266:slice$16760.CLR[0]
37790 FDCE_ZINI $auto$ff.cc:266:slice$16761.CLR[0]
37791 FDCE_ZINI $auto$ff.cc:266:slice$16762.CLR[0]
37792 FDCE_ZINI $auto$ff.cc:266:slice$16763.CLR[0]
37793 FDCE_ZINI $auto$ff.cc:266:slice$16764.CLR[0]
37794 FDCE_ZINI $auto$ff.cc:266:slice$16765.CLR[0]
37795 FDCE_ZINI $auto$ff.cc:266:slice$16766.CLR[0]
37796 FDCE_ZINI $auto$ff.cc:266:slice$16767.CLR[0]
37797 FDCE_ZINI $auto$ff.cc:266:slice$16768.CLR[0]
37798 FDCE_ZINI $auto$ff.cc:266:slice$16769.CLR[0]
37799 FDCE_ZINI $auto$ff.cc:266:slice$16770.CLR[0]
37800 FDCE_ZINI $auto$ff.cc:266:slice$16771.CLR[0]
37801 FDCE_ZINI $auto$ff.cc:266:slice$16772.CLR[0]
37802 FDCE_ZINI $auto$ff.cc:266:slice$16773.CLR[0]
37803 FDCE_ZINI $auto$ff.cc:266:slice$16774.CLR[0]
37804 FDCE_ZINI $auto$ff.cc:266:slice$16775.CLR[0]
37805 FDCE_ZINI $auto$ff.cc:266:slice$16776.CLR[0]
37806 FDCE_ZINI $auto$ff.cc:266:slice$16777.CLR[0]
37807 FDCE_ZINI $auto$ff.cc:266:slice$16778.CLR[0]
37808 FDCE_ZINI $auto$ff.cc:266:slice$16779.CLR[0]
37809 FDPE_ZINI $auto$ff.cc:266:slice$16817.PRE[0]
37810 FDCE_ZINI $auto$ff.cc:266:slice$16818.CLR[0]
37811 FDCE_ZINI $auto$ff.cc:266:slice$16819.CLR[0]
37812 FDCE_ZINI $auto$ff.cc:266:slice$16820.CLR[0]
37813 FDCE_ZINI $auto$ff.cc:266:slice$16821.CLR[0]
37814 FDCE_ZINI $auto$ff.cc:266:slice$17082.CLR[0]
37815 FDCE_ZINI $auto$ff.cc:266:slice$17083.CLR[0]
37816 FDCE_ZINI $auto$ff.cc:266:slice$17084.CLR[0]
37817 FDCE_ZINI $auto$ff.cc:266:slice$17085.CLR[0]
37818 FDCE_ZINI $auto$ff.cc:266:slice$17086.CLR[0]
37819 FDCE_ZINI $auto$ff.cc:266:slice$17087.CLR[0]
37820 FDCE_ZINI $auto$ff.cc:266:slice$17088.CLR[0]
37821 FDCE_ZINI $auto$ff.cc:266:slice$17089.CLR[0]
37822 FDCE_ZINI $auto$ff.cc:266:slice$17090.CLR[0]
37823 FDCE_ZINI $auto$ff.cc:266:slice$17091.CLR[0]
37824 FDCE_ZINI $auto$ff.cc:266:slice$17092.CLR[0]
37825 FDCE_ZINI $auto$ff.cc:266:slice$17093.CLR[0]
37826 FDCE_ZINI $auto$ff.cc:266:slice$17094.CLR[0]
37827 FDCE_ZINI $auto$ff.cc:266:slice$17095.CLR[0]
37828 FDCE_ZINI $auto$ff.cc:266:slice$17096.CLR[0]
37829 FDCE_ZINI $auto$ff.cc:266:slice$17097.CLR[0]
37830 FDCE_ZINI $auto$ff.cc:266:slice$17098.CLR[0]
37831 FDCE_ZINI $auto$ff.cc:266:slice$17099.CLR[0]
37832 FDCE_ZINI $auto$ff.cc:266:slice$17100.CLR[0]
37833 FDCE_ZINI $auto$ff.cc:266:slice$17101.CLR[0]
37834 FDCE_ZINI $auto$ff.cc:266:slice$17102.CLR[0]
37835 FDCE_ZINI $auto$ff.cc:266:slice$17103.CLR[0]
37836 FDCE_ZINI $auto$ff.cc:266:slice$17104.CLR[0]
37837 FDCE_ZINI $auto$ff.cc:266:slice$17105.CLR[0]
37838 FDCE_ZINI $auto$ff.cc:266:slice$17106.CLR[0]
37839 FDCE_ZINI $auto$ff.cc:266:slice$17107.CLR[0]
37840 FDCE_ZINI $auto$ff.cc:266:slice$17108.CLR[0]
37841 FDCE_ZINI $auto$ff.cc:266:slice$17109.CLR[0]
37842 FDCE_ZINI $auto$ff.cc:266:slice$17110.CLR[0]
37843 FDCE_ZINI $auto$ff.cc:266:slice$17111.CLR[0]
37844 FDCE_ZINI $auto$ff.cc:266:slice$17112.CLR[0]
37845 FDCE_ZINI $auto$ff.cc:266:slice$17113.CLR[0]
37846 FDCE_ZINI $auto$ff.cc:266:slice$17114.CLR[0]
37847 FDCE_ZINI $auto$ff.cc:266:slice$17115.CLR[0]
37848 FDCE_ZINI $auto$ff.cc:266:slice$17116.CLR[0]
37849 FDCE_ZINI $auto$ff.cc:266:slice$17117.CLR[0]
37850 FDCE_ZINI $auto$ff.cc:266:slice$17118.CLR[0]
37851 FDCE_ZINI $auto$ff.cc:266:slice$17119.CLR[0]
37852 FDCE_ZINI $auto$ff.cc:266:slice$17120.CLR[0]
37853 FDCE_ZINI $auto$ff.cc:266:slice$17121.CLR[0]
37854 FDCE_ZINI $auto$ff.cc:266:slice$17122.CLR[0]
37855 FDCE_ZINI $auto$ff.cc:266:slice$17123.CLR[0]
37856 FDCE_ZINI $auto$ff.cc:266:slice$17124.CLR[0]
37857 FDCE_ZINI $auto$ff.cc:266:slice$17125.CLR[0]
37858 FDCE_ZINI $auto$ff.cc:266:slice$17126.CLR[0]
37859 FDCE_ZINI $auto$ff.cc:266:slice$17127.CLR[0]
37860 FDCE_ZINI $auto$ff.cc:266:slice$17128.CLR[0]
37861 FDCE_ZINI $auto$ff.cc:266:slice$17129.CLR[0]
37862 FDCE_ZINI $auto$ff.cc:266:slice$17130.CLR[0]
37863 FDCE_ZINI $auto$ff.cc:266:slice$17131.CLR[0]
37864 FDCE_ZINI $auto$ff.cc:266:slice$17132.CLR[0]
37865 FDCE_ZINI $auto$ff.cc:266:slice$17133.CLR[0]
37866 FDCE_ZINI $auto$ff.cc:266:slice$17134.CLR[0]
37867 FDCE_ZINI $auto$ff.cc:266:slice$17135.CLR[0]
37868 FDCE_ZINI $auto$ff.cc:266:slice$17136.CLR[0]
37869 FDCE_ZINI $auto$ff.cc:266:slice$17137.CLR[0]
37870 FDCE_ZINI $auto$ff.cc:266:slice$17138.CLR[0]
37871 FDCE_ZINI $auto$ff.cc:266:slice$17139.CLR[0]
37872 FDCE_ZINI $auto$ff.cc:266:slice$17140.CLR[0]
37873 FDCE_ZINI $auto$ff.cc:266:slice$17141.CLR[0]
37874 FDCE_ZINI $auto$ff.cc:266:slice$17142.CLR[0]
37875 FDCE_ZINI $auto$ff.cc:266:slice$17143.CLR[0]
37876 FDCE_ZINI $auto$ff.cc:266:slice$17144.CLR[0]
37877 FDCE_ZINI $auto$ff.cc:266:slice$17145.CLR[0]
37878 FDCE_ZINI $auto$ff.cc:266:slice$17146.CLR[0]
37879 FDCE_ZINI $auto$ff.cc:266:slice$17147.CLR[0]
37880 FDCE_ZINI $auto$ff.cc:266:slice$17148.CLR[0]
37881 FDCE_ZINI $auto$ff.cc:266:slice$17149.CLR[0]
37882 FDCE_ZINI $auto$ff.cc:266:slice$17150.CLR[0]
37883 FDCE_ZINI $auto$ff.cc:266:slice$17151.CLR[0]
37884 FDCE_ZINI $auto$ff.cc:266:slice$17152.CLR[0]
37885 FDCE_ZINI $auto$ff.cc:266:slice$17153.CLR[0]
37886 FDCE_ZINI $auto$ff.cc:266:slice$17154.CLR[0]
37887 FDCE_ZINI $auto$ff.cc:266:slice$17155.CLR[0]
37888 FDCE_ZINI $auto$ff.cc:266:slice$17156.CLR[0]
37889 FDCE_ZINI $auto$ff.cc:266:slice$17157.CLR[0]
37890 FDCE_ZINI $auto$ff.cc:266:slice$17158.CLR[0]
37891 FDCE_ZINI $auto$ff.cc:266:slice$17159.CLR[0]
37892 FDCE_ZINI $auto$ff.cc:266:slice$17160.CLR[0]
37893 FDCE_ZINI $auto$ff.cc:266:slice$17161.CLR[0]
37894 FDCE_ZINI $auto$ff.cc:266:slice$17162.CLR[0]
37895 FDCE_ZINI $auto$ff.cc:266:slice$17163.CLR[0]
37896 FDCE_ZINI $auto$ff.cc:266:slice$17164.CLR[0]
37897 FDCE_ZINI $auto$ff.cc:266:slice$17165.CLR[0]
37898 FDCE_ZINI $auto$ff.cc:266:slice$17166.CLR[0]
37899 FDCE_ZINI $auto$ff.cc:266:slice$17167.CLR[0]
37900 FDCE_ZINI $auto$ff.cc:266:slice$17168.CLR[0]
37901 FDCE_ZINI $auto$ff.cc:266:slice$17169.CLR[0]
37902 FDCE_ZINI $auto$ff.cc:266:slice$17170.CLR[0]
37903 FDCE_ZINI $auto$ff.cc:266:slice$17171.CLR[0]
37904 FDCE_ZINI $auto$ff.cc:266:slice$17172.CLR[0]
37905 FDCE_ZINI $auto$ff.cc:266:slice$17173.CLR[0]
37906 FDCE_ZINI $auto$ff.cc:266:slice$17174.CLR[0]
37907 FDCE_ZINI $auto$ff.cc:266:slice$17175.CLR[0]
37908 FDCE_ZINI $auto$ff.cc:266:slice$17176.CLR[0]
37909 FDCE_ZINI $auto$ff.cc:266:slice$17177.CLR[0]
37910 FDCE_ZINI $auto$ff.cc:266:slice$17178.CLR[0]
37911 FDCE_ZINI $auto$ff.cc:266:slice$17179.CLR[0]
37912 FDCE_ZINI $auto$ff.cc:266:slice$17180.CLR[0]
37913 FDCE_ZINI $auto$ff.cc:266:slice$17181.CLR[0]
37914 FDCE_ZINI $auto$ff.cc:266:slice$17182.CLR[0]
37915 FDCE_ZINI $auto$ff.cc:266:slice$17183.CLR[0]
37916 FDCE_ZINI $auto$ff.cc:266:slice$17184.CLR[0]
37917 FDCE_ZINI $auto$ff.cc:266:slice$17185.CLR[0]
37918 FDCE_ZINI $auto$ff.cc:266:slice$17186.CLR[0]
37919 FDCE_ZINI $auto$ff.cc:266:slice$17187.CLR[0]
37920 FDCE_ZINI $auto$ff.cc:266:slice$17188.CLR[0]
37921 FDCE_ZINI $auto$ff.cc:266:slice$17189.CLR[0]
37922 FDCE_ZINI $auto$ff.cc:266:slice$17190.CLR[0]
37923 FDCE_ZINI $auto$ff.cc:266:slice$17191.CLR[0]
37924 FDCE_ZINI $auto$ff.cc:266:slice$17192.CLR[0]
37925 FDCE_ZINI $auto$ff.cc:266:slice$17193.CLR[0]
37926 FDCE_ZINI $auto$ff.cc:266:slice$17194.CLR[0]
37927 FDCE_ZINI $auto$ff.cc:266:slice$17195.CLR[0]
37928 FDCE_ZINI $auto$ff.cc:266:slice$17196.CLR[0]
37929 FDCE_ZINI $auto$ff.cc:266:slice$17197.CLR[0]
37930 FDCE_ZINI $auto$ff.cc:266:slice$17198.CLR[0]
37931 FDCE_ZINI $auto$ff.cc:266:slice$17199.CLR[0]
37932 FDCE_ZINI $auto$ff.cc:266:slice$17200.CLR[0]
37933 FDCE_ZINI $auto$ff.cc:266:slice$17201.CLR[0]
37934 FDCE_ZINI $auto$ff.cc:266:slice$17202.CLR[0]
37935 FDCE_ZINI $auto$ff.cc:266:slice$17203.CLR[0]
37936 FDCE_ZINI $auto$ff.cc:266:slice$17204.CLR[0]
37937 FDCE_ZINI $auto$ff.cc:266:slice$17205.CLR[0]
37938 FDCE_ZINI $auto$ff.cc:266:slice$17206.CLR[0]
37939 FDCE_ZINI $auto$ff.cc:266:slice$17207.CLR[0]
37940 FDCE_ZINI $auto$ff.cc:266:slice$17208.CLR[0]
37941 FDCE_ZINI $auto$ff.cc:266:slice$17209.CLR[0]
37942 FDCE_ZINI $auto$ff.cc:266:slice$17210.CLR[0]
37943 FDCE_ZINI $auto$ff.cc:266:slice$17211.CLR[0]
37944 FDCE_ZINI $auto$ff.cc:266:slice$17212.CLR[0]
37945 FDCE_ZINI $auto$ff.cc:266:slice$17213.CLR[0]
37946 FDCE_ZINI $auto$ff.cc:266:slice$17214.CLR[0]
37947 FDCE_ZINI $auto$ff.cc:266:slice$17216.CLR[0]
37948 FDCE_ZINI $auto$ff.cc:266:slice$17217.CLR[0]
37949 FDCE_ZINI $auto$ff.cc:266:slice$17218.CLR[0]
37950 FDCE_ZINI $auto$ff.cc:266:slice$17219.CLR[0]
37951 FDCE_ZINI $auto$ff.cc:266:slice$17220.CLR[0]
37952 FDCE_ZINI $auto$ff.cc:266:slice$17221.CLR[0]
37953 FDCE_ZINI $auto$ff.cc:266:slice$17222.CLR[0]
37954 FDCE_ZINI $auto$ff.cc:266:slice$17356.CLR[0]
37955 FDCE_ZINI $auto$ff.cc:266:slice$17357.CLR[0]
37956 FDCE_ZINI $auto$ff.cc:266:slice$17358.CLR[0]
37957 FDCE_ZINI $auto$ff.cc:266:slice$17359.CLR[0]
37958 FDCE_ZINI $auto$ff.cc:266:slice$17360.CLR[0]
37959 FDCE_ZINI $auto$ff.cc:266:slice$17361.CLR[0]
37960 FDCE_ZINI $auto$ff.cc:266:slice$17362.CLR[0]
37961 FDCE_ZINI $auto$ff.cc:266:slice$17363.CLR[0]
37962 FDCE_ZINI $auto$ff.cc:266:slice$17364.CLR[0]
37963 FDCE_ZINI $auto$ff.cc:266:slice$17365.CLR[0]
37964 FDCE_ZINI $auto$ff.cc:266:slice$17366.CLR[0]
37965 FDCE_ZINI $auto$ff.cc:266:slice$17367.CLR[0]
37966 FDCE_ZINI $auto$ff.cc:266:slice$17368.CLR[0]
37967 FDCE_ZINI $auto$ff.cc:266:slice$17369.CLR[0]
37968 FDCE_ZINI $auto$ff.cc:266:slice$17370.CLR[0]
37969 FDCE_ZINI $auto$ff.cc:266:slice$17371.CLR[0]
37970 FDCE_ZINI $auto$ff.cc:266:slice$17372.CLR[0]
37971 FDCE_ZINI $auto$ff.cc:266:slice$17373.CLR[0]
37972 FDCE_ZINI $auto$ff.cc:266:slice$17374.CLR[0]
37973 FDCE_ZINI $auto$ff.cc:266:slice$17375.CLR[0]
37974 FDCE_ZINI $auto$ff.cc:266:slice$17376.CLR[0]
37975 FDCE_ZINI $auto$ff.cc:266:slice$17377.CLR[0]
37976 FDCE_ZINI $auto$ff.cc:266:slice$17378.CLR[0]
37977 FDCE_ZINI $auto$ff.cc:266:slice$17379.CLR[0]
37978 FDCE_ZINI $auto$ff.cc:266:slice$17380.CLR[0]
37979 FDCE_ZINI $auto$ff.cc:266:slice$17381.CLR[0]
37980 FDCE_ZINI $auto$ff.cc:266:slice$17382.CLR[0]
37981 FDCE_ZINI $auto$ff.cc:266:slice$17383.CLR[0]
37982 FDCE_ZINI $auto$ff.cc:266:slice$17384.CLR[0]
37983 FDCE_ZINI $auto$ff.cc:266:slice$17385.CLR[0]
37984 FDCE_ZINI $auto$ff.cc:266:slice$17386.CLR[0]
37985 FDCE_ZINI $auto$ff.cc:266:slice$17387.CLR[0]
37986 FDCE_ZINI $auto$ff.cc:266:slice$17388.CLR[0]
37987 FDCE_ZINI $auto$ff.cc:266:slice$17389.CLR[0]
37988 FDCE_ZINI $auto$ff.cc:266:slice$17390.CLR[0]
37989 FDCE_ZINI $auto$ff.cc:266:slice$17391.CLR[0]
37990 FDCE_ZINI $auto$ff.cc:266:slice$17392.CLR[0]
37991 FDCE_ZINI $auto$ff.cc:266:slice$17393.CLR[0]
37992 FDCE_ZINI $auto$ff.cc:266:slice$17394.CLR[0]
37993 FDCE_ZINI $auto$ff.cc:266:slice$17395.CLR[0]
37994 FDCE_ZINI $auto$ff.cc:266:slice$17396.CLR[0]
37995 FDCE_ZINI $auto$ff.cc:266:slice$17397.CLR[0]
37996 FDCE_ZINI $auto$ff.cc:266:slice$17398.CLR[0]
37997 FDCE_ZINI $auto$ff.cc:266:slice$17399.CLR[0]
37998 FDCE_ZINI $auto$ff.cc:266:slice$17400.CLR[0]
37999 FDCE_ZINI $auto$ff.cc:266:slice$17401.CLR[0]
38000 FDCE_ZINI $auto$ff.cc:266:slice$17402.CLR[0]
38001 FDCE_ZINI $auto$ff.cc:266:slice$17403.CLR[0]
38002 FDCE_ZINI $auto$ff.cc:266:slice$17404.CLR[0]
38003 FDCE_ZINI $auto$ff.cc:266:slice$17405.CLR[0]
38004 FDCE_ZINI $auto$ff.cc:266:slice$17406.CLR[0]
38005 FDCE_ZINI $auto$ff.cc:266:slice$17407.CLR[0]
38006 FDCE_ZINI $auto$ff.cc:266:slice$17408.CLR[0]
38007 FDCE_ZINI $auto$ff.cc:266:slice$17409.CLR[0]
38008 FDCE_ZINI $auto$ff.cc:266:slice$17410.CLR[0]
38009 FDCE_ZINI $auto$ff.cc:266:slice$17411.CLR[0]
38010 FDCE_ZINI $auto$ff.cc:266:slice$17412.CLR[0]
38011 FDCE_ZINI $auto$ff.cc:266:slice$17413.CLR[0]
38012 FDCE_ZINI $auto$ff.cc:266:slice$17414.CLR[0]
38013 FDCE_ZINI $auto$ff.cc:266:slice$17415.CLR[0]
38014 FDCE_ZINI $auto$ff.cc:266:slice$17416.CLR[0]
38015 FDCE_ZINI $auto$ff.cc:266:slice$17417.CLR[0]
38016 FDCE_ZINI $auto$ff.cc:266:slice$17418.CLR[0]
38017 FDCE_ZINI $auto$ff.cc:266:slice$17419.CLR[0]
38018 FDCE_ZINI $auto$ff.cc:266:slice$17420.CLR[0]
38019 FDCE_ZINI $auto$ff.cc:266:slice$17421.CLR[0]
38020 FDCE_ZINI $auto$ff.cc:266:slice$17422.CLR[0]
38021 FDCE_ZINI $auto$ff.cc:266:slice$17423.CLR[0]
38022 FDCE_ZINI $auto$ff.cc:266:slice$17424.CLR[0]
38023 FDCE_ZINI $auto$ff.cc:266:slice$17425.CLR[0]
38024 FDCE_ZINI $auto$ff.cc:266:slice$17426.CLR[0]
38025 FDCE_ZINI $auto$ff.cc:266:slice$17427.CLR[0]
38026 FDCE_ZINI $auto$ff.cc:266:slice$17428.CLR[0]
38027 FDCE_ZINI $auto$ff.cc:266:slice$17429.CLR[0]
38028 FDCE_ZINI $auto$ff.cc:266:slice$17430.CLR[0]
38029 FDCE_ZINI $auto$ff.cc:266:slice$17431.CLR[0]
38030 FDCE_ZINI $auto$ff.cc:266:slice$17432.CLR[0]
38031 FDCE_ZINI $auto$ff.cc:266:slice$17433.CLR[0]
38032 FDCE_ZINI $auto$ff.cc:266:slice$17434.CLR[0]
38033 FDCE_ZINI $auto$ff.cc:266:slice$17435.CLR[0]
38034 FDCE_ZINI $auto$ff.cc:266:slice$17436.CLR[0]
38035 FDCE_ZINI $auto$ff.cc:266:slice$17437.CLR[0]
38036 FDCE_ZINI $auto$ff.cc:266:slice$17438.CLR[0]
38037 FDCE_ZINI $auto$ff.cc:266:slice$17439.CLR[0]
38038 FDCE_ZINI $auto$ff.cc:266:slice$17440.CLR[0]
38039 FDCE_ZINI $auto$ff.cc:266:slice$17441.CLR[0]
38040 FDCE_ZINI $auto$ff.cc:266:slice$17442.CLR[0]
38041 FDCE_ZINI $auto$ff.cc:266:slice$17443.CLR[0]
38042 FDCE_ZINI $auto$ff.cc:266:slice$17444.CLR[0]
38043 FDCE_ZINI $auto$ff.cc:266:slice$17445.CLR[0]
38044 FDCE_ZINI $auto$ff.cc:266:slice$17446.CLR[0]
38045 FDCE_ZINI $auto$ff.cc:266:slice$17447.CLR[0]
38046 FDCE_ZINI $auto$ff.cc:266:slice$17448.CLR[0]
38047 FDCE_ZINI $auto$ff.cc:266:slice$17449.CLR[0]
38048 FDCE_ZINI $auto$ff.cc:266:slice$17450.CLR[0]
38049 FDCE_ZINI $auto$ff.cc:266:slice$17451.CLR[0]
38050 FDCE_ZINI $auto$ff.cc:266:slice$17452.CLR[0]
38051 FDCE_ZINI $auto$ff.cc:266:slice$17453.CLR[0]
38052 FDCE_ZINI $auto$ff.cc:266:slice$17454.CLR[0]
38053 FDCE_ZINI $auto$ff.cc:266:slice$17455.CLR[0]
38054 FDCE_ZINI $auto$ff.cc:266:slice$17456.CLR[0]
38055 FDCE_ZINI $auto$ff.cc:266:slice$17457.CLR[0]
38056 FDCE_ZINI $auto$ff.cc:266:slice$17458.CLR[0]
38057 FDCE_ZINI $auto$ff.cc:266:slice$17459.CLR[0]
38058 FDRE_ZINI $auto$ff.cc:266:slice$18327.R[0]
38059 FDRE_ZINI $auto$ff.cc:266:slice$18328.R[0]
38060 FDRE_ZINI $auto$ff.cc:266:slice$18329.R[0]
38061 FDRE_ZINI $auto$ff.cc:266:slice$18330.R[0]
38062 FDRE_ZINI $auto$ff.cc:266:slice$18331.R[0]
38063 FDRE_ZINI $auto$ff.cc:266:slice$18332.R[0]
38064 FDRE_ZINI $auto$ff.cc:266:slice$18333.R[0]
38065 FDRE_ZINI $auto$ff.cc:266:slice$18334.R[0]
38066 FDRE_ZINI $auto$ff.cc:266:slice$18335.R[0]
38067 FDRE_ZINI $auto$ff.cc:266:slice$18336.R[0]
38068 FDRE_ZINI $auto$ff.cc:266:slice$18337.R[0]
38069 FDRE_ZINI $auto$ff.cc:266:slice$18338.R[0]
38070 FDRE_ZINI $auto$ff.cc:266:slice$18339.R[0]
38071 FDRE_ZINI $auto$ff.cc:266:slice$18340.R[0]
38072 FDRE_ZINI $auto$ff.cc:266:slice$18341.R[0]
38073 FDRE_ZINI $auto$ff.cc:266:slice$18342.R[0]
38074 FDRE_ZINI $auto$ff.cc:266:slice$18343.R[0]
38075 FDRE_ZINI $auto$ff.cc:266:slice$18344.R[0]
38076 FDRE_ZINI $auto$ff.cc:266:slice$18345.R[0]
38077 FDRE_ZINI $auto$ff.cc:266:slice$18346.R[0]
38078 FDRE_ZINI $auto$ff.cc:266:slice$18347.R[0]
38079 FDRE_ZINI $auto$ff.cc:266:slice$18348.R[0]
38080 FDRE_ZINI $auto$ff.cc:266:slice$18349.R[0]
38081 FDRE_ZINI $auto$ff.cc:266:slice$18350.R[0]
38082 FDRE_ZINI $auto$ff.cc:266:slice$18351.R[0]
38083 FDRE_ZINI $auto$ff.cc:266:slice$18352.R[0]
38084 FDRE_ZINI $auto$ff.cc:266:slice$18353.R[0]
38085 FDRE_ZINI $auto$ff.cc:266:slice$18354.R[0]
38086 FDRE_ZINI $auto$ff.cc:266:slice$18355.R[0]
38087 FDRE_ZINI $auto$ff.cc:266:slice$18356.R[0]
38088 FDRE_ZINI $auto$ff.cc:266:slice$18357.R[0]
38089 FDRE_ZINI $auto$ff.cc:266:slice$18358.R[0]
38090 FDRE_ZINI $auto$ff.cc:266:slice$18359.R[0]
38091 FDRE_ZINI $auto$ff.cc:266:slice$18360.R[0]
38092 FDRE_ZINI $auto$ff.cc:266:slice$18361.R[0]
38093 FDRE_ZINI $auto$ff.cc:266:slice$18362.R[0]
38094 FDRE_ZINI $auto$ff.cc:266:slice$18363.R[0]
38095 FDRE_ZINI $auto$ff.cc:266:slice$18364.R[0]
38096 FDRE_ZINI $auto$ff.cc:266:slice$18365.R[0]
38097 FDRE_ZINI $auto$ff.cc:266:slice$18366.R[0]
38098 FDRE_ZINI $auto$ff.cc:266:slice$18367.R[0]
38099 FDRE_ZINI $auto$ff.cc:266:slice$18368.R[0]
38100 FDRE_ZINI $auto$ff.cc:266:slice$18369.R[0]
38101 FDRE_ZINI $auto$ff.cc:266:slice$18370.R[0]
38102 FDRE_ZINI $auto$ff.cc:266:slice$18371.R[0]
38103 FDRE_ZINI $auto$ff.cc:266:slice$18372.R[0]
38104 FDRE_ZINI $auto$ff.cc:266:slice$18373.R[0]
38105 FDRE_ZINI $auto$ff.cc:266:slice$18374.R[0]
38106 FDRE_ZINI $auto$ff.cc:266:slice$18375.R[0]
38107 FDRE_ZINI $auto$ff.cc:266:slice$18376.R[0]
38108 FDRE_ZINI $auto$ff.cc:266:slice$18377.R[0]
38109 FDRE_ZINI $auto$ff.cc:266:slice$18378.R[0]
38110 FDRE_ZINI $auto$ff.cc:266:slice$18379.R[0]
38111 FDRE_ZINI $auto$ff.cc:266:slice$18380.R[0]
38112 FDRE_ZINI $auto$ff.cc:266:slice$18381.R[0]
38113 FDRE_ZINI $auto$ff.cc:266:slice$18382.R[0]
38114 FDRE_ZINI $auto$ff.cc:266:slice$18383.R[0]
38115 FDRE_ZINI $auto$ff.cc:266:slice$18384.R[0]
38116 FDRE_ZINI $auto$ff.cc:266:slice$18385.R[0]
38117 FDRE_ZINI $auto$ff.cc:266:slice$18386.R[0]
38118 FDRE_ZINI $auto$ff.cc:266:slice$18387.R[0]
38119 FDRE_ZINI $auto$ff.cc:266:slice$18388.R[0]
38120 FDRE_ZINI $auto$ff.cc:266:slice$18389.R[0]
38121 FDRE_ZINI $auto$ff.cc:266:slice$18390.R[0]
38122 FDRE_ZINI $auto$ff.cc:266:slice$18391.R[0]
38123 FDRE_ZINI $auto$ff.cc:266:slice$18392.R[0]
38124 FDRE_ZINI $auto$ff.cc:266:slice$18393.R[0]
38125 FDRE_ZINI $auto$ff.cc:266:slice$18394.R[0]
38126 FDRE_ZINI $auto$ff.cc:266:slice$18395.R[0]
38127 FDRE_ZINI $auto$ff.cc:266:slice$18396.R[0]
38128 FDRE_ZINI $auto$ff.cc:266:slice$18397.R[0]
38129 FDRE_ZINI $auto$ff.cc:266:slice$18398.R[0]
38130 FDRE_ZINI $auto$ff.cc:266:slice$18399.R[0]
38131 FDRE_ZINI $auto$ff.cc:266:slice$18400.R[0]
38132 FDRE_ZINI $auto$ff.cc:266:slice$18401.R[0]
38133 FDRE_ZINI $auto$ff.cc:266:slice$18402.R[0]
38134 FDRE_ZINI $auto$ff.cc:266:slice$18403.R[0]
38135 FDRE_ZINI $auto$ff.cc:266:slice$18404.R[0]
38136 FDRE_ZINI $auto$ff.cc:266:slice$18405.R[0]
38137 FDRE_ZINI $auto$ff.cc:266:slice$18406.R[0]
38138 FDRE_ZINI $auto$ff.cc:266:slice$18407.R[0]
38139 FDRE_ZINI $auto$ff.cc:266:slice$18408.R[0]
38140 FDRE_ZINI $auto$ff.cc:266:slice$18409.R[0]
38141 FDRE_ZINI $auto$ff.cc:266:slice$18410.R[0]
38142 FDRE_ZINI $auto$ff.cc:266:slice$18411.R[0]
38143 FDRE_ZINI $auto$ff.cc:266:slice$18412.R[0]
38144 FDRE_ZINI $auto$ff.cc:266:slice$18413.R[0]
38145 FDRE_ZINI $auto$ff.cc:266:slice$18414.R[0]
38146 FDRE_ZINI $auto$ff.cc:266:slice$18415.R[0]
38147 FDRE_ZINI $auto$ff.cc:266:slice$18416.R[0]
38148 FDRE_ZINI $auto$ff.cc:266:slice$18417.R[0]
38149 FDRE_ZINI $auto$ff.cc:266:slice$18418.R[0]
38150 FDRE_ZINI $auto$ff.cc:266:slice$18419.R[0]
38151 FDRE_ZINI $auto$ff.cc:266:slice$18420.R[0]
38152 FDRE_ZINI $auto$ff.cc:266:slice$18421.R[0]
38153 FDRE_ZINI $auto$ff.cc:266:slice$18422.R[0]
38154 FDRE_ZINI $auto$ff.cc:266:slice$18423.R[0]
38155 FDRE_ZINI $auto$ff.cc:266:slice$18424.R[0]
38156 FDRE_ZINI $auto$ff.cc:266:slice$18425.R[0]
38157 FDRE_ZINI $auto$ff.cc:266:slice$18426.R[0]
38158 FDRE_ZINI $auto$ff.cc:266:slice$18427.R[0]
38159 FDRE_ZINI $auto$ff.cc:266:slice$18428.R[0]
38160 FDRE_ZINI $auto$ff.cc:266:slice$18429.R[0]
38161 FDRE_ZINI $auto$ff.cc:266:slice$18430.R[0]
38162 FDRE_ZINI $auto$ff.cc:266:slice$18431.R[0]
38163 FDRE_ZINI $auto$ff.cc:266:slice$18432.R[0]
38164 FDRE_ZINI $auto$ff.cc:266:slice$18433.R[0]
38165 FDRE_ZINI $auto$ff.cc:266:slice$18434.R[0]
38166 FDRE_ZINI $auto$ff.cc:266:slice$18435.R[0]
38167 FDRE_ZINI $auto$ff.cc:266:slice$18436.R[0]
38168 FDRE_ZINI $auto$ff.cc:266:slice$18437.R[0]
38169 FDRE_ZINI $auto$ff.cc:266:slice$18438.R[0]
38170 FDRE_ZINI $auto$ff.cc:266:slice$18439.R[0]
38171 FDRE_ZINI $auto$ff.cc:266:slice$18440.R[0]
38172 FDRE_ZINI $auto$ff.cc:266:slice$18441.R[0]
38173 FDRE_ZINI $auto$ff.cc:266:slice$18442.R[0]
38174 FDRE_ZINI $auto$ff.cc:266:slice$18443.R[0]
38175 FDRE_ZINI $auto$ff.cc:266:slice$18444.R[0]
38176 FDRE_ZINI $auto$ff.cc:266:slice$18445.R[0]
38177 FDRE_ZINI $auto$ff.cc:266:slice$18446.R[0]
38178 FDRE_ZINI $auto$ff.cc:266:slice$18447.R[0]
38179 FDRE_ZINI $auto$ff.cc:266:slice$18448.R[0]
38180 FDRE_ZINI $auto$ff.cc:266:slice$18449.R[0]
38181 FDRE_ZINI $auto$ff.cc:266:slice$18450.R[0]
38182 FDRE_ZINI $auto$ff.cc:266:slice$18451.R[0]
38183 FDRE_ZINI $auto$ff.cc:266:slice$18452.R[0]
38184 FDRE_ZINI $auto$ff.cc:266:slice$18453.R[0]
38185 FDRE_ZINI $auto$ff.cc:266:slice$18454.R[0]
38186 FDRE_ZINI $auto$ff.cc:266:slice$18455.R[0]
38187 FDRE_ZINI $auto$ff.cc:266:slice$18456.R[0]
38188 FDRE_ZINI $auto$ff.cc:266:slice$18457.R[0]
38189 FDRE_ZINI $auto$ff.cc:266:slice$18458.R[0]
38190 FDRE_ZINI $auto$ff.cc:266:slice$18459.R[0]
38191 FDRE_ZINI $auto$ff.cc:266:slice$18460.R[0]
38192 FDRE_ZINI $auto$ff.cc:266:slice$18461.R[0]
38193 FDRE_ZINI $auto$ff.cc:266:slice$18462.R[0]
38194 FDRE_ZINI $auto$ff.cc:266:slice$18463.R[0]
38195 FDRE_ZINI $auto$ff.cc:266:slice$18464.R[0]
38196 FDRE_ZINI $auto$ff.cc:266:slice$18465.R[0]
38197 FDRE_ZINI $auto$ff.cc:266:slice$18466.R[0]
38198 FDRE_ZINI $auto$ff.cc:266:slice$18467.R[0]
38199 FDRE_ZINI $auto$ff.cc:266:slice$18468.R[0]
38200 FDRE_ZINI $auto$ff.cc:266:slice$18469.R[0]
38201 FDRE_ZINI $auto$ff.cc:266:slice$18470.R[0]
38202 FDRE_ZINI $auto$ff.cc:266:slice$18471.R[0]
38203 FDRE_ZINI $auto$ff.cc:266:slice$18472.R[0]
38204 FDRE_ZINI $auto$ff.cc:266:slice$18473.R[0]
38205 FDRE_ZINI $auto$ff.cc:266:slice$18474.R[0]
38206 FDRE_ZINI $auto$ff.cc:266:slice$18475.R[0]
38207 FDRE_ZINI $auto$ff.cc:266:slice$18476.R[0]
38208 FDRE_ZINI $auto$ff.cc:266:slice$18477.R[0]
38209 FDRE_ZINI $auto$ff.cc:266:slice$18478.R[0]
38210 FDRE_ZINI $auto$ff.cc:266:slice$18479.R[0]
38211 FDRE_ZINI $auto$ff.cc:266:slice$18480.R[0]
38212 FDRE_ZINI $auto$ff.cc:266:slice$18481.R[0]
38213 FDRE_ZINI $auto$ff.cc:266:slice$18482.R[0]
38214 FDRE_ZINI $auto$ff.cc:266:slice$18483.R[0]
38215 FDRE_ZINI $auto$ff.cc:266:slice$18484.R[0]
38216 FDRE_ZINI $auto$ff.cc:266:slice$18485.R[0]
38217 FDRE_ZINI $auto$ff.cc:266:slice$18486.R[0]
38218 FDRE_ZINI $auto$ff.cc:266:slice$18487.R[0]
38219 FDRE_ZINI $auto$ff.cc:266:slice$18488.R[0]
38220 FDRE_ZINI $auto$ff.cc:266:slice$18489.R[0]
38221 FDRE_ZINI $auto$ff.cc:266:slice$18490.R[0]
38222 FDRE_ZINI $auto$ff.cc:266:slice$18491.R[0]
38223 FDRE_ZINI $auto$ff.cc:266:slice$18492.R[0]
38224 FDRE_ZINI $auto$ff.cc:266:slice$18493.R[0]
38225 FDRE_ZINI $auto$ff.cc:266:slice$18494.R[0]
38226 FDRE_ZINI $auto$ff.cc:266:slice$18495.R[0]
38227 FDRE_ZINI $auto$ff.cc:266:slice$18496.R[0]
38228 FDRE_ZINI $auto$ff.cc:266:slice$18497.R[0]
38229 FDRE_ZINI $auto$ff.cc:266:slice$18498.R[0]
38230 FDRE_ZINI $auto$ff.cc:266:slice$18499.R[0]
38231 FDRE_ZINI $auto$ff.cc:266:slice$18500.R[0]
38232 FDRE_ZINI $auto$ff.cc:266:slice$18501.R[0]
38233 FDRE_ZINI $auto$ff.cc:266:slice$18502.R[0]
38234 FDRE_ZINI $auto$ff.cc:266:slice$18503.R[0]
38235 FDRE_ZINI $auto$ff.cc:266:slice$18504.R[0]
38236 FDRE_ZINI $auto$ff.cc:266:slice$18505.R[0]
38237 FDRE_ZINI $auto$ff.cc:266:slice$18506.R[0]
38238 FDRE_ZINI $auto$ff.cc:266:slice$18507.R[0]
38239 FDRE_ZINI $auto$ff.cc:266:slice$18508.R[0]
38240 FDRE_ZINI $auto$ff.cc:266:slice$18509.R[0]
38241 FDRE_ZINI $auto$ff.cc:266:slice$18510.R[0]
38242 FDRE_ZINI $auto$ff.cc:266:slice$18511.R[0]
38243 FDRE_ZINI $auto$ff.cc:266:slice$18512.R[0]
38244 FDRE_ZINI $auto$ff.cc:266:slice$18513.R[0]
38245 FDRE_ZINI $auto$ff.cc:266:slice$18514.R[0]
38246 FDRE_ZINI $auto$ff.cc:266:slice$18515.R[0]
38247 FDRE_ZINI $auto$ff.cc:266:slice$18516.R[0]
38248 FDRE_ZINI $auto$ff.cc:266:slice$18517.R[0]
38249 FDRE_ZINI $auto$ff.cc:266:slice$18518.R[0]
38250 FDRE_ZINI $auto$ff.cc:266:slice$18519.R[0]
38251 FDRE_ZINI $auto$ff.cc:266:slice$18520.R[0]
38252 FDRE_ZINI $auto$ff.cc:266:slice$18521.R[0]
38253 FDRE_ZINI $auto$ff.cc:266:slice$18522.R[0]
38254 FDRE_ZINI $auto$ff.cc:266:slice$18523.R[0]
38255 FDRE_ZINI $auto$ff.cc:266:slice$18524.R[0]
38256 FDRE_ZINI $auto$ff.cc:266:slice$18525.R[0]
38257 FDRE_ZINI $auto$ff.cc:266:slice$18526.R[0]
38258 FDRE_ZINI $auto$ff.cc:266:slice$18527.R[0]
38259 FDRE_ZINI $auto$ff.cc:266:slice$18528.R[0]
38260 FDRE_ZINI $auto$ff.cc:266:slice$18529.R[0]
38261 FDRE_ZINI $auto$ff.cc:266:slice$18530.R[0]
38262 FDRE_ZINI $auto$ff.cc:266:slice$18531.R[0]
38263 FDRE_ZINI $auto$ff.cc:266:slice$18532.R[0]
38264 FDRE_ZINI $auto$ff.cc:266:slice$18533.R[0]
38265 FDRE_ZINI $auto$ff.cc:266:slice$18534.R[0]
38266 FDRE_ZINI $auto$ff.cc:266:slice$18535.R[0]
38267 FDRE_ZINI $auto$ff.cc:266:slice$18536.R[0]
38268 FDRE_ZINI $auto$ff.cc:266:slice$18537.R[0]
38269 FDRE_ZINI $auto$ff.cc:266:slice$18538.R[0]
38270 FDRE_ZINI $auto$ff.cc:266:slice$18539.R[0]
38271 FDRE_ZINI $auto$ff.cc:266:slice$18540.R[0]
38272 FDRE_ZINI $auto$ff.cc:266:slice$18541.R[0]
38273 FDRE_ZINI $auto$ff.cc:266:slice$18542.R[0]
38274 FDRE_ZINI $auto$ff.cc:266:slice$18543.R[0]
38275 FDRE_ZINI $auto$ff.cc:266:slice$18544.R[0]
38276 FDRE_ZINI $auto$ff.cc:266:slice$18545.R[0]
38277 FDRE_ZINI $auto$ff.cc:266:slice$18546.R[0]
38278 FDRE_ZINI $auto$ff.cc:266:slice$18547.R[0]
38279 FDRE_ZINI $auto$ff.cc:266:slice$18548.R[0]
38280 FDRE_ZINI $auto$ff.cc:266:slice$18549.R[0]
38281 FDRE_ZINI $auto$ff.cc:266:slice$18550.R[0]
38282 FDRE_ZINI $auto$ff.cc:266:slice$18551.R[0]
38283 FDRE_ZINI $auto$ff.cc:266:slice$18552.R[0]
38284 FDRE_ZINI $auto$ff.cc:266:slice$18553.R[0]
38285 FDRE_ZINI $auto$ff.cc:266:slice$18554.R[0]
38286 FDRE_ZINI $auto$ff.cc:266:slice$18555.R[0]
38287 FDRE_ZINI $auto$ff.cc:266:slice$18556.R[0]
38288 FDRE_ZINI $auto$ff.cc:266:slice$18557.R[0]
38289 FDRE_ZINI $auto$ff.cc:266:slice$18558.R[0]
38290 FDRE_ZINI $auto$ff.cc:266:slice$18559.R[0]
38291 FDRE_ZINI $auto$ff.cc:266:slice$18560.R[0]
38292 FDRE_ZINI $auto$ff.cc:266:slice$18561.R[0]
38293 FDRE_ZINI $auto$ff.cc:266:slice$18562.R[0]
38294 FDRE_ZINI $auto$ff.cc:266:slice$18563.R[0]
38295 FDRE_ZINI $auto$ff.cc:266:slice$18564.R[0]
38296 FDRE_ZINI $auto$ff.cc:266:slice$18565.R[0]
38297 FDRE_ZINI $auto$ff.cc:266:slice$18566.R[0]
38298 FDRE_ZINI $auto$ff.cc:266:slice$18567.R[0]
38299 FDRE_ZINI $auto$ff.cc:266:slice$18568.R[0]
38300 FDRE_ZINI $auto$ff.cc:266:slice$18569.R[0]
38301 FDRE_ZINI $auto$ff.cc:266:slice$18570.R[0]
38302 FDRE_ZINI $auto$ff.cc:266:slice$18571.R[0]
38303 FDRE_ZINI $auto$ff.cc:266:slice$18572.R[0]
38304 FDRE_ZINI $auto$ff.cc:266:slice$18573.R[0]
38305 FDRE_ZINI $auto$ff.cc:266:slice$18574.R[0]
38306 FDRE_ZINI $auto$ff.cc:266:slice$18575.R[0]
38307 FDRE_ZINI $auto$ff.cc:266:slice$18576.R[0]
38308 FDRE_ZINI $auto$ff.cc:266:slice$18577.R[0]
38309 FDRE_ZINI $auto$ff.cc:266:slice$18578.R[0]
38310 FDRE_ZINI $auto$ff.cc:266:slice$18579.R[0]
38311 FDRE_ZINI $auto$ff.cc:266:slice$18580.R[0]
38312 FDRE_ZINI $auto$ff.cc:266:slice$18581.R[0]
38313 FDRE_ZINI $auto$ff.cc:266:slice$18582.R[0]
38314 FDRE_ZINI $auto$ff.cc:266:slice$18583.R[0]
38315 FDRE_ZINI $auto$ff.cc:266:slice$18584.R[0]
38316 FDRE_ZINI $auto$ff.cc:266:slice$18585.R[0]
38317 FDRE_ZINI $auto$ff.cc:266:slice$18586.R[0]
38318 FDRE_ZINI $auto$ff.cc:266:slice$18587.R[0]
38319 FDRE_ZINI $auto$ff.cc:266:slice$18588.R[0]
38320 FDRE_ZINI $auto$ff.cc:266:slice$18589.R[0]
38321 FDRE_ZINI $auto$ff.cc:266:slice$18590.R[0]
38322 FDRE_ZINI $auto$ff.cc:266:slice$18591.R[0]
38323 FDRE_ZINI $auto$ff.cc:266:slice$18592.R[0]
38324 FDRE_ZINI $auto$ff.cc:266:slice$18593.R[0]
38325 FDRE_ZINI $auto$ff.cc:266:slice$18594.R[0]
38326 FDRE_ZINI $auto$ff.cc:266:slice$18595.R[0]
38327 FDRE_ZINI $auto$ff.cc:266:slice$18596.R[0]
38328 FDRE_ZINI $auto$ff.cc:266:slice$18597.R[0]
38329 FDRE_ZINI $auto$ff.cc:266:slice$18598.R[0]
38330 FDRE_ZINI $auto$ff.cc:266:slice$18599.R[0]
38331 FDRE_ZINI $auto$ff.cc:266:slice$18600.R[0]
38332 FDRE_ZINI $auto$ff.cc:266:slice$18601.R[0]
38333 FDRE_ZINI $auto$ff.cc:266:slice$18602.R[0]
38334 FDRE_ZINI $auto$ff.cc:266:slice$18603.R[0]
38335 FDRE_ZINI $auto$ff.cc:266:slice$18604.R[0]
38336 FDRE_ZINI $auto$ff.cc:266:slice$18605.R[0]
38337 FDRE_ZINI $auto$ff.cc:266:slice$18606.R[0]
38338 FDRE_ZINI $auto$ff.cc:266:slice$18607.R[0]
38339 FDRE_ZINI $auto$ff.cc:266:slice$18608.R[0]
38340 FDRE_ZINI $auto$ff.cc:266:slice$18609.R[0]
38341 FDRE_ZINI $auto$ff.cc:266:slice$18610.R[0]
38342 FDRE_ZINI $auto$ff.cc:266:slice$18611.R[0]
38343 FDRE_ZINI $auto$ff.cc:266:slice$18612.R[0]
38344 FDRE_ZINI $auto$ff.cc:266:slice$18613.R[0]
38345 FDRE_ZINI $auto$ff.cc:266:slice$18614.R[0]
38346 FDRE_ZINI $auto$ff.cc:266:slice$18615.R[0]
38347 FDRE_ZINI $auto$ff.cc:266:slice$18616.R[0]
38348 FDRE_ZINI $auto$ff.cc:266:slice$18617.R[0]
38349 FDRE_ZINI $auto$ff.cc:266:slice$18618.R[0]
38350 FDRE_ZINI $auto$ff.cc:266:slice$18619.R[0]
38351 FDRE_ZINI $auto$ff.cc:266:slice$18620.R[0]
38352 FDRE_ZINI $auto$ff.cc:266:slice$18621.R[0]
38353 FDRE_ZINI $auto$ff.cc:266:slice$18622.R[0]
38354 FDRE_ZINI $auto$ff.cc:266:slice$18623.R[0]
38355 FDRE_ZINI $auto$ff.cc:266:slice$18624.R[0]
38356 FDRE_ZINI $auto$ff.cc:266:slice$18625.R[0]
38357 FDRE_ZINI $auto$ff.cc:266:slice$18626.R[0]
38358 FDRE_ZINI $auto$ff.cc:266:slice$18627.R[0]
38359 FDRE_ZINI $auto$ff.cc:266:slice$18628.R[0]
38360 FDRE_ZINI $auto$ff.cc:266:slice$18629.R[0]
38361 FDRE_ZINI $auto$ff.cc:266:slice$18630.R[0]
38362 FDRE_ZINI $auto$ff.cc:266:slice$18631.R[0]
38363 FDRE_ZINI $auto$ff.cc:266:slice$18632.R[0]
38364 FDRE_ZINI $auto$ff.cc:266:slice$18633.R[0]
38365 FDRE_ZINI $auto$ff.cc:266:slice$18634.R[0]
38366 FDRE_ZINI $auto$ff.cc:266:slice$18635.R[0]
38367 FDRE_ZINI $auto$ff.cc:266:slice$18636.R[0]
38368 FDRE_ZINI $auto$ff.cc:266:slice$18637.R[0]
38369 FDRE_ZINI $auto$ff.cc:266:slice$18638.R[0]
38370 FDRE_ZINI $auto$ff.cc:266:slice$18639.R[0]
38371 FDRE_ZINI $auto$ff.cc:266:slice$18640.R[0]
38372 FDRE_ZINI $auto$ff.cc:266:slice$18641.R[0]
38373 FDRE_ZINI $auto$ff.cc:266:slice$18642.R[0]
38374 FDRE_ZINI $auto$ff.cc:266:slice$18643.R[0]
38375 FDRE_ZINI $auto$ff.cc:266:slice$18644.R[0]
38376 FDRE_ZINI $auto$ff.cc:266:slice$18645.R[0]
38377 FDRE_ZINI $auto$ff.cc:266:slice$18646.R[0]
38378 FDRE_ZINI $auto$ff.cc:266:slice$18647.R[0]
38379 FDRE_ZINI $auto$ff.cc:266:slice$18648.R[0]
38380 FDRE_ZINI $auto$ff.cc:266:slice$18649.R[0]
38381 FDRE_ZINI $auto$ff.cc:266:slice$18650.R[0]
38382 FDRE_ZINI $auto$ff.cc:266:slice$18651.R[0]
38383 FDRE_ZINI $auto$ff.cc:266:slice$18652.R[0]
38384 FDRE_ZINI $auto$ff.cc:266:slice$18653.R[0]
38385 FDRE_ZINI $auto$ff.cc:266:slice$18654.R[0]
38386 FDRE_ZINI $auto$ff.cc:266:slice$18655.R[0]
38387 FDRE_ZINI $auto$ff.cc:266:slice$18656.R[0]
38388 FDRE_ZINI $auto$ff.cc:266:slice$18657.R[0]
38389 FDRE_ZINI $auto$ff.cc:266:slice$18658.R[0]
38390 FDRE_ZINI $auto$ff.cc:266:slice$18659.R[0]
38391 FDRE_ZINI $auto$ff.cc:266:slice$18660.R[0]
38392 FDRE_ZINI $auto$ff.cc:266:slice$18661.R[0]
38393 FDRE_ZINI $auto$ff.cc:266:slice$18662.R[0]
38394 FDRE_ZINI $auto$ff.cc:266:slice$18663.R[0]
38395 FDRE_ZINI $auto$ff.cc:266:slice$18664.R[0]
38396 FDRE_ZINI $auto$ff.cc:266:slice$18665.R[0]
38397 FDRE_ZINI $auto$ff.cc:266:slice$18666.R[0]
38398 FDRE_ZINI $auto$ff.cc:266:slice$18667.R[0]
38399 FDRE_ZINI $auto$ff.cc:266:slice$18668.R[0]
38400 FDRE_ZINI $auto$ff.cc:266:slice$18669.R[0]
38401 FDRE_ZINI $auto$ff.cc:266:slice$18670.R[0]
38402 FDRE_ZINI $auto$ff.cc:266:slice$18671.R[0]
38403 FDRE_ZINI $auto$ff.cc:266:slice$18672.R[0]
38404 FDRE_ZINI $auto$ff.cc:266:slice$18673.R[0]
38405 FDRE_ZINI $auto$ff.cc:266:slice$18674.R[0]
38406 FDRE_ZINI $auto$ff.cc:266:slice$18675.R[0]
38407 FDRE_ZINI $auto$ff.cc:266:slice$18676.R[0]
38408 FDRE_ZINI $auto$ff.cc:266:slice$18677.R[0]
38409 FDRE_ZINI $auto$ff.cc:266:slice$18678.R[0]
38410 FDRE_ZINI $auto$ff.cc:266:slice$18679.R[0]
38411 FDRE_ZINI $auto$ff.cc:266:slice$18680.R[0]
38412 FDRE_ZINI $auto$ff.cc:266:slice$18681.R[0]
38413 FDRE_ZINI $auto$ff.cc:266:slice$18682.R[0]
38414 FDRE_ZINI $auto$ff.cc:266:slice$18683.R[0]
38415 FDRE_ZINI $auto$ff.cc:266:slice$18684.R[0]
38416 FDRE_ZINI $auto$ff.cc:266:slice$18685.R[0]
38417 FDRE_ZINI $auto$ff.cc:266:slice$18686.R[0]
38418 FDRE_ZINI $auto$ff.cc:266:slice$18687.R[0]
38419 FDRE_ZINI $auto$ff.cc:266:slice$18688.R[0]
38420 FDRE_ZINI $auto$ff.cc:266:slice$18689.R[0]
38421 FDRE_ZINI $auto$ff.cc:266:slice$18690.R[0]
38422 FDRE_ZINI $auto$ff.cc:266:slice$18691.R[0]
38423 FDRE_ZINI $auto$ff.cc:266:slice$18692.R[0]
38424 FDRE_ZINI $auto$ff.cc:266:slice$18693.R[0]
38425 FDRE_ZINI $auto$ff.cc:266:slice$18694.R[0]
38426 FDRE_ZINI $auto$ff.cc:266:slice$18695.R[0]
38427 FDRE_ZINI $auto$ff.cc:266:slice$18696.R[0]
38428 FDRE_ZINI $auto$ff.cc:266:slice$18697.R[0]
38429 FDRE_ZINI $auto$ff.cc:266:slice$18698.R[0]
38430 FDRE_ZINI $auto$ff.cc:266:slice$18699.R[0]
38431 FDRE_ZINI $auto$ff.cc:266:slice$18700.R[0]
38432 FDRE_ZINI $auto$ff.cc:266:slice$18701.R[0]
38433 FDRE_ZINI $auto$ff.cc:266:slice$18702.R[0]
38434 FDRE_ZINI $auto$ff.cc:266:slice$18703.R[0]
38435 FDRE_ZINI $auto$ff.cc:266:slice$18704.R[0]
38436 FDRE_ZINI $auto$ff.cc:266:slice$18705.R[0]
38437 FDRE_ZINI $auto$ff.cc:266:slice$18706.R[0]
38438 FDRE_ZINI $auto$ff.cc:266:slice$18707.R[0]
38439 FDRE_ZINI $auto$ff.cc:266:slice$18708.R[0]
38440 FDRE_ZINI $auto$ff.cc:266:slice$18709.R[0]
38441 FDRE_ZINI $auto$ff.cc:266:slice$18710.R[0]
38442 FDRE_ZINI $auto$ff.cc:266:slice$18711.R[0]
38443 FDRE_ZINI $auto$ff.cc:266:slice$18712.R[0]
38444 FDRE_ZINI $auto$ff.cc:266:slice$18713.R[0]
38445 FDRE_ZINI $auto$ff.cc:266:slice$18714.R[0]
38446 FDRE_ZINI $auto$ff.cc:266:slice$18715.R[0]
38447 FDRE_ZINI $auto$ff.cc:266:slice$18716.R[0]
38448 FDRE_ZINI $auto$ff.cc:266:slice$18717.R[0]
38449 FDRE_ZINI $auto$ff.cc:266:slice$18718.R[0]
38450 FDRE_ZINI $auto$ff.cc:266:slice$18719.R[0]
38451 FDRE_ZINI $auto$ff.cc:266:slice$18720.R[0]
38452 FDRE_ZINI $auto$ff.cc:266:slice$18721.R[0]
38453 FDRE_ZINI $auto$ff.cc:266:slice$18722.R[0]
38454 FDRE_ZINI $auto$ff.cc:266:slice$18723.R[0]
38455 FDRE_ZINI $auto$ff.cc:266:slice$18724.R[0]
38456 FDRE_ZINI $auto$ff.cc:266:slice$18725.R[0]
38457 FDRE_ZINI $auto$ff.cc:266:slice$18726.R[0]
38458 FDRE_ZINI $auto$ff.cc:266:slice$18727.R[0]
38459 FDRE_ZINI $auto$ff.cc:266:slice$18728.R[0]
38460 FDRE_ZINI $auto$ff.cc:266:slice$18729.R[0]
38461 FDRE_ZINI $auto$ff.cc:266:slice$18730.R[0]
38462 FDRE_ZINI $auto$ff.cc:266:slice$18731.R[0]
38463 FDRE_ZINI $auto$ff.cc:266:slice$18732.R[0]
38464 FDRE_ZINI $auto$ff.cc:266:slice$18733.R[0]
38465 FDRE_ZINI $auto$ff.cc:266:slice$18734.R[0]
38466 FDRE_ZINI $auto$ff.cc:266:slice$18735.R[0]
38467 FDRE_ZINI $auto$ff.cc:266:slice$18736.R[0]
38468 FDRE_ZINI $auto$ff.cc:266:slice$18737.R[0]
38469 FDRE_ZINI $auto$ff.cc:266:slice$18738.R[0]
38470 FDRE_ZINI $auto$ff.cc:266:slice$18739.R[0]
38471 FDRE_ZINI $auto$ff.cc:266:slice$18740.R[0]
38472 FDRE_ZINI $auto$ff.cc:266:slice$18741.R[0]
38473 FDRE_ZINI $auto$ff.cc:266:slice$18742.R[0]
38474 FDRE_ZINI $auto$ff.cc:266:slice$18743.R[0]
38475 FDRE_ZINI $auto$ff.cc:266:slice$18744.R[0]
38476 FDRE_ZINI $auto$ff.cc:266:slice$18745.R[0]
38477 FDRE_ZINI $auto$ff.cc:266:slice$18746.R[0]
38478 FDRE_ZINI $auto$ff.cc:266:slice$18747.R[0]
38479 FDRE_ZINI $auto$ff.cc:266:slice$18748.R[0]
38480 FDRE_ZINI $auto$ff.cc:266:slice$18749.R[0]
38481 FDRE_ZINI $auto$ff.cc:266:slice$18750.R[0]
38482 FDRE_ZINI $auto$ff.cc:266:slice$18751.R[0]
38483 FDRE_ZINI $auto$ff.cc:266:slice$18752.R[0]
38484 FDRE_ZINI $auto$ff.cc:266:slice$18753.R[0]
38485 FDRE_ZINI $auto$ff.cc:266:slice$18754.R[0]
38486 FDRE_ZINI $auto$ff.cc:266:slice$18755.R[0]
38487 FDRE_ZINI $auto$ff.cc:266:slice$18756.R[0]
38488 FDRE_ZINI $auto$ff.cc:266:slice$18757.R[0]
38489 FDRE_ZINI $auto$ff.cc:266:slice$18758.R[0]
38490 FDRE_ZINI $auto$ff.cc:266:slice$18759.R[0]
38491 FDRE_ZINI $auto$ff.cc:266:slice$18760.R[0]
38492 FDRE_ZINI $auto$ff.cc:266:slice$18761.R[0]
38493 FDRE_ZINI $auto$ff.cc:266:slice$18762.R[0]
38494 FDRE_ZINI $auto$ff.cc:266:slice$18763.R[0]
38495 FDRE_ZINI $auto$ff.cc:266:slice$18764.R[0]
38496 FDRE_ZINI $auto$ff.cc:266:slice$18765.R[0]
38497 FDRE_ZINI $auto$ff.cc:266:slice$18766.R[0]
38498 FDRE_ZINI $auto$ff.cc:266:slice$18767.R[0]
38499 FDRE_ZINI $auto$ff.cc:266:slice$18768.R[0]
38500 FDRE_ZINI $auto$ff.cc:266:slice$18769.R[0]
38501 FDRE_ZINI $auto$ff.cc:266:slice$18770.R[0]
38502 FDRE_ZINI $auto$ff.cc:266:slice$18771.R[0]
38503 FDRE_ZINI $auto$ff.cc:266:slice$18772.R[0]
38504 FDRE_ZINI $auto$ff.cc:266:slice$18773.R[0]
38505 FDRE_ZINI $auto$ff.cc:266:slice$18774.R[0]
38506 FDRE_ZINI $auto$ff.cc:266:slice$18775.R[0]
38507 FDRE_ZINI $auto$ff.cc:266:slice$18776.R[0]
38508 FDRE_ZINI $auto$ff.cc:266:slice$18777.R[0]
38509 FDRE_ZINI $auto$ff.cc:266:slice$18778.R[0]
38510 FDRE_ZINI $auto$ff.cc:266:slice$18779.R[0]
38511 FDRE_ZINI $auto$ff.cc:266:slice$18780.R[0]
38512 FDRE_ZINI $auto$ff.cc:266:slice$18781.R[0]
38513 FDRE_ZINI $auto$ff.cc:266:slice$18782.R[0]
38514 FDRE_ZINI $auto$ff.cc:266:slice$18783.R[0]
38515 FDRE_ZINI $auto$ff.cc:266:slice$18784.R[0]
38516 FDRE_ZINI $auto$ff.cc:266:slice$18785.R[0]
38517 FDRE_ZINI $auto$ff.cc:266:slice$18786.R[0]
38518 FDRE_ZINI $auto$ff.cc:266:slice$18787.R[0]
38519 FDRE_ZINI $auto$ff.cc:266:slice$18788.R[0]
38520 FDRE_ZINI $auto$ff.cc:266:slice$18789.R[0]
38521 FDRE_ZINI $auto$ff.cc:266:slice$18790.R[0]
38522 FDRE_ZINI $auto$ff.cc:266:slice$18791.R[0]
38523 FDRE_ZINI $auto$ff.cc:266:slice$18792.R[0]
38524 FDRE_ZINI $auto$ff.cc:266:slice$18793.R[0]
38525 FDRE_ZINI $auto$ff.cc:266:slice$18794.R[0]
38526 FDRE_ZINI $auto$ff.cc:266:slice$18795.R[0]
38527 FDRE_ZINI $auto$ff.cc:266:slice$18796.R[0]
38528 FDRE_ZINI $auto$ff.cc:266:slice$18797.R[0]
38529 FDRE_ZINI $auto$ff.cc:266:slice$18798.R[0]
38530 FDRE_ZINI $auto$ff.cc:266:slice$18799.R[0]
38531 FDRE_ZINI $auto$ff.cc:266:slice$18800.R[0]
38532 FDRE_ZINI $auto$ff.cc:266:slice$18801.R[0]
38533 FDRE_ZINI $auto$ff.cc:266:slice$18802.R[0]
38534 FDRE_ZINI $auto$ff.cc:266:slice$18803.R[0]
38535 FDRE_ZINI $auto$ff.cc:266:slice$18804.R[0]
38536 FDRE_ZINI $auto$ff.cc:266:slice$18805.R[0]
38537 FDRE_ZINI $auto$ff.cc:266:slice$18806.R[0]
38538 FDRE_ZINI $auto$ff.cc:266:slice$18807.R[0]
38539 FDRE_ZINI $auto$ff.cc:266:slice$18808.R[0]
38540 FDRE_ZINI $auto$ff.cc:266:slice$18809.R[0]
38541 FDRE_ZINI $auto$ff.cc:266:slice$18810.R[0]
38542 FDRE_ZINI $auto$ff.cc:266:slice$18811.R[0]
38543 FDRE_ZINI $auto$ff.cc:266:slice$18812.R[0]
38544 FDRE_ZINI $auto$ff.cc:266:slice$18813.R[0]
38545 FDRE_ZINI $auto$ff.cc:266:slice$18814.R[0]
38546 FDRE_ZINI $auto$ff.cc:266:slice$18815.R[0]
38547 FDRE_ZINI $auto$ff.cc:266:slice$18816.R[0]
38548 FDRE_ZINI $auto$ff.cc:266:slice$18817.R[0]
38549 FDRE_ZINI $auto$ff.cc:266:slice$18818.R[0]
38550 FDRE_ZINI $auto$ff.cc:266:slice$18819.R[0]
38551 FDRE_ZINI $auto$ff.cc:266:slice$18820.R[0]
38552 FDRE_ZINI $auto$ff.cc:266:slice$18821.R[0]
38553 FDRE_ZINI $auto$ff.cc:266:slice$18822.R[0]
38554 FDRE_ZINI $auto$ff.cc:266:slice$18823.R[0]
38555 FDRE_ZINI $auto$ff.cc:266:slice$18824.R[0]
38556 FDRE_ZINI $auto$ff.cc:266:slice$18825.R[0]
38557 FDRE_ZINI $auto$ff.cc:266:slice$18826.R[0]
38558 FDRE_ZINI $auto$ff.cc:266:slice$18827.R[0]
38559 FDRE_ZINI $auto$ff.cc:266:slice$18828.R[0]
38560 FDRE_ZINI $auto$ff.cc:266:slice$18829.R[0]
38561 FDRE_ZINI $auto$ff.cc:266:slice$18830.R[0]
38562 FDRE_ZINI $auto$ff.cc:266:slice$18831.R[0]
38563 FDRE_ZINI $auto$ff.cc:266:slice$18832.R[0]
38564 FDRE_ZINI $auto$ff.cc:266:slice$18833.R[0]
38565 FDRE_ZINI $auto$ff.cc:266:slice$18834.R[0]
38566 FDRE_ZINI $auto$ff.cc:266:slice$18835.R[0]
38567 FDRE_ZINI $auto$ff.cc:266:slice$18836.R[0]
38568 FDRE_ZINI $auto$ff.cc:266:slice$18837.R[0]
38569 FDRE_ZINI $auto$ff.cc:266:slice$18838.R[0]
38570 FDRE_ZINI $auto$ff.cc:266:slice$18839.R[0]
38571 FDRE_ZINI $auto$ff.cc:266:slice$18840.R[0]
38572 FDRE_ZINI $auto$ff.cc:266:slice$18841.R[0]
38573 FDRE_ZINI $auto$ff.cc:266:slice$18842.R[0]
38574 FDRE_ZINI $auto$ff.cc:266:slice$18843.R[0]
38575 FDRE_ZINI $auto$ff.cc:266:slice$18844.R[0]
38576 FDRE_ZINI $auto$ff.cc:266:slice$18845.R[0]
38577 FDRE_ZINI $auto$ff.cc:266:slice$18846.R[0]
38578 FDRE_ZINI $auto$ff.cc:266:slice$18847.R[0]
38579 FDRE_ZINI $auto$ff.cc:266:slice$18848.R[0]
38580 FDRE_ZINI $auto$ff.cc:266:slice$18849.R[0]
38581 FDRE_ZINI $auto$ff.cc:266:slice$18850.R[0]
38582 FDRE_ZINI $auto$ff.cc:266:slice$18851.R[0]
38583 FDRE_ZINI $auto$ff.cc:266:slice$18852.R[0]
38584 FDRE_ZINI $auto$ff.cc:266:slice$18853.R[0]
38585 FDRE_ZINI $auto$ff.cc:266:slice$18854.R[0]
38586 FDRE_ZINI $auto$ff.cc:266:slice$18855.R[0]
38587 FDRE_ZINI $auto$ff.cc:266:slice$18856.R[0]
38588 FDRE_ZINI $auto$ff.cc:266:slice$18857.R[0]
38589 FDRE_ZINI $auto$ff.cc:266:slice$18858.R[0]
38590 FDRE_ZINI $auto$ff.cc:266:slice$18859.R[0]
38591 FDRE_ZINI $auto$ff.cc:266:slice$18860.R[0]
38592 FDRE_ZINI $auto$ff.cc:266:slice$18861.R[0]
38593 FDRE_ZINI $auto$ff.cc:266:slice$18862.R[0]
38594 FDRE_ZINI $auto$ff.cc:266:slice$18863.R[0]
38595 FDRE_ZINI $auto$ff.cc:266:slice$18864.R[0]
38596 FDRE_ZINI $auto$ff.cc:266:slice$18865.R[0]
38597 FDRE_ZINI $auto$ff.cc:266:slice$18866.R[0]
38598 FDRE_ZINI $auto$ff.cc:266:slice$18867.R[0]
38599 FDRE_ZINI $auto$ff.cc:266:slice$18868.R[0]
38600 FDRE_ZINI $auto$ff.cc:266:slice$18869.R[0]
38601 FDRE_ZINI $auto$ff.cc:266:slice$18870.R[0]
38602 FDRE_ZINI $auto$ff.cc:266:slice$18871.R[0]
38603 FDRE_ZINI $auto$ff.cc:266:slice$18872.R[0]
38604 FDRE_ZINI $auto$ff.cc:266:slice$18873.R[0]
38605 FDRE_ZINI $auto$ff.cc:266:slice$18874.R[0]
38606 FDRE_ZINI $auto$ff.cc:266:slice$18875.R[0]
38607 FDRE_ZINI $auto$ff.cc:266:slice$18876.R[0]
38608 FDRE_ZINI $auto$ff.cc:266:slice$18877.R[0]
38609 FDRE_ZINI $auto$ff.cc:266:slice$18878.R[0]
38610 FDRE_ZINI $auto$ff.cc:266:slice$18879.R[0]
38611 FDRE_ZINI $auto$ff.cc:266:slice$18880.R[0]
38612 FDRE_ZINI $auto$ff.cc:266:slice$18881.R[0]
38613 FDRE_ZINI $auto$ff.cc:266:slice$18882.R[0]
38614 FDRE_ZINI $auto$ff.cc:266:slice$18883.R[0]
38615 FDRE_ZINI $auto$ff.cc:266:slice$18884.R[0]
38616 FDRE_ZINI $auto$ff.cc:266:slice$18885.R[0]
38617 FDRE_ZINI $auto$ff.cc:266:slice$18886.R[0]
38618 FDRE_ZINI $auto$ff.cc:266:slice$18887.R[0]
38619 FDRE_ZINI $auto$ff.cc:266:slice$18888.R[0]
38620 FDRE_ZINI $auto$ff.cc:266:slice$18889.R[0]
38621 FDRE_ZINI $auto$ff.cc:266:slice$18890.R[0]
38622 FDRE_ZINI $auto$ff.cc:266:slice$18891.R[0]
38623 FDRE_ZINI $auto$ff.cc:266:slice$18892.R[0]
38624 FDRE_ZINI $auto$ff.cc:266:slice$18893.R[0]
38625 FDRE_ZINI $auto$ff.cc:266:slice$18894.R[0]
38626 FDRE_ZINI $auto$ff.cc:266:slice$18895.R[0]
38627 FDRE_ZINI $auto$ff.cc:266:slice$18896.R[0]
38628 FDRE_ZINI $auto$ff.cc:266:slice$18897.R[0]
38629 FDRE_ZINI $auto$ff.cc:266:slice$18898.R[0]
38630 FDRE_ZINI $auto$ff.cc:266:slice$18899.R[0]
38631 FDRE_ZINI $auto$ff.cc:266:slice$18900.R[0]
38632 FDRE_ZINI $auto$ff.cc:266:slice$18901.R[0]
38633 FDRE_ZINI $auto$ff.cc:266:slice$18902.R[0]
38634 FDRE_ZINI $auto$ff.cc:266:slice$18903.R[0]
38635 FDRE_ZINI $auto$ff.cc:266:slice$18904.R[0]
38636 FDRE_ZINI $auto$ff.cc:266:slice$18905.R[0]
38637 FDRE_ZINI $auto$ff.cc:266:slice$18906.R[0]
38638 FDRE_ZINI $auto$ff.cc:266:slice$18907.R[0]
38639 FDRE_ZINI $auto$ff.cc:266:slice$18908.R[0]
38640 FDRE_ZINI $auto$ff.cc:266:slice$18909.R[0]
38641 FDRE_ZINI $auto$ff.cc:266:slice$18910.R[0]
38642 FDRE_ZINI $auto$ff.cc:266:slice$18911.R[0]
38643 FDRE_ZINI $auto$ff.cc:266:slice$18912.R[0]
38644 FDRE_ZINI $auto$ff.cc:266:slice$18913.R[0]
38645 FDRE_ZINI $auto$ff.cc:266:slice$18914.R[0]
38646 FDRE_ZINI $auto$ff.cc:266:slice$18915.R[0]
38647 FDRE_ZINI $auto$ff.cc:266:slice$18916.R[0]
38648 FDRE_ZINI $auto$ff.cc:266:slice$18917.R[0]
38649 FDRE_ZINI $auto$ff.cc:266:slice$18918.R[0]
38650 FDRE_ZINI $auto$ff.cc:266:slice$18919.R[0]
38651 FDRE_ZINI $auto$ff.cc:266:slice$18920.R[0]
38652 FDRE_ZINI $auto$ff.cc:266:slice$18921.R[0]
38653 FDRE_ZINI $auto$ff.cc:266:slice$18922.R[0]
38654 FDRE_ZINI $auto$ff.cc:266:slice$18923.R[0]
38655 FDRE_ZINI $auto$ff.cc:266:slice$18924.R[0]
38656 FDRE_ZINI $auto$ff.cc:266:slice$18925.R[0]
38657 FDRE_ZINI $auto$ff.cc:266:slice$18926.R[0]
38658 FDRE_ZINI $auto$ff.cc:266:slice$18927.R[0]
38659 FDRE_ZINI $auto$ff.cc:266:slice$18928.R[0]
38660 FDRE_ZINI $auto$ff.cc:266:slice$18929.R[0]
38661 FDRE_ZINI $auto$ff.cc:266:slice$18930.R[0]
38662 FDRE_ZINI $auto$ff.cc:266:slice$18931.R[0]
38663 FDRE_ZINI $auto$ff.cc:266:slice$18932.R[0]
38664 FDRE_ZINI $auto$ff.cc:266:slice$18933.R[0]
38665 FDRE_ZINI $auto$ff.cc:266:slice$18934.R[0]
38666 FDRE_ZINI $auto$ff.cc:266:slice$18935.R[0]
38667 FDRE_ZINI $auto$ff.cc:266:slice$18936.R[0]
38668 FDRE_ZINI $auto$ff.cc:266:slice$18937.R[0]
38669 FDRE_ZINI $auto$ff.cc:266:slice$18938.R[0]
38670 FDRE_ZINI $auto$ff.cc:266:slice$18939.R[0]
38671 FDRE_ZINI $auto$ff.cc:266:slice$18940.R[0]
38672 FDRE_ZINI $auto$ff.cc:266:slice$18941.R[0]
38673 FDRE_ZINI $auto$ff.cc:266:slice$18942.R[0]
38674 FDRE_ZINI $auto$ff.cc:266:slice$18943.R[0]
38675 FDRE_ZINI $auto$ff.cc:266:slice$18944.R[0]
38676 FDRE_ZINI $auto$ff.cc:266:slice$18945.R[0]
38677 FDRE_ZINI $auto$ff.cc:266:slice$18946.R[0]
38678 FDRE_ZINI $auto$ff.cc:266:slice$18947.R[0]
38679 FDRE_ZINI $auto$ff.cc:266:slice$18948.R[0]
38680 FDRE_ZINI $auto$ff.cc:266:slice$18949.R[0]
38681 FDRE_ZINI $auto$ff.cc:266:slice$18950.R[0]
38682 FDRE_ZINI $auto$ff.cc:266:slice$18951.R[0]
38683 FDRE_ZINI $auto$ff.cc:266:slice$18952.R[0]
38684 FDRE_ZINI $auto$ff.cc:266:slice$18953.R[0]
38685 FDRE_ZINI $auto$ff.cc:266:slice$18954.R[0]
38686 FDRE_ZINI $auto$ff.cc:266:slice$18955.R[0]
38687 FDRE_ZINI $auto$ff.cc:266:slice$18956.R[0]
38688 FDRE_ZINI $auto$ff.cc:266:slice$18957.R[0]
38689 FDRE_ZINI $auto$ff.cc:266:slice$18958.R[0]
38690 FDRE_ZINI $auto$ff.cc:266:slice$18959.R[0]
38691 FDRE_ZINI $auto$ff.cc:266:slice$18960.R[0]
38692 FDRE_ZINI $auto$ff.cc:266:slice$18961.R[0]
38693 FDRE_ZINI $auto$ff.cc:266:slice$18962.R[0]
38694 FDRE_ZINI $auto$ff.cc:266:slice$18963.R[0]
38695 FDRE_ZINI $auto$ff.cc:266:slice$18964.R[0]
38696 FDRE_ZINI $auto$ff.cc:266:slice$18965.R[0]
38697 FDRE_ZINI $auto$ff.cc:266:slice$18966.R[0]
38698 FDRE_ZINI $auto$ff.cc:266:slice$18967.R[0]
38699 FDRE_ZINI $auto$ff.cc:266:slice$18968.R[0]
38700 FDRE_ZINI $auto$ff.cc:266:slice$18969.R[0]
38701 FDRE_ZINI $auto$ff.cc:266:slice$18970.R[0]
38702 FDRE_ZINI $auto$ff.cc:266:slice$18971.R[0]
38703 FDRE_ZINI $auto$ff.cc:266:slice$18972.R[0]
38704 FDRE_ZINI $auto$ff.cc:266:slice$18973.R[0]
38705 FDRE_ZINI $auto$ff.cc:266:slice$18974.R[0]
38706 FDRE_ZINI $auto$ff.cc:266:slice$18975.R[0]
38707 FDRE_ZINI $auto$ff.cc:266:slice$18976.R[0]
38708 FDRE_ZINI $auto$ff.cc:266:slice$18977.R[0]
38709 FDRE_ZINI $auto$ff.cc:266:slice$18978.R[0]
38710 FDRE_ZINI $auto$ff.cc:266:slice$18979.R[0]
38711 FDRE_ZINI $auto$ff.cc:266:slice$18980.R[0]
38712 FDRE_ZINI $auto$ff.cc:266:slice$18981.R[0]
38713 FDRE_ZINI $auto$ff.cc:266:slice$18982.R[0]
38714 FDRE_ZINI $auto$ff.cc:266:slice$18983.R[0]
38715 FDRE_ZINI $auto$ff.cc:266:slice$18984.R[0]
38716 FDRE_ZINI $auto$ff.cc:266:slice$18985.R[0]
38717 FDRE_ZINI $auto$ff.cc:266:slice$18986.R[0]
38718 FDRE_ZINI $auto$ff.cc:266:slice$18987.R[0]
38719 FDRE_ZINI $auto$ff.cc:266:slice$18988.R[0]
38720 FDRE_ZINI $auto$ff.cc:266:slice$18989.R[0]
38721 FDRE_ZINI $auto$ff.cc:266:slice$18990.R[0]
38722 FDRE_ZINI $auto$ff.cc:266:slice$18991.R[0]
38723 FDRE_ZINI $auto$ff.cc:266:slice$18992.R[0]
38724 FDRE_ZINI $auto$ff.cc:266:slice$18993.R[0]
38725 FDRE_ZINI $auto$ff.cc:266:slice$18994.R[0]
38726 FDRE_ZINI $auto$ff.cc:266:slice$18995.R[0]
38727 FDRE_ZINI $auto$ff.cc:266:slice$18996.R[0]
38728 FDRE_ZINI $auto$ff.cc:266:slice$18997.R[0]
38729 FDRE_ZINI $auto$ff.cc:266:slice$18998.R[0]
38730 FDRE_ZINI $auto$ff.cc:266:slice$18999.R[0]
38731 FDRE_ZINI $auto$ff.cc:266:slice$19000.R[0]
38732 FDRE_ZINI $auto$ff.cc:266:slice$19001.R[0]
38733 FDRE_ZINI $auto$ff.cc:266:slice$19002.R[0]
38734 FDRE_ZINI $auto$ff.cc:266:slice$19003.R[0]
38735 FDRE_ZINI $auto$ff.cc:266:slice$19004.R[0]
38736 FDRE_ZINI $auto$ff.cc:266:slice$19005.R[0]
38737 FDRE_ZINI $auto$ff.cc:266:slice$19006.R[0]
38738 FDRE_ZINI $auto$ff.cc:266:slice$19007.R[0]
38739 FDRE_ZINI $auto$ff.cc:266:slice$19008.R[0]
38740 FDRE_ZINI $auto$ff.cc:266:slice$19009.R[0]
38741 FDRE_ZINI $auto$ff.cc:266:slice$19010.R[0]
38742 FDRE_ZINI $auto$ff.cc:266:slice$19011.R[0]
38743 FDRE_ZINI $auto$ff.cc:266:slice$19012.R[0]
38744 FDRE_ZINI $auto$ff.cc:266:slice$19013.R[0]
38745 FDRE_ZINI $auto$ff.cc:266:slice$19014.R[0]
38746 FDRE_ZINI $auto$ff.cc:266:slice$19015.R[0]
38747 FDRE_ZINI $auto$ff.cc:266:slice$19016.R[0]
38748 FDRE_ZINI $auto$ff.cc:266:slice$19017.R[0]
38749 FDRE_ZINI $auto$ff.cc:266:slice$19018.R[0]
38750 FDRE_ZINI $auto$ff.cc:266:slice$19019.R[0]
38751 FDRE_ZINI $auto$ff.cc:266:slice$19020.R[0]
38752 FDRE_ZINI $auto$ff.cc:266:slice$19021.R[0]
38753 FDRE_ZINI $auto$ff.cc:266:slice$19022.R[0]
38754 FDRE_ZINI $auto$ff.cc:266:slice$19023.R[0]
38755 FDRE_ZINI $auto$ff.cc:266:slice$19024.R[0]
38756 FDRE_ZINI $auto$ff.cc:266:slice$19025.R[0]
38757 FDRE_ZINI $auto$ff.cc:266:slice$19026.R[0]
38758 FDRE_ZINI $auto$ff.cc:266:slice$19027.R[0]
38759 FDRE_ZINI $auto$ff.cc:266:slice$19028.R[0]
38760 FDRE_ZINI $auto$ff.cc:266:slice$19029.R[0]
38761 FDRE_ZINI $auto$ff.cc:266:slice$19030.R[0]
38762 FDRE_ZINI $auto$ff.cc:266:slice$19031.R[0]
38763 FDRE_ZINI $auto$ff.cc:266:slice$19032.R[0]
38764 FDRE_ZINI $auto$ff.cc:266:slice$19033.R[0]
38765 FDRE_ZINI $auto$ff.cc:266:slice$19034.R[0]
38766 FDRE_ZINI $auto$ff.cc:266:slice$19035.R[0]
38767 FDRE_ZINI $auto$ff.cc:266:slice$19036.R[0]
38768 FDRE_ZINI $auto$ff.cc:266:slice$19037.R[0]
38769 FDRE_ZINI $auto$ff.cc:266:slice$19038.R[0]
38770 FDRE_ZINI $auto$ff.cc:266:slice$19039.R[0]
38771 FDRE_ZINI $auto$ff.cc:266:slice$19040.R[0]
38772 FDRE_ZINI $auto$ff.cc:266:slice$19041.R[0]
38773 FDRE_ZINI $auto$ff.cc:266:slice$19042.R[0]
38774 FDRE_ZINI $auto$ff.cc:266:slice$19043.R[0]
38775 FDRE_ZINI $auto$ff.cc:266:slice$19044.R[0]
38776 FDRE_ZINI $auto$ff.cc:266:slice$19045.R[0]
38777 FDRE_ZINI $auto$ff.cc:266:slice$19046.R[0]
38778 FDRE_ZINI $auto$ff.cc:266:slice$19047.R[0]
38779 FDRE_ZINI $auto$ff.cc:266:slice$19048.R[0]
38780 FDRE_ZINI $auto$ff.cc:266:slice$19049.R[0]
38781 FDRE_ZINI $auto$ff.cc:266:slice$19050.R[0]
38782 FDRE_ZINI $auto$ff.cc:266:slice$19051.R[0]
38783 FDRE_ZINI $auto$ff.cc:266:slice$19052.R[0]
38784 FDRE_ZINI $auto$ff.cc:266:slice$19053.R[0]
38785 FDRE_ZINI $auto$ff.cc:266:slice$19054.R[0]
38786 FDRE_ZINI $auto$ff.cc:266:slice$19055.R[0]
38787 FDRE_ZINI $auto$ff.cc:266:slice$19056.R[0]
38788 FDRE_ZINI $auto$ff.cc:266:slice$19057.R[0]
38789 FDRE_ZINI $auto$ff.cc:266:slice$19058.R[0]
38790 FDRE_ZINI $auto$ff.cc:266:slice$19059.R[0]
38791 FDRE_ZINI $auto$ff.cc:266:slice$19060.R[0]
38792 FDRE_ZINI $auto$ff.cc:266:slice$19061.R[0]
38793 FDRE_ZINI $auto$ff.cc:266:slice$19062.R[0]
38794 FDRE_ZINI $auto$ff.cc:266:slice$19063.R[0]
38795 FDRE_ZINI $auto$ff.cc:266:slice$19064.R[0]
38796 FDRE_ZINI $auto$ff.cc:266:slice$19065.R[0]
38797 FDRE_ZINI $auto$ff.cc:266:slice$19066.R[0]
38798 FDRE_ZINI $auto$ff.cc:266:slice$19067.R[0]
38799 FDRE_ZINI $auto$ff.cc:266:slice$19068.R[0]
38800 FDRE_ZINI $auto$ff.cc:266:slice$19069.R[0]
38801 FDRE_ZINI $auto$ff.cc:266:slice$19070.R[0]
38802 FDRE_ZINI $auto$ff.cc:266:slice$19071.R[0]
38803 FDRE_ZINI $auto$ff.cc:266:slice$19072.R[0]
38804 FDRE_ZINI $auto$ff.cc:266:slice$19073.R[0]
38805 FDRE_ZINI $auto$ff.cc:266:slice$19074.R[0]
38806 FDRE_ZINI $auto$ff.cc:266:slice$19075.R[0]
38807 FDRE_ZINI $auto$ff.cc:266:slice$19076.R[0]
38808 FDRE_ZINI $auto$ff.cc:266:slice$19077.R[0]
38809 FDRE_ZINI $auto$ff.cc:266:slice$19078.R[0]
38810 FDRE_ZINI $auto$ff.cc:266:slice$19079.R[0]
38811 FDRE_ZINI $auto$ff.cc:266:slice$19080.R[0]
38812 FDRE_ZINI $auto$ff.cc:266:slice$19081.R[0]
38813 FDRE_ZINI $auto$ff.cc:266:slice$19082.R[0]
38814 FDRE_ZINI $auto$ff.cc:266:slice$19083.R[0]
38815 FDRE_ZINI $auto$ff.cc:266:slice$19084.R[0]
38816 FDRE_ZINI $auto$ff.cc:266:slice$19085.R[0]
38817 FDRE_ZINI $auto$ff.cc:266:slice$19086.R[0]
38818 FDRE_ZINI $auto$ff.cc:266:slice$19087.R[0]
38819 FDRE_ZINI $auto$ff.cc:266:slice$19088.R[0]
38820 FDRE_ZINI $auto$ff.cc:266:slice$19089.R[0]
38821 FDRE_ZINI $auto$ff.cc:266:slice$19090.R[0]
38822 FDRE_ZINI $auto$ff.cc:266:slice$19091.R[0]
38823 FDRE_ZINI $auto$ff.cc:266:slice$19092.R[0]
38824 FDRE_ZINI $auto$ff.cc:266:slice$19093.R[0]
38825 FDRE_ZINI $auto$ff.cc:266:slice$19094.R[0]
38826 FDRE_ZINI $auto$ff.cc:266:slice$19095.R[0]
38827 FDRE_ZINI $auto$ff.cc:266:slice$19096.R[0]
38828 FDRE_ZINI $auto$ff.cc:266:slice$19097.R[0]
38829 FDRE_ZINI $auto$ff.cc:266:slice$19098.R[0]
38830 FDRE_ZINI $auto$ff.cc:266:slice$19099.R[0]
38831 FDRE_ZINI $auto$ff.cc:266:slice$19100.R[0]
38832 FDRE_ZINI $auto$ff.cc:266:slice$19101.R[0]
38833 FDRE_ZINI $auto$ff.cc:266:slice$19102.R[0]
38834 FDRE_ZINI $auto$ff.cc:266:slice$19103.R[0]
38835 FDRE_ZINI $auto$ff.cc:266:slice$19104.R[0]
38836 FDRE_ZINI $auto$ff.cc:266:slice$19105.R[0]
38837 FDRE_ZINI $auto$ff.cc:266:slice$19106.R[0]
38838 FDRE_ZINI $auto$ff.cc:266:slice$19107.R[0]
38839 FDRE_ZINI $auto$ff.cc:266:slice$19108.R[0]
38840 FDRE_ZINI $auto$ff.cc:266:slice$19109.R[0]
38841 FDRE_ZINI $auto$ff.cc:266:slice$19110.R[0]
38842 FDRE_ZINI $auto$ff.cc:266:slice$19111.R[0]
38843 FDRE_ZINI $auto$ff.cc:266:slice$19112.R[0]
38844 FDRE_ZINI $auto$ff.cc:266:slice$19113.R[0]
38845 FDRE_ZINI $auto$ff.cc:266:slice$19114.R[0]
38846 FDRE_ZINI $auto$ff.cc:266:slice$19115.R[0]
38847 FDRE_ZINI $auto$ff.cc:266:slice$19116.R[0]
38848 FDRE_ZINI $auto$ff.cc:266:slice$19117.R[0]
38849 FDRE_ZINI $auto$ff.cc:266:slice$19118.R[0]
38850 FDRE_ZINI $auto$ff.cc:266:slice$19119.R[0]
38851 FDRE_ZINI $auto$ff.cc:266:slice$19120.R[0]
38852 FDRE_ZINI $auto$ff.cc:266:slice$19121.R[0]
38853 FDRE_ZINI $auto$ff.cc:266:slice$19122.R[0]
38854 FDRE_ZINI $auto$ff.cc:266:slice$19123.R[0]
38855 FDRE_ZINI $auto$ff.cc:266:slice$19124.R[0]
38856 FDRE_ZINI $auto$ff.cc:266:slice$19125.R[0]
38857 FDRE_ZINI $auto$ff.cc:266:slice$19126.R[0]
38858 FDRE_ZINI $auto$ff.cc:266:slice$19127.R[0]
38859 FDRE_ZINI $auto$ff.cc:266:slice$19128.R[0]
38860 FDRE_ZINI $auto$ff.cc:266:slice$19129.R[0]
38861 FDRE_ZINI $auto$ff.cc:266:slice$19130.R[0]
38862 FDRE_ZINI $auto$ff.cc:266:slice$19131.R[0]
38863 FDRE_ZINI $auto$ff.cc:266:slice$19132.R[0]
38864 FDRE_ZINI $auto$ff.cc:266:slice$19133.R[0]
38865 FDRE_ZINI $auto$ff.cc:266:slice$19134.R[0]
38866 FDRE_ZINI $auto$ff.cc:266:slice$19135.R[0]
38867 FDRE_ZINI $auto$ff.cc:266:slice$19136.R[0]
38868 FDRE_ZINI $auto$ff.cc:266:slice$19137.R[0]
38869 FDRE_ZINI $auto$ff.cc:266:slice$19138.R[0]
38870 FDRE_ZINI $auto$ff.cc:266:slice$19139.R[0]
38871 FDRE_ZINI $auto$ff.cc:266:slice$19140.R[0]
38872 FDRE_ZINI $auto$ff.cc:266:slice$19141.R[0]
38873 FDRE_ZINI $auto$ff.cc:266:slice$19142.R[0]
38874 FDRE_ZINI $auto$ff.cc:266:slice$19143.R[0]
38875 FDRE_ZINI $auto$ff.cc:266:slice$19144.R[0]
38876 FDRE_ZINI $auto$ff.cc:266:slice$19145.R[0]
38877 FDRE_ZINI $auto$ff.cc:266:slice$19146.R[0]
38878 FDRE_ZINI $auto$ff.cc:266:slice$19147.R[0]
38879 FDRE_ZINI $auto$ff.cc:266:slice$19148.R[0]
38880 FDRE_ZINI $auto$ff.cc:266:slice$19149.R[0]
38881 FDRE_ZINI $auto$ff.cc:266:slice$19150.R[0]
38882 FDRE_ZINI $auto$ff.cc:266:slice$19151.R[0]
38883 FDRE_ZINI $auto$ff.cc:266:slice$19152.R[0]
38884 FDRE_ZINI $auto$ff.cc:266:slice$19153.R[0]
38885 FDRE_ZINI $auto$ff.cc:266:slice$19154.R[0]
38886 FDRE_ZINI $auto$ff.cc:266:slice$19155.R[0]
38887 FDRE_ZINI $auto$ff.cc:266:slice$19156.R[0]
38888 FDRE_ZINI $auto$ff.cc:266:slice$19157.R[0]
38889 FDRE_ZINI $auto$ff.cc:266:slice$19158.R[0]
38890 FDRE_ZINI $auto$ff.cc:266:slice$19159.R[0]
38891 FDRE_ZINI $auto$ff.cc:266:slice$19160.R[0]
38892 FDRE_ZINI $auto$ff.cc:266:slice$19161.R[0]
38893 FDRE_ZINI $auto$ff.cc:266:slice$19162.R[0]
38894 FDRE_ZINI $auto$ff.cc:266:slice$19163.R[0]
38895 FDRE_ZINI $auto$ff.cc:266:slice$19164.R[0]
38896 FDRE_ZINI $auto$ff.cc:266:slice$19165.R[0]
38897 FDRE_ZINI $auto$ff.cc:266:slice$19166.R[0]
38898 FDRE_ZINI $auto$ff.cc:266:slice$19167.R[0]
38899 FDRE_ZINI $auto$ff.cc:266:slice$19168.R[0]
38900 FDRE_ZINI $auto$ff.cc:266:slice$19169.R[0]
38901 FDRE_ZINI $auto$ff.cc:266:slice$19170.R[0]
38902 FDRE_ZINI $auto$ff.cc:266:slice$19171.R[0]
38903 FDRE_ZINI $auto$ff.cc:266:slice$19172.R[0]
38904 FDRE_ZINI $auto$ff.cc:266:slice$19173.R[0]
38905 FDRE_ZINI $auto$ff.cc:266:slice$19174.R[0]
38906 FDRE_ZINI $auto$ff.cc:266:slice$19175.R[0]
38907 FDRE_ZINI $auto$ff.cc:266:slice$19176.R[0]
38908 FDRE_ZINI $auto$ff.cc:266:slice$19177.R[0]
38909 FDRE_ZINI $auto$ff.cc:266:slice$19178.R[0]
38910 FDRE_ZINI $auto$ff.cc:266:slice$19179.R[0]
38911 FDRE_ZINI $auto$ff.cc:266:slice$19180.R[0]
38912 FDRE_ZINI $auto$ff.cc:266:slice$19181.R[0]
38913 FDRE_ZINI $auto$ff.cc:266:slice$19182.R[0]
38914 FDRE_ZINI $auto$ff.cc:266:slice$19183.R[0]
38915 FDRE_ZINI $auto$ff.cc:266:slice$19184.R[0]
38916 FDRE_ZINI $auto$ff.cc:266:slice$19185.R[0]
38917 FDRE_ZINI $auto$ff.cc:266:slice$19186.R[0]
38918 FDRE_ZINI $auto$ff.cc:266:slice$19187.R[0]
38919 FDRE_ZINI $auto$ff.cc:266:slice$19188.R[0]
38920 FDRE_ZINI $auto$ff.cc:266:slice$19189.R[0]
38921 FDRE_ZINI $auto$ff.cc:266:slice$19190.R[0]
38922 FDRE_ZINI $auto$ff.cc:266:slice$19191.R[0]
38923 FDRE_ZINI $auto$ff.cc:266:slice$19192.R[0]
38924 FDRE_ZINI $auto$ff.cc:266:slice$19193.R[0]
38925 FDRE_ZINI $auto$ff.cc:266:slice$19194.R[0]
38926 FDRE_ZINI $auto$ff.cc:266:slice$19195.R[0]
38927 FDRE_ZINI $auto$ff.cc:266:slice$19196.R[0]
38928 FDRE_ZINI $auto$ff.cc:266:slice$19197.R[0]
38929 FDRE_ZINI $auto$ff.cc:266:slice$19198.R[0]
38930 FDRE_ZINI $auto$ff.cc:266:slice$19199.R[0]
38931 FDRE_ZINI $auto$ff.cc:266:slice$19200.R[0]
38932 FDRE_ZINI $auto$ff.cc:266:slice$19201.R[0]
38933 FDRE_ZINI $auto$ff.cc:266:slice$19202.R[0]
38934 FDRE_ZINI $auto$ff.cc:266:slice$19203.R[0]
38935 FDRE_ZINI $auto$ff.cc:266:slice$19204.R[0]
38936 FDRE_ZINI $auto$ff.cc:266:slice$19205.R[0]
38937 FDRE_ZINI $auto$ff.cc:266:slice$19206.R[0]
38938 FDRE_ZINI $auto$ff.cc:266:slice$19207.R[0]
38939 FDRE_ZINI $auto$ff.cc:266:slice$19208.R[0]
38940 FDRE_ZINI $auto$ff.cc:266:slice$19209.R[0]
38941 FDRE_ZINI $auto$ff.cc:266:slice$19210.R[0]
38942 FDRE_ZINI $auto$ff.cc:266:slice$19211.R[0]
38943 FDRE_ZINI $auto$ff.cc:266:slice$19212.R[0]
38944 FDRE_ZINI $auto$ff.cc:266:slice$19213.R[0]
38945 FDRE_ZINI $auto$ff.cc:266:slice$19214.R[0]
38946 FDRE_ZINI $auto$ff.cc:266:slice$19215.R[0]
38947 FDRE_ZINI $auto$ff.cc:266:slice$19216.R[0]
38948 FDRE_ZINI $auto$ff.cc:266:slice$19217.R[0]
38949 FDRE_ZINI $auto$ff.cc:266:slice$19218.R[0]
38950 FDRE_ZINI $auto$ff.cc:266:slice$19219.R[0]
38951 FDRE_ZINI $auto$ff.cc:266:slice$19220.R[0]
38952 FDRE_ZINI $auto$ff.cc:266:slice$19221.R[0]
38953 FDRE_ZINI $auto$ff.cc:266:slice$19222.R[0]
38954 FDRE_ZINI $auto$ff.cc:266:slice$19223.R[0]
38955 FDRE_ZINI $auto$ff.cc:266:slice$19224.R[0]
38956 FDRE_ZINI $auto$ff.cc:266:slice$19225.R[0]
38957 FDRE_ZINI $auto$ff.cc:266:slice$19226.R[0]
38958 FDRE_ZINI $auto$ff.cc:266:slice$19227.R[0]
38959 FDRE_ZINI $auto$ff.cc:266:slice$19228.R[0]
38960 FDRE_ZINI $auto$ff.cc:266:slice$19229.R[0]
38961 FDRE_ZINI $auto$ff.cc:266:slice$19230.R[0]
38962 FDRE_ZINI $auto$ff.cc:266:slice$19231.R[0]
38963 FDRE_ZINI $auto$ff.cc:266:slice$19232.R[0]
38964 FDRE_ZINI $auto$ff.cc:266:slice$19233.R[0]
38965 FDRE_ZINI $auto$ff.cc:266:slice$19234.R[0]
38966 FDRE_ZINI $auto$ff.cc:266:slice$19235.R[0]
38967 FDRE_ZINI $auto$ff.cc:266:slice$19236.R[0]
38968 FDRE_ZINI $auto$ff.cc:266:slice$19237.R[0]
38969 FDRE_ZINI $auto$ff.cc:266:slice$19238.R[0]
38970 FDRE_ZINI $auto$ff.cc:266:slice$19239.R[0]
38971 FDRE_ZINI $auto$ff.cc:266:slice$19240.R[0]
38972 FDRE_ZINI $auto$ff.cc:266:slice$19241.R[0]
38973 FDRE_ZINI $auto$ff.cc:266:slice$19242.R[0]
38974 FDRE_ZINI $auto$ff.cc:266:slice$19243.R[0]
38975 FDRE_ZINI $auto$ff.cc:266:slice$19244.R[0]
38976 FDRE_ZINI $auto$ff.cc:266:slice$19245.R[0]
38977 FDRE_ZINI $auto$ff.cc:266:slice$19246.R[0]
38978 FDRE_ZINI $auto$ff.cc:266:slice$19247.R[0]
38979 FDRE_ZINI $auto$ff.cc:266:slice$19248.R[0]
38980 FDRE_ZINI $auto$ff.cc:266:slice$19249.R[0]
38981 FDRE_ZINI $auto$ff.cc:266:slice$19250.R[0]
38982 FDRE_ZINI $auto$ff.cc:266:slice$19251.R[0]
38983 FDRE_ZINI $auto$ff.cc:266:slice$19252.R[0]
38984 FDRE_ZINI $auto$ff.cc:266:slice$19253.R[0]
38985 FDRE_ZINI $auto$ff.cc:266:slice$19254.R[0]
38986 FDRE_ZINI $auto$ff.cc:266:slice$19255.R[0]
38987 FDRE_ZINI $auto$ff.cc:266:slice$19256.R[0]
38988 FDRE_ZINI $auto$ff.cc:266:slice$19257.R[0]
38989 FDRE_ZINI $auto$ff.cc:266:slice$19258.R[0]
38990 FDRE_ZINI $auto$ff.cc:266:slice$19259.R[0]
38991 FDRE_ZINI $auto$ff.cc:266:slice$19260.R[0]
38992 FDRE_ZINI $auto$ff.cc:266:slice$19261.R[0]
38993 FDRE_ZINI $auto$ff.cc:266:slice$19262.R[0]
38994 FDRE_ZINI $auto$ff.cc:266:slice$19263.R[0]
38995 FDRE_ZINI $auto$ff.cc:266:slice$19264.R[0]
38996 FDRE_ZINI $auto$ff.cc:266:slice$19265.R[0]
38997 FDRE_ZINI $auto$ff.cc:266:slice$19266.R[0]
38998 FDRE_ZINI $auto$ff.cc:266:slice$19267.R[0]
38999 FDRE_ZINI $auto$ff.cc:266:slice$19268.R[0]
39000 FDRE_ZINI $auto$ff.cc:266:slice$19269.R[0]
39001 FDRE_ZINI $auto$ff.cc:266:slice$19270.R[0]
39002 FDRE_ZINI $auto$ff.cc:266:slice$19271.R[0]
39003 FDRE_ZINI $auto$ff.cc:266:slice$19272.R[0]
39004 FDRE_ZINI $auto$ff.cc:266:slice$19273.R[0]
39005 FDRE_ZINI $auto$ff.cc:266:slice$19274.R[0]
39006 FDRE_ZINI $auto$ff.cc:266:slice$19275.R[0]
39007 FDRE_ZINI $auto$ff.cc:266:slice$19276.R[0]
39008 FDRE_ZINI $auto$ff.cc:266:slice$19277.R[0]
39009 FDRE_ZINI $auto$ff.cc:266:slice$19278.R[0]
39010 FDRE_ZINI $auto$ff.cc:266:slice$19279.R[0]
39011 FDRE_ZINI $auto$ff.cc:266:slice$19280.R[0]
39012 FDRE_ZINI $auto$ff.cc:266:slice$19281.R[0]
39013 FDRE_ZINI $auto$ff.cc:266:slice$19282.R[0]
39014 FDRE_ZINI $auto$ff.cc:266:slice$19283.R[0]
39015 FDRE_ZINI $auto$ff.cc:266:slice$19284.R[0]
39016 FDRE_ZINI $auto$ff.cc:266:slice$19285.R[0]
39017 FDRE_ZINI $auto$ff.cc:266:slice$19286.R[0]
39018 FDRE_ZINI $auto$ff.cc:266:slice$19287.R[0]
39019 FDRE_ZINI $auto$ff.cc:266:slice$19288.R[0]
39020 FDRE_ZINI $auto$ff.cc:266:slice$19289.R[0]
39021 FDRE_ZINI $auto$ff.cc:266:slice$19290.R[0]
39022 FDRE_ZINI $auto$ff.cc:266:slice$19291.R[0]
39023 FDRE_ZINI $auto$ff.cc:266:slice$19292.R[0]
39024 FDRE_ZINI $auto$ff.cc:266:slice$19293.R[0]
39025 FDRE_ZINI $auto$ff.cc:266:slice$19294.R[0]
39026 FDRE_ZINI $auto$ff.cc:266:slice$19295.R[0]
39027 FDRE_ZINI $auto$ff.cc:266:slice$19296.R[0]
39028 FDRE_ZINI $auto$ff.cc:266:slice$19297.R[0]
39029 FDRE_ZINI $auto$ff.cc:266:slice$19298.R[0]
39030 FDRE_ZINI $auto$ff.cc:266:slice$19299.R[0]
39031 FDRE_ZINI $auto$ff.cc:266:slice$19300.R[0]
39032 FDRE_ZINI $auto$ff.cc:266:slice$19301.R[0]
39033 FDRE_ZINI $auto$ff.cc:266:slice$19302.R[0]
39034 FDRE_ZINI $auto$ff.cc:266:slice$19303.R[0]
39035 FDRE_ZINI $auto$ff.cc:266:slice$19304.R[0]
39036 FDRE_ZINI $auto$ff.cc:266:slice$19305.R[0]
39037 FDRE_ZINI $auto$ff.cc:266:slice$19306.R[0]
39038 FDRE_ZINI $auto$ff.cc:266:slice$19307.R[0]
39039 FDRE_ZINI $auto$ff.cc:266:slice$19308.R[0]
39040 FDRE_ZINI $auto$ff.cc:266:slice$19309.R[0]
39041 FDRE_ZINI $auto$ff.cc:266:slice$19310.R[0]
39042 FDRE_ZINI $auto$ff.cc:266:slice$19311.R[0]
39043 FDRE_ZINI $auto$ff.cc:266:slice$19312.R[0]
39044 FDRE_ZINI $auto$ff.cc:266:slice$19313.R[0]
39045 FDRE_ZINI $auto$ff.cc:266:slice$19314.R[0]
39046 FDRE_ZINI $auto$ff.cc:266:slice$19315.R[0]
39047 FDRE_ZINI $auto$ff.cc:266:slice$19316.R[0]
39048 FDRE_ZINI $auto$ff.cc:266:slice$19317.R[0]
39049 FDRE_ZINI $auto$ff.cc:266:slice$19318.R[0]
39050 FDRE_ZINI $auto$ff.cc:266:slice$23867.R[0]
39051 FDRE_ZINI $auto$ff.cc:266:slice$23868.R[0]
39052 FDRE_ZINI $auto$ff.cc:266:slice$23869.R[0]
39053 FDRE_ZINI $auto$ff.cc:266:slice$23870.R[0]
39054 FDRE_ZINI $auto$ff.cc:266:slice$23871.R[0]
39055 FDRE_ZINI $auto$ff.cc:266:slice$23872.R[0]
39056 FDRE_ZINI $auto$ff.cc:266:slice$23873.R[0]
39057 FDRE_ZINI $auto$ff.cc:266:slice$23874.R[0]
39058 FDRE_ZINI $auto$ff.cc:266:slice$23875.R[0]
39059 FDRE_ZINI $auto$ff.cc:266:slice$23876.R[0]
39060 FDRE_ZINI $auto$ff.cc:266:slice$23877.R[0]
39061 FDRE_ZINI $auto$ff.cc:266:slice$23878.R[0]
39062 FDRE_ZINI $auto$ff.cc:266:slice$23879.R[0]
39063 FDRE_ZINI $auto$ff.cc:266:slice$23880.R[0]
39064 FDRE_ZINI $auto$ff.cc:266:slice$23881.R[0]
39065 FDRE_ZINI $auto$ff.cc:266:slice$23882.R[0]
39066 FDRE_ZINI $auto$ff.cc:266:slice$23883.R[0]
39067 FDRE_ZINI $auto$ff.cc:266:slice$23884.R[0]
39068 FDRE_ZINI $auto$ff.cc:266:slice$23885.R[0]
39069 FDRE_ZINI $auto$ff.cc:266:slice$23886.R[0]
39070 FDRE_ZINI $auto$ff.cc:266:slice$23887.R[0]
39071 FDRE_ZINI $auto$ff.cc:266:slice$23888.R[0]
39072 FDRE_ZINI $auto$ff.cc:266:slice$23889.R[0]
39073 FDRE_ZINI $auto$ff.cc:266:slice$23890.R[0]
39074 FDRE_ZINI $auto$ff.cc:266:slice$23891.R[0]
39075 FDRE_ZINI $auto$ff.cc:266:slice$23892.R[0]
39076 FDRE_ZINI $auto$ff.cc:266:slice$23893.R[0]
39077 FDRE_ZINI $auto$ff.cc:266:slice$23894.R[0]
39078 FDRE_ZINI $auto$ff.cc:266:slice$23895.R[0]
39079 FDRE_ZINI $auto$ff.cc:266:slice$23896.R[0]
39080 FDCE_ZINI $auto$ff.cc:266:slice$24016.CLR[0]
39081 FDRE_ZINI $auto$ff.cc:266:slice$24121.R[0]
39082 FDRE_ZINI $auto$ff.cc:266:slice$24122.R[0]
39083 FDPE_ZINI $auto$ff.cc:266:slice$15255.D[0]
39084 FDCE_ZINI $auto$ff.cc:266:slice$15293.D[0]
39085 FDCE_ZINI $auto$ff.cc:266:slice$15294.D[0]
39086 FDCE_ZINI $auto$ff.cc:266:slice$15295.D[0]
39087 FDCE_ZINI $auto$ff.cc:266:slice$15296.D[0]
39088 FDCE_ZINI $auto$ff.cc:266:slice$15297.D[0]
39089 FDCE_ZINI $auto$ff.cc:266:slice$15298.D[0]
39090 FDCE_ZINI $auto$ff.cc:266:slice$15299.D[0]
39091 FDCE_ZINI $auto$ff.cc:266:slice$15300.D[0]
39092 FDCE_ZINI $auto$ff.cc:266:slice$15301.D[0]
39093 FDCE_ZINI $auto$ff.cc:266:slice$15302.D[0]
39094 FDCE_ZINI $auto$ff.cc:266:slice$15303.D[0]
39095 FDCE_ZINI $auto$ff.cc:266:slice$15304.D[0]
39096 FDCE_ZINI $auto$ff.cc:266:slice$15305.D[0]
39097 FDCE_ZINI $auto$ff.cc:266:slice$15306.D[0]
39098 FDCE_ZINI $auto$ff.cc:266:slice$15307.D[0]
39100 FDCE_ZINI $auto$ff.cc:266:slice$17151.D[0]
39101 FDCE_ZINI $auto$ff.cc:266:slice$17152.D[0]
39102 FDCE_ZINI $auto$ff.cc:266:slice$17153.D[0]
39103 FDCE_ZINI $auto$ff.cc:266:slice$17154.D[0]
39104 FDCE_ZINI $auto$ff.cc:266:slice$17155.D[0]
39105 FDCE_ZINI $auto$ff.cc:266:slice$17156.D[0]
39106 FDCE_ZINI $auto$ff.cc:266:slice$17157.D[0]
39107 FDCE_ZINI $auto$ff.cc:266:slice$17158.D[0]
39108 FDCE_ZINI $auto$ff.cc:266:slice$17159.D[0]
39109 FDCE_ZINI $auto$ff.cc:266:slice$17160.D[0]
39110 FDCE_ZINI $auto$ff.cc:266:slice$17161.D[0]
39111 FDCE_ZINI $auto$ff.cc:266:slice$17162.D[0]
39112 FDCE_ZINI $auto$ff.cc:266:slice$17163.D[0]
39113 FDCE_ZINI $auto$ff.cc:266:slice$17164.D[0]
39114 FDCE_ZINI $auto$ff.cc:266:slice$17165.D[0]
39115 FDCE_ZINI $auto$ff.cc:266:slice$17166.D[0]
39116 FDCE_ZINI $auto$ff.cc:266:slice$17167.D[0]
39117 FDCE_ZINI $auto$ff.cc:266:slice$17168.D[0]
39118 FDCE_ZINI $auto$ff.cc:266:slice$17169.D[0]
39119 FDCE_ZINI $auto$ff.cc:266:slice$17170.D[0]
39120 FDCE_ZINI $auto$ff.cc:266:slice$17171.D[0]
39121 FDCE_ZINI $auto$ff.cc:266:slice$17172.D[0]
39122 FDCE_ZINI $auto$ff.cc:266:slice$17173.D[0]
39123 FDCE_ZINI $auto$ff.cc:266:slice$17174.D[0]
39124 FDCE_ZINI $auto$ff.cc:266:slice$17175.D[0]
39125 FDCE_ZINI $auto$ff.cc:266:slice$17176.D[0]
39126 FDCE_ZINI $auto$ff.cc:266:slice$17177.D[0]
39127 FDCE_ZINI $auto$ff.cc:266:slice$17178.D[0]
39128 FDCE_ZINI $auto$ff.cc:266:slice$17179.D[0]
39129 FDCE_ZINI $auto$ff.cc:266:slice$17180.D[0]
39130 FDCE_ZINI $auto$ff.cc:266:slice$17181.D[0]
39131 FDCE_ZINI $auto$ff.cc:266:slice$17182.D[0]
39132 FDCE_ZINI $auto$ff.cc:266:slice$17183.D[0]
39133 FDCE_ZINI $auto$ff.cc:266:slice$17184.D[0]
39134 FDCE_ZINI $auto$ff.cc:266:slice$17185.D[0]
39135 FDCE_ZINI $auto$ff.cc:266:slice$17186.D[0]
39136 FDCE_ZINI $auto$ff.cc:266:slice$17187.D[0]
39137 FDCE_ZINI $auto$ff.cc:266:slice$17188.D[0]
39138 FDCE_ZINI $auto$ff.cc:266:slice$17189.D[0]
39139 FDCE_ZINI $auto$ff.cc:266:slice$17190.D[0]
39140 FDCE_ZINI $auto$ff.cc:266:slice$17191.D[0]
39141 FDCE_ZINI $auto$ff.cc:266:slice$17192.D[0]
39142 FDCE_ZINI $auto$ff.cc:266:slice$17193.D[0]
39143 FDCE_ZINI $auto$ff.cc:266:slice$17194.D[0]
39144 FDCE_ZINI $auto$ff.cc:266:slice$17195.D[0]
39145 FDCE_ZINI $auto$ff.cc:266:slice$17196.D[0]
39146 FDCE_ZINI $auto$ff.cc:266:slice$17197.D[0]
39147 FDCE_ZINI $auto$ff.cc:266:slice$17198.D[0]
39148 FDCE_ZINI $auto$ff.cc:266:slice$17199.D[0]
39149 FDCE_ZINI $auto$ff.cc:266:slice$17200.D[0]
39150 FDCE_ZINI $auto$ff.cc:266:slice$17201.D[0]
39151 FDCE_ZINI $auto$ff.cc:266:slice$17202.D[0]
39152 FDCE_ZINI $auto$ff.cc:266:slice$17203.D[0]
39153 FDCE_ZINI $auto$ff.cc:266:slice$17204.D[0]
39154 FDCE_ZINI $auto$ff.cc:266:slice$17205.D[0]
39155 FDCE_ZINI $auto$ff.cc:266:slice$17206.D[0]
39156 FDCE_ZINI $auto$ff.cc:266:slice$17207.D[0]
39157 FDCE_ZINI $auto$ff.cc:266:slice$17208.D[0]
39158 FDCE_ZINI $auto$ff.cc:266:slice$17209.D[0]
39159 FDCE_ZINI $auto$ff.cc:266:slice$17210.D[0]
39160 FDCE_ZINI $auto$ff.cc:266:slice$17211.D[0]
39161 FDCE_ZINI $auto$ff.cc:266:slice$17212.D[0]
39162 FDCE_ZINI $auto$ff.cc:266:slice$17213.D[0]
39163 FDCE_ZINI $auto$ff.cc:266:slice$17214.D[0]
39164 FDCE_ZINI $auto$ff.cc:266:slice$17218.D[0]
39165 FDCE_ZINI $auto$ff.cc:266:slice$17114.D[0]
39166 FDCE_ZINI $auto$ff.cc:266:slice$17115.D[0]
39167 FDCE_ZINI $auto$ff.cc:266:slice$17116.D[0]
39168 FDCE_ZINI $auto$ff.cc:266:slice$17117.D[0]
39169 FDCE_ZINI $auto$ff.cc:266:slice$17118.D[0]
39170 FDCE_ZINI $auto$ff.cc:266:slice$17119.D[0]
39171 FDCE_ZINI $auto$ff.cc:266:slice$17120.D[0]
39172 FDCE_ZINI $auto$ff.cc:266:slice$17121.D[0]
39173 FDCE_ZINI $auto$ff.cc:266:slice$17122.D[0]
39174 FDCE_ZINI $auto$ff.cc:266:slice$17123.D[0]
39175 FDCE_ZINI $auto$ff.cc:266:slice$17124.D[0]
39176 FDCE_ZINI $auto$ff.cc:266:slice$17125.D[0]
39177 FDCE_ZINI $auto$ff.cc:266:slice$17126.D[0]
39178 FDCE_ZINI $auto$ff.cc:266:slice$17127.D[0]
39179 FDCE_ZINI $auto$ff.cc:266:slice$17128.D[0]
39180 FDCE_ZINI $auto$ff.cc:266:slice$17129.D[0]
39181 FDCE_ZINI $auto$ff.cc:266:slice$17130.D[0]
39182 FDCE_ZINI $auto$ff.cc:266:slice$17131.D[0]
39183 FDCE_ZINI $auto$ff.cc:266:slice$17132.D[0]
39184 FDCE_ZINI $auto$ff.cc:266:slice$17133.D[0]
39185 FDCE_ZINI $auto$ff.cc:266:slice$17134.D[0]
39186 FDCE_ZINI $auto$ff.cc:266:slice$17135.D[0]
39187 FDCE_ZINI $auto$ff.cc:266:slice$17136.D[0]
39188 FDCE_ZINI $auto$ff.cc:266:slice$17137.D[0]
39189 FDCE_ZINI $auto$ff.cc:266:slice$17138.D[0]
39190 FDCE_ZINI $auto$ff.cc:266:slice$17139.D[0]
39191 FDCE_ZINI $auto$ff.cc:266:slice$17140.D[0]
39192 FDCE_ZINI $auto$ff.cc:266:slice$17141.D[0]
39193 FDCE_ZINI $auto$ff.cc:266:slice$17142.D[0]
39194 FDCE_ZINI $auto$ff.cc:266:slice$17143.D[0]
39195 FDCE_ZINI $auto$ff.cc:266:slice$17144.D[0]
39196 FDCE_ZINI $auto$ff.cc:266:slice$17145.D[0]
39197 .output out:led[2].outpad[0]
39198 .output out:led[3].outpad[0]
39199 FDCE_ZINI $auto$ff.cc:266:slice$17148.D[0]
39200 FDCE_ZINI $auto$ff.cc:266:slice$17147.D[0]
39201 FDCE_ZINI $auto$ff.cc:266:slice$15308.D[0]
39202 FDCE_ZINI $auto$ff.cc:266:slice$15288.D[0]
39203 .output out:vga_hs.outpad[0]
39204 .output out:vga_vs.outpad[0]
39206 .output out:led[0].outpad[0]
39207 FDCE_ZINI $auto$ff.cc:266:slice$16678.D[0]
39208 FDCE_ZINI $auto$ff.cc:266:slice$17219.D[0]
39209 FDCE_ZINI $auto$ff.cc:266:slice$17220.D[0]
39210 FDCE_ZINI $auto$ff.cc:266:slice$17221.D[0]
39211 FDCE_ZINI $auto$ff.cc:266:slice$17222.D[0]
39216 FDCE_ZINI $auto$ff.cc:266:slice$15325.CE[0]
39217 FDCE_ZINI $auto$ff.cc:266:slice$15326.CE[0]
39218 FDCE_ZINI $auto$ff.cc:266:slice$15327.CE[0]
39219 FDCE_ZINI $auto$ff.cc:266:slice$15328.CE[0]
39220 FDCE_ZINI $auto$ff.cc:266:slice$15329.CE[0]
39221 FDCE_ZINI $auto$ff.cc:266:slice$15330.CE[0]
39222 FDCE_ZINI $auto$ff.cc:266:slice$15331.CE[0]
39223 FDCE_ZINI $auto$ff.cc:266:slice$15332.CE[0]
39224 FDCE_ZINI $auto$ff.cc:266:slice$15333.CE[0]
39225 FDCE_ZINI $auto$ff.cc:266:slice$15334.CE[0]
39226 FDCE_ZINI $auto$ff.cc:266:slice$15335.CE[0]
39227 FDCE_ZINI $auto$ff.cc:266:slice$15336.CE[0]
39228 FDCE_ZINI $auto$ff.cc:266:slice$15337.CE[0]
39229 FDCE_ZINI $auto$ff.cc:266:slice$15338.CE[0]
39230 FDCE_ZINI $auto$ff.cc:266:slice$15339.CE[0]
39231 FDCE_ZINI $auto$ff.cc:266:slice$15340.CE[0]
39232 FDCE_ZINI $auto$ff.cc:266:slice$15341.CE[0]
39233 FDCE_ZINI $auto$ff.cc:266:slice$15342.CE[0]
39234 FDCE_ZINI $auto$ff.cc:266:slice$15343.CE[0]
39235 FDCE_ZINI $auto$ff.cc:266:slice$15344.CE[0]
39236 FDCE_ZINI $auto$ff.cc:266:slice$15345.CE[0]
39237 FDCE_ZINI $auto$ff.cc:266:slice$15346.CE[0]
39238 FDCE_ZINI $auto$ff.cc:266:slice$15347.CE[0]
39239 FDCE_ZINI $auto$ff.cc:266:slice$15348.CE[0]
39240 FDCE_ZINI $auto$ff.cc:266:slice$15349.CE[0]
39241 FDCE_ZINI $auto$ff.cc:266:slice$15350.CE[0]
39242 FDCE_ZINI $auto$ff.cc:266:slice$15351.CE[0]
39243 FDCE_ZINI $auto$ff.cc:266:slice$15352.CE[0]
39244 FDCE_ZINI $auto$ff.cc:266:slice$15353.CE[0]
39245 FDCE_ZINI $auto$ff.cc:266:slice$15354.CE[0]
39246 FDCE_ZINI $auto$ff.cc:266:slice$15355.CE[0]
39247 FDCE_ZINI $auto$ff.cc:266:slice$15356.CE[0]
39248 FDCE_ZINI $auto$ff.cc:266:slice$12283.CE[0]
39249 FDCE_ZINI $auto$ff.cc:266:slice$15357.CE[0]
39250 FDCE_ZINI $auto$ff.cc:266:slice$15358.CE[0]
39251 FDCE_ZINI $auto$ff.cc:266:slice$15359.CE[0]
39252 FDCE_ZINI $auto$ff.cc:266:slice$15360.CE[0]
39253 FDCE_ZINI $auto$ff.cc:266:slice$15361.CE[0]
39254 FDCE_ZINI $auto$ff.cc:266:slice$15362.CE[0]
39255 FDCE_ZINI $auto$ff.cc:266:slice$15363.CE[0]
39256 FDCE_ZINI $auto$ff.cc:266:slice$15364.CE[0]
39257 FDCE_ZINI $auto$ff.cc:266:slice$15365.CE[0]
39258 FDCE_ZINI $auto$ff.cc:266:slice$15366.CE[0]
39259 FDCE_ZINI $auto$ff.cc:266:slice$15367.CE[0]
39260 FDCE_ZINI $auto$ff.cc:266:slice$15368.CE[0]
39261 FDCE_ZINI $auto$ff.cc:266:slice$15369.CE[0]
39262 FDCE_ZINI $auto$ff.cc:266:slice$15370.CE[0]
39263 FDCE_ZINI $auto$ff.cc:266:slice$15371.CE[0]
39264 FDCE_ZINI $auto$ff.cc:266:slice$15372.CE[0]
39265 FDCE_ZINI $auto$ff.cc:266:slice$15373.CE[0]
39266 FDCE_ZINI $auto$ff.cc:266:slice$15374.CE[0]
39267 FDCE_ZINI $auto$ff.cc:266:slice$15375.CE[0]
39268 FDCE_ZINI $auto$ff.cc:266:slice$15376.CE[0]
39269 FDCE_ZINI $auto$ff.cc:266:slice$15377.CE[0]
39270 FDCE_ZINI $auto$ff.cc:266:slice$15378.CE[0]
39271 FDCE_ZINI $auto$ff.cc:266:slice$15379.CE[0]
39272 FDCE_ZINI $auto$ff.cc:266:slice$15380.CE[0]
39273 FDCE_ZINI $auto$ff.cc:266:slice$15381.CE[0]
39274 FDCE_ZINI $auto$ff.cc:266:slice$15382.CE[0]
39275 FDCE_ZINI $auto$ff.cc:266:slice$15383.CE[0]
39276 FDCE_ZINI $auto$ff.cc:266:slice$15384.CE[0]
39277 FDCE_ZINI $auto$ff.cc:266:slice$15385.CE[0]
39278 FDCE_ZINI $auto$ff.cc:266:slice$15386.CE[0]
39279 FDCE_ZINI $auto$ff.cc:266:slice$15387.CE[0]
39280 FDCE_ZINI $auto$ff.cc:266:slice$15388.CE[0]
39281 FDCE_ZINI $auto$ff.cc:266:slice$15325.D[0]
39282 FDCE_ZINI $auto$ff.cc:266:slice$16716.D[0]
39283 FDCE_ZINI $auto$ff.cc:266:slice$15326.D[0]
39284 FDCE_ZINI $auto$ff.cc:266:slice$16717.D[0]
39285 FDCE_ZINI $auto$ff.cc:266:slice$15327.D[0]
39286 FDCE_ZINI $auto$ff.cc:266:slice$16718.D[0]
39287 FDCE_ZINI $auto$ff.cc:266:slice$15328.D[0]
39288 FDCE_ZINI $auto$ff.cc:266:slice$16719.D[0]
39289 FDCE_ZINI $auto$ff.cc:266:slice$15329.D[0]
39290 FDCE_ZINI $auto$ff.cc:266:slice$16720.D[0]
39291 FDCE_ZINI $auto$ff.cc:266:slice$15330.D[0]
39292 FDCE_ZINI $auto$ff.cc:266:slice$16721.D[0]
39293 FDCE_ZINI $auto$ff.cc:266:slice$15331.D[0]
39294 FDCE_ZINI $auto$ff.cc:266:slice$16722.D[0]
39295 FDCE_ZINI $auto$ff.cc:266:slice$15332.D[0]
39296 FDCE_ZINI $auto$ff.cc:266:slice$16723.D[0]
39297 FDCE_ZINI $auto$ff.cc:266:slice$15333.D[0]
39298 FDCE_ZINI $auto$ff.cc:266:slice$16724.D[0]
39299 FDCE_ZINI $auto$ff.cc:266:slice$15334.D[0]
39300 FDCE_ZINI $auto$ff.cc:266:slice$16725.D[0]
39301 FDCE_ZINI $auto$ff.cc:266:slice$15335.D[0]
39302 FDCE_ZINI $auto$ff.cc:266:slice$16726.D[0]
39303 FDCE_ZINI $auto$ff.cc:266:slice$15336.D[0]
39304 FDCE_ZINI $auto$ff.cc:266:slice$16727.D[0]
39305 FDCE_ZINI $auto$ff.cc:266:slice$15337.D[0]
39306 FDCE_ZINI $auto$ff.cc:266:slice$16728.D[0]
39307 FDCE_ZINI $auto$ff.cc:266:slice$15338.D[0]
39308 FDCE_ZINI $auto$ff.cc:266:slice$16729.D[0]
39309 FDCE_ZINI $auto$ff.cc:266:slice$15339.D[0]
39310 FDCE_ZINI $auto$ff.cc:266:slice$16730.D[0]
39311 FDCE_ZINI $auto$ff.cc:266:slice$15340.D[0]
39312 FDCE_ZINI $auto$ff.cc:266:slice$16731.D[0]
39313 FDCE_ZINI $auto$ff.cc:266:slice$15341.D[0]
39314 FDCE_ZINI $auto$ff.cc:266:slice$16732.D[0]
39315 FDCE_ZINI $auto$ff.cc:266:slice$15342.D[0]
39316 FDCE_ZINI $auto$ff.cc:266:slice$16733.D[0]
39317 FDCE_ZINI $auto$ff.cc:266:slice$15343.D[0]
39318 FDCE_ZINI $auto$ff.cc:266:slice$16734.D[0]
39319 FDCE_ZINI $auto$ff.cc:266:slice$15344.D[0]
39320 FDCE_ZINI $auto$ff.cc:266:slice$16735.D[0]
39321 FDCE_ZINI $auto$ff.cc:266:slice$15345.D[0]
39322 FDCE_ZINI $auto$ff.cc:266:slice$16736.D[0]
39323 FDCE_ZINI $auto$ff.cc:266:slice$15346.D[0]
39324 FDCE_ZINI $auto$ff.cc:266:slice$16737.D[0]
39325 FDCE_ZINI $auto$ff.cc:266:slice$15347.D[0]
39326 FDCE_ZINI $auto$ff.cc:266:slice$16738.D[0]
39327 FDCE_ZINI $auto$ff.cc:266:slice$15348.D[0]
39328 FDCE_ZINI $auto$ff.cc:266:slice$16739.D[0]
39329 FDCE_ZINI $auto$ff.cc:266:slice$15349.D[0]
39330 FDCE_ZINI $auto$ff.cc:266:slice$16740.D[0]
39331 FDCE_ZINI $auto$ff.cc:266:slice$15350.D[0]
39332 FDCE_ZINI $auto$ff.cc:266:slice$16741.D[0]
39333 FDCE_ZINI $auto$ff.cc:266:slice$15351.D[0]
39334 FDCE_ZINI $auto$ff.cc:266:slice$16742.D[0]
39335 FDCE_ZINI $auto$ff.cc:266:slice$15352.D[0]
39336 FDCE_ZINI $auto$ff.cc:266:slice$16743.D[0]
39337 FDCE_ZINI $auto$ff.cc:266:slice$15353.D[0]
39338 FDCE_ZINI $auto$ff.cc:266:slice$16744.D[0]
39339 FDCE_ZINI $auto$ff.cc:266:slice$15354.D[0]
39340 FDCE_ZINI $auto$ff.cc:266:slice$16745.D[0]
39341 FDCE_ZINI $auto$ff.cc:266:slice$15355.D[0]
39342 FDCE_ZINI $auto$ff.cc:266:slice$16746.D[0]
39343 FDCE_ZINI $auto$ff.cc:266:slice$15356.D[0]
39344 FDCE_ZINI $auto$ff.cc:266:slice$16747.D[0]
39345 FDCE_ZINI $auto$ff.cc:266:slice$17151.CE[0]
39346 FDCE_ZINI $auto$ff.cc:266:slice$17152.CE[0]
39347 FDCE_ZINI $auto$ff.cc:266:slice$17153.CE[0]
39348 FDCE_ZINI $auto$ff.cc:266:slice$17154.CE[0]
39349 FDCE_ZINI $auto$ff.cc:266:slice$17155.CE[0]
39350 FDCE_ZINI $auto$ff.cc:266:slice$17156.CE[0]
39351 FDCE_ZINI $auto$ff.cc:266:slice$17157.CE[0]
39352 FDCE_ZINI $auto$ff.cc:266:slice$17158.CE[0]
39353 FDCE_ZINI $auto$ff.cc:266:slice$17159.CE[0]
39354 FDCE_ZINI $auto$ff.cc:266:slice$17160.CE[0]
39355 FDCE_ZINI $auto$ff.cc:266:slice$17161.CE[0]
39356 FDCE_ZINI $auto$ff.cc:266:slice$17162.CE[0]
39357 FDCE_ZINI $auto$ff.cc:266:slice$17163.CE[0]
39358 FDCE_ZINI $auto$ff.cc:266:slice$17164.CE[0]
39359 FDCE_ZINI $auto$ff.cc:266:slice$17165.CE[0]
39360 FDCE_ZINI $auto$ff.cc:266:slice$17166.CE[0]
39361 FDCE_ZINI $auto$ff.cc:266:slice$17167.CE[0]
39362 FDCE_ZINI $auto$ff.cc:266:slice$17168.CE[0]
39363 FDCE_ZINI $auto$ff.cc:266:slice$17169.CE[0]
39364 FDCE_ZINI $auto$ff.cc:266:slice$17170.CE[0]
39365 FDCE_ZINI $auto$ff.cc:266:slice$17171.CE[0]
39366 FDCE_ZINI $auto$ff.cc:266:slice$17172.CE[0]
39367 FDCE_ZINI $auto$ff.cc:266:slice$17173.CE[0]
39368 FDCE_ZINI $auto$ff.cc:266:slice$17174.CE[0]
39369 FDCE_ZINI $auto$ff.cc:266:slice$17175.CE[0]
39370 FDCE_ZINI $auto$ff.cc:266:slice$17176.CE[0]
39371 FDCE_ZINI $auto$ff.cc:266:slice$17177.CE[0]
39372 FDCE_ZINI $auto$ff.cc:266:slice$17178.CE[0]
39373 FDCE_ZINI $auto$ff.cc:266:slice$17179.CE[0]
39374 FDCE_ZINI $auto$ff.cc:266:slice$17180.CE[0]
39375 FDCE_ZINI $auto$ff.cc:266:slice$17181.CE[0]
39376 FDCE_ZINI $auto$ff.cc:266:slice$17182.CE[0]
39377 FDCE_ZINI $auto$ff.cc:266:slice$15357.D[0]
39378 FDCE_ZINI $auto$ff.cc:266:slice$16748.D[0]
39379 FDCE_ZINI $auto$ff.cc:266:slice$15358.D[0]
39380 FDCE_ZINI $auto$ff.cc:266:slice$16749.D[0]
39381 FDCE_ZINI $auto$ff.cc:266:slice$15359.D[0]
39382 FDCE_ZINI $auto$ff.cc:266:slice$16750.D[0]
39383 FDCE_ZINI $auto$ff.cc:266:slice$15360.D[0]
39384 FDCE_ZINI $auto$ff.cc:266:slice$16751.D[0]
39385 FDCE_ZINI $auto$ff.cc:266:slice$15361.D[0]
39386 FDCE_ZINI $auto$ff.cc:266:slice$16752.D[0]
39387 FDCE_ZINI $auto$ff.cc:266:slice$15362.D[0]
39388 FDCE_ZINI $auto$ff.cc:266:slice$16753.D[0]
39389 FDCE_ZINI $auto$ff.cc:266:slice$15363.D[0]
39390 FDCE_ZINI $auto$ff.cc:266:slice$16754.D[0]
39391 FDCE_ZINI $auto$ff.cc:266:slice$15364.D[0]
39392 FDCE_ZINI $auto$ff.cc:266:slice$16755.D[0]
39393 FDCE_ZINI $auto$ff.cc:266:slice$15365.D[0]
39394 FDCE_ZINI $auto$ff.cc:266:slice$16756.D[0]
39395 FDCE_ZINI $auto$ff.cc:266:slice$15366.D[0]
39396 FDCE_ZINI $auto$ff.cc:266:slice$16757.D[0]
39397 FDCE_ZINI $auto$ff.cc:266:slice$15367.D[0]
39398 FDCE_ZINI $auto$ff.cc:266:slice$16758.D[0]
39399 FDCE_ZINI $auto$ff.cc:266:slice$15368.D[0]
39400 FDCE_ZINI $auto$ff.cc:266:slice$16759.D[0]
39401 FDCE_ZINI $auto$ff.cc:266:slice$15369.D[0]
39402 FDCE_ZINI $auto$ff.cc:266:slice$16760.D[0]
39403 FDCE_ZINI $auto$ff.cc:266:slice$15370.D[0]
39404 FDCE_ZINI $auto$ff.cc:266:slice$16761.D[0]
39405 FDCE_ZINI $auto$ff.cc:266:slice$15371.D[0]
39406 FDCE_ZINI $auto$ff.cc:266:slice$16762.D[0]
39407 FDCE_ZINI $auto$ff.cc:266:slice$15372.D[0]
39408 FDCE_ZINI $auto$ff.cc:266:slice$16763.D[0]
39409 FDCE_ZINI $auto$ff.cc:266:slice$15373.D[0]
39410 FDCE_ZINI $auto$ff.cc:266:slice$16764.D[0]
39411 FDCE_ZINI $auto$ff.cc:266:slice$15374.D[0]
39412 FDCE_ZINI $auto$ff.cc:266:slice$16765.D[0]
39413 FDCE_ZINI $auto$ff.cc:266:slice$15375.D[0]
39414 FDCE_ZINI $auto$ff.cc:266:slice$16766.D[0]
39415 FDCE_ZINI $auto$ff.cc:266:slice$15376.D[0]
39416 FDCE_ZINI $auto$ff.cc:266:slice$16767.D[0]
39417 FDCE_ZINI $auto$ff.cc:266:slice$15377.D[0]
39418 FDCE_ZINI $auto$ff.cc:266:slice$16768.D[0]
39419 FDCE_ZINI $auto$ff.cc:266:slice$15378.D[0]
39420 FDCE_ZINI $auto$ff.cc:266:slice$16769.D[0]
39421 FDCE_ZINI $auto$ff.cc:266:slice$15379.D[0]
39422 FDCE_ZINI $auto$ff.cc:266:slice$16770.D[0]
39423 FDCE_ZINI $auto$ff.cc:266:slice$15380.D[0]
39424 FDCE_ZINI $auto$ff.cc:266:slice$16771.D[0]
39425 FDCE_ZINI $auto$ff.cc:266:slice$15381.D[0]
39426 FDCE_ZINI $auto$ff.cc:266:slice$16772.D[0]
39427 FDCE_ZINI $auto$ff.cc:266:slice$15382.D[0]
39428 FDCE_ZINI $auto$ff.cc:266:slice$16773.D[0]
39429 FDCE_ZINI $auto$ff.cc:266:slice$15383.D[0]
39430 FDCE_ZINI $auto$ff.cc:266:slice$16774.D[0]
39431 FDCE_ZINI $auto$ff.cc:266:slice$15384.D[0]
39432 FDCE_ZINI $auto$ff.cc:266:slice$16775.D[0]
39433 FDCE_ZINI $auto$ff.cc:266:slice$15385.D[0]
39434 FDCE_ZINI $auto$ff.cc:266:slice$16776.D[0]
39435 FDCE_ZINI $auto$ff.cc:266:slice$15386.D[0]
39436 FDCE_ZINI $auto$ff.cc:266:slice$16777.D[0]
39437 FDCE_ZINI $auto$ff.cc:266:slice$15387.D[0]
39438 FDCE_ZINI $auto$ff.cc:266:slice$16778.D[0]
39439 FDCE_ZINI $auto$ff.cc:266:slice$15388.D[0]
39440 FDCE_ZINI $auto$ff.cc:266:slice$16779.D[0]
39441 FDCE_ZINI $auto$ff.cc:266:slice$12283.D[0]
39442 FDCE_ZINI $auto$ff.cc:266:slice$14071.D[0]
39443 FDCE_ZINI $auto$ff.cc:266:slice$17183.CE[0]
39444 FDCE_ZINI $auto$ff.cc:266:slice$17184.CE[0]
39445 FDCE_ZINI $auto$ff.cc:266:slice$17185.CE[0]
39446 FDCE_ZINI $auto$ff.cc:266:slice$17186.CE[0]
39447 FDCE_ZINI $auto$ff.cc:266:slice$17187.CE[0]
39448 FDCE_ZINI $auto$ff.cc:266:slice$17188.CE[0]
39449 FDCE_ZINI $auto$ff.cc:266:slice$17189.CE[0]
39450 FDCE_ZINI $auto$ff.cc:266:slice$17190.CE[0]
39451 FDCE_ZINI $auto$ff.cc:266:slice$17191.CE[0]
39452 FDCE_ZINI $auto$ff.cc:266:slice$17192.CE[0]
39453 FDCE_ZINI $auto$ff.cc:266:slice$17193.CE[0]
39454 FDCE_ZINI $auto$ff.cc:266:slice$17194.CE[0]
39455 FDCE_ZINI $auto$ff.cc:266:slice$17195.CE[0]
39456 FDCE_ZINI $auto$ff.cc:266:slice$17196.CE[0]
39457 FDCE_ZINI $auto$ff.cc:266:slice$17197.CE[0]
39458 FDCE_ZINI $auto$ff.cc:266:slice$17198.CE[0]
39459 FDCE_ZINI $auto$ff.cc:266:slice$17199.CE[0]
39460 FDCE_ZINI $auto$ff.cc:266:slice$17200.CE[0]
39461 FDCE_ZINI $auto$ff.cc:266:slice$17201.CE[0]
39462 FDCE_ZINI $auto$ff.cc:266:slice$17202.CE[0]
39463 FDCE_ZINI $auto$ff.cc:266:slice$17203.CE[0]
39464 FDCE_ZINI $auto$ff.cc:266:slice$17204.CE[0]
39465 FDCE_ZINI $auto$ff.cc:266:slice$17205.CE[0]
39466 FDCE_ZINI $auto$ff.cc:266:slice$17206.CE[0]
39467 FDCE_ZINI $auto$ff.cc:266:slice$17207.CE[0]
39468 FDCE_ZINI $auto$ff.cc:266:slice$17208.CE[0]
39469 FDCE_ZINI $auto$ff.cc:266:slice$17209.CE[0]
39470 FDCE_ZINI $auto$ff.cc:266:slice$17210.CE[0]
39471 FDCE_ZINI $auto$ff.cc:266:slice$17211.CE[0]
39472 FDCE_ZINI $auto$ff.cc:266:slice$17212.CE[0]
39473 FDCE_ZINI $auto$ff.cc:266:slice$17213.CE[0]
39474 FDCE_ZINI $auto$ff.cc:266:slice$17214.CE[0]
39475 FDCE_ZINI $auto$ff.cc:266:slice$17218.CE[0]
39476 FDCE_ZINI $auto$ff.cc:266:slice$17114.CE[0]
39477 FDCE_ZINI $auto$ff.cc:266:slice$17115.CE[0]
39478 FDCE_ZINI $auto$ff.cc:266:slice$17116.CE[0]
39479 FDCE_ZINI $auto$ff.cc:266:slice$17117.CE[0]
39480 FDCE_ZINI $auto$ff.cc:266:slice$17118.CE[0]
39481 FDCE_ZINI $auto$ff.cc:266:slice$17119.CE[0]
39482 FDCE_ZINI $auto$ff.cc:266:slice$17120.CE[0]
39483 FDCE_ZINI $auto$ff.cc:266:slice$17121.CE[0]
39484 FDCE_ZINI $auto$ff.cc:266:slice$17122.CE[0]
39485 FDCE_ZINI $auto$ff.cc:266:slice$17123.CE[0]
39486 FDCE_ZINI $auto$ff.cc:266:slice$17124.CE[0]
39487 FDCE_ZINI $auto$ff.cc:266:slice$17125.CE[0]
39488 FDCE_ZINI $auto$ff.cc:266:slice$17126.CE[0]
39489 FDCE_ZINI $auto$ff.cc:266:slice$17127.CE[0]
39490 FDCE_ZINI $auto$ff.cc:266:slice$17128.CE[0]
39491 FDCE_ZINI $auto$ff.cc:266:slice$17129.CE[0]
39492 FDCE_ZINI $auto$ff.cc:266:slice$17130.CE[0]
39493 FDCE_ZINI $auto$ff.cc:266:slice$17131.CE[0]
39494 FDCE_ZINI $auto$ff.cc:266:slice$17132.CE[0]
39495 FDCE_ZINI $auto$ff.cc:266:slice$17133.CE[0]
39496 FDCE_ZINI $auto$ff.cc:266:slice$17134.CE[0]
39497 FDCE_ZINI $auto$ff.cc:266:slice$17135.CE[0]
39498 FDCE_ZINI $auto$ff.cc:266:slice$17136.CE[0]
39499 FDCE_ZINI $auto$ff.cc:266:slice$17137.CE[0]
39500 FDCE_ZINI $auto$ff.cc:266:slice$17138.CE[0]
39501 FDCE_ZINI $auto$ff.cc:266:slice$17139.CE[0]
39502 FDCE_ZINI $auto$ff.cc:266:slice$17140.CE[0]
39503 FDCE_ZINI $auto$ff.cc:266:slice$17141.CE[0]
39504 FDCE_ZINI $auto$ff.cc:266:slice$17142.CE[0]
39505 FDCE_ZINI $auto$ff.cc:266:slice$17143.CE[0]
39506 FDCE_ZINI $auto$ff.cc:266:slice$17144.CE[0]
39507 FDCE_ZINI $auto$ff.cc:266:slice$17145.CE[0]
39508 FDCE_ZINI $auto$ff.cc:266:slice$24016.D[0]
39509 FDCE_ZINI $auto$ff.cc:266:slice$17456.D[0]
39510 FDCE_ZINI $auto$ff.cc:266:slice$16713.D[0]
39513 FDRE_ZINI $auto$ff.cc:266:slice$12295.D[0]
39514 FDRE_ZINI $auto$ff.cc:266:slice$12294.D[0]
39515 FDRE_ZINI $auto$ff.cc:266:slice$12293.D[0]
39516 FDRE_ZINI $auto$ff.cc:266:slice$12292.D[0]
39517 FDCE_ZINI $auto$ff.cc:266:slice$16712.D[0]
39518 FDCE_ZINI $auto$ff.cc:266:slice$16714.D[0]
39519 FDCE_ZINI $auto$ff.cc:266:slice$16715.D[0]
39520 FDCE_ZINI $auto$ff.cc:266:slice$16716.CE[0]
39521 FDCE_ZINI $auto$ff.cc:266:slice$16717.CE[0]
39522 FDCE_ZINI $auto$ff.cc:266:slice$16718.CE[0]
39523 FDCE_ZINI $auto$ff.cc:266:slice$16719.CE[0]
39524 FDCE_ZINI $auto$ff.cc:266:slice$16720.CE[0]
39525 FDCE_ZINI $auto$ff.cc:266:slice$16721.CE[0]
39526 FDCE_ZINI $auto$ff.cc:266:slice$16722.CE[0]
39527 FDCE_ZINI $auto$ff.cc:266:slice$16723.CE[0]
39528 FDCE_ZINI $auto$ff.cc:266:slice$16724.CE[0]
39529 FDCE_ZINI $auto$ff.cc:266:slice$16725.CE[0]
39530 FDCE_ZINI $auto$ff.cc:266:slice$16726.CE[0]
39531 FDCE_ZINI $auto$ff.cc:266:slice$16727.CE[0]
39532 FDCE_ZINI $auto$ff.cc:266:slice$16728.CE[0]
39533 FDCE_ZINI $auto$ff.cc:266:slice$16729.CE[0]
39534 FDCE_ZINI $auto$ff.cc:266:slice$16730.CE[0]
39535 FDCE_ZINI $auto$ff.cc:266:slice$16731.CE[0]
39536 FDCE_ZINI $auto$ff.cc:266:slice$16732.CE[0]
39537 FDCE_ZINI $auto$ff.cc:266:slice$16733.CE[0]
39538 FDCE_ZINI $auto$ff.cc:266:slice$16734.CE[0]
39539 FDCE_ZINI $auto$ff.cc:266:slice$16735.CE[0]
39540 FDCE_ZINI $auto$ff.cc:266:slice$16736.CE[0]
39541 FDCE_ZINI $auto$ff.cc:266:slice$16737.CE[0]
39542 FDCE_ZINI $auto$ff.cc:266:slice$16738.CE[0]
39543 FDCE_ZINI $auto$ff.cc:266:slice$16739.CE[0]
39544 FDCE_ZINI $auto$ff.cc:266:slice$16740.CE[0]
39545 FDCE_ZINI $auto$ff.cc:266:slice$16741.CE[0]
39546 FDCE_ZINI $auto$ff.cc:266:slice$16742.CE[0]
39547 FDCE_ZINI $auto$ff.cc:266:slice$16743.CE[0]
39548 FDCE_ZINI $auto$ff.cc:266:slice$16744.CE[0]
39549 FDCE_ZINI $auto$ff.cc:266:slice$16745.CE[0]
39550 FDCE_ZINI $auto$ff.cc:266:slice$16746.CE[0]
39551 FDCE_ZINI $auto$ff.cc:266:slice$16747.CE[0]
39552 FDCE_ZINI $auto$ff.cc:266:slice$14071.CE[0]
39553 FDCE_ZINI $auto$ff.cc:266:slice$16748.CE[0]
39554 FDCE_ZINI $auto$ff.cc:266:slice$16749.CE[0]
39555 FDCE_ZINI $auto$ff.cc:266:slice$16750.CE[0]
39556 FDCE_ZINI $auto$ff.cc:266:slice$16751.CE[0]
39557 FDCE_ZINI $auto$ff.cc:266:slice$16752.CE[0]
39558 FDCE_ZINI $auto$ff.cc:266:slice$16753.CE[0]
39559 FDCE_ZINI $auto$ff.cc:266:slice$16754.CE[0]
39560 FDCE_ZINI $auto$ff.cc:266:slice$16755.CE[0]
39561 FDCE_ZINI $auto$ff.cc:266:slice$16756.CE[0]
39562 FDCE_ZINI $auto$ff.cc:266:slice$16757.CE[0]
39563 FDCE_ZINI $auto$ff.cc:266:slice$16758.CE[0]
39564 FDCE_ZINI $auto$ff.cc:266:slice$16759.CE[0]
39565 FDCE_ZINI $auto$ff.cc:266:slice$16760.CE[0]
39566 FDCE_ZINI $auto$ff.cc:266:slice$16761.CE[0]
39567 FDCE_ZINI $auto$ff.cc:266:slice$16762.CE[0]
39568 FDCE_ZINI $auto$ff.cc:266:slice$16763.CE[0]
39569 FDCE_ZINI $auto$ff.cc:266:slice$16764.CE[0]
39570 FDCE_ZINI $auto$ff.cc:266:slice$16765.CE[0]
39571 FDCE_ZINI $auto$ff.cc:266:slice$16766.CE[0]
39572 FDCE_ZINI $auto$ff.cc:266:slice$16767.CE[0]
39573 FDCE_ZINI $auto$ff.cc:266:slice$16768.CE[0]
39574 FDCE_ZINI $auto$ff.cc:266:slice$16769.CE[0]
39575 FDCE_ZINI $auto$ff.cc:266:slice$16770.CE[0]
39576 FDCE_ZINI $auto$ff.cc:266:slice$16771.CE[0]
39577 FDCE_ZINI $auto$ff.cc:266:slice$16772.CE[0]
39578 FDCE_ZINI $auto$ff.cc:266:slice$16773.CE[0]
39579 FDCE_ZINI $auto$ff.cc:266:slice$16774.CE[0]
39580 FDCE_ZINI $auto$ff.cc:266:slice$16775.CE[0]
39581 FDCE_ZINI $auto$ff.cc:266:slice$16776.CE[0]
39582 FDCE_ZINI $auto$ff.cc:266:slice$16777.CE[0]
39583 FDCE_ZINI $auto$ff.cc:266:slice$16778.CE[0]
39584 FDCE_ZINI $auto$ff.cc:266:slice$16779.CE[0]
39585 DPRAM64 u_soc_top.u_data_memory.memory.0.0.dram_a.WA[0]
39586 DPRAM64 u_soc_top.u_data_memory.memory.0.0.dram_b.WA[0]
39587 DPRAM64 u_soc_top.u_data_memory.memory.0.0.dram_c.WA[0]
39588 DPRAM64 u_soc_top.u_data_memory.memory.0.0.dram_d.WA[0]
39589 DPRAM64 u_soc_top.u_data_memory.memory.0.1.dram_a.WA[0]
39590 DPRAM64 u_soc_top.u_data_memory.memory.0.1.dram_b.WA[0]
39591 DPRAM64 u_soc_top.u_data_memory.memory.0.1.dram_c.WA[0]
39592 DPRAM64 u_soc_top.u_data_memory.memory.0.1.dram_d.WA[0]
39593 DPRAM64 u_soc_top.u_data_memory.memory.0.10.dram_a.WA[0]
39594 DPRAM64 u_soc_top.u_data_memory.memory.0.10.dram_b.WA[0]
39595 DPRAM64 u_soc_top.u_data_memory.memory.0.10.dram_c.WA[0]
39596 DPRAM64 u_soc_top.u_data_memory.memory.0.10.dram_d.WA[0]
39597 DPRAM64 u_soc_top.u_data_memory.memory.0.11.dram_a.WA[0]
39598 DPRAM64 u_soc_top.u_data_memory.memory.0.11.dram_b.WA[0]
39599 DPRAM64 u_soc_top.u_data_memory.memory.0.11.dram_c.WA[0]
39600 DPRAM64 u_soc_top.u_data_memory.memory.0.11.dram_d.WA[0]
39601 DPRAM64 u_soc_top.u_data_memory.memory.0.2.dram_a.WA[0]
39602 DPRAM64 u_soc_top.u_data_memory.memory.0.2.dram_b.WA[0]
39603 DPRAM64 u_soc_top.u_data_memory.memory.0.2.dram_c.WA[0]
39604 DPRAM64 u_soc_top.u_data_memory.memory.0.2.dram_d.WA[0]
39605 DPRAM64 u_soc_top.u_data_memory.memory.0.3.dram_a.WA[0]
39606 DPRAM64 u_soc_top.u_data_memory.memory.0.3.dram_b.WA[0]
39607 DPRAM64 u_soc_top.u_data_memory.memory.0.3.dram_c.WA[0]
39608 DPRAM64 u_soc_top.u_data_memory.memory.0.3.dram_d.WA[0]
39609 DPRAM64 u_soc_top.u_data_memory.memory.0.4.dram_a.WA[0]
39610 DPRAM64 u_soc_top.u_data_memory.memory.0.4.dram_b.WA[0]
39611 DPRAM64 u_soc_top.u_data_memory.memory.0.4.dram_c.WA[0]
39612 DPRAM64 u_soc_top.u_data_memory.memory.0.4.dram_d.WA[0]
39613 DPRAM64 u_soc_top.u_data_memory.memory.0.5.dram_a.WA[0]
39614 DPRAM64 u_soc_top.u_data_memory.memory.0.5.dram_b.WA[0]
39615 DPRAM64 u_soc_top.u_data_memory.memory.0.5.dram_c.WA[0]
39616 DPRAM64 u_soc_top.u_data_memory.memory.0.5.dram_d.WA[0]
39617 DPRAM64 u_soc_top.u_data_memory.memory.0.6.dram_a.WA[0]
39618 DPRAM64 u_soc_top.u_data_memory.memory.0.6.dram_b.WA[0]
39619 DPRAM64 u_soc_top.u_data_memory.memory.0.6.dram_c.WA[0]
39620 DPRAM64 u_soc_top.u_data_memory.memory.0.6.dram_d.WA[0]
39621 DPRAM64 u_soc_top.u_data_memory.memory.0.7.dram_a.WA[0]
39622 DPRAM64 u_soc_top.u_data_memory.memory.0.7.dram_b.WA[0]
39623 DPRAM64 u_soc_top.u_data_memory.memory.0.7.dram_c.WA[0]
39624 DPRAM64 u_soc_top.u_data_memory.memory.0.7.dram_d.WA[0]
39625 DPRAM64 u_soc_top.u_data_memory.memory.0.8.dram_a.WA[0]
39626 DPRAM64 u_soc_top.u_data_memory.memory.0.8.dram_b.WA[0]
39627 DPRAM64 u_soc_top.u_data_memory.memory.0.8.dram_c.WA[0]
39628 DPRAM64 u_soc_top.u_data_memory.memory.0.8.dram_d.WA[0]
39629 DPRAM64 u_soc_top.u_data_memory.memory.0.9.dram_a.WA[0]
39630 DPRAM64 u_soc_top.u_data_memory.memory.0.9.dram_b.WA[0]
39631 DPRAM64 u_soc_top.u_data_memory.memory.0.9.dram_c.WA[0]
39632 DPRAM64 u_soc_top.u_data_memory.memory.0.9.dram_d.WA[0]
39633 DPRAM64 u_soc_top.u_data_memory.memory.0.0.dram_a.WA[1]
39634 DPRAM64 u_soc_top.u_data_memory.memory.0.0.dram_b.WA[1]
39635 DPRAM64 u_soc_top.u_data_memory.memory.0.0.dram_c.WA[1]
39636 DPRAM64 u_soc_top.u_data_memory.memory.0.0.dram_d.WA[1]
39637 DPRAM64 u_soc_top.u_data_memory.memory.0.1.dram_a.WA[1]
39638 DPRAM64 u_soc_top.u_data_memory.memory.0.1.dram_b.WA[1]
39639 DPRAM64 u_soc_top.u_data_memory.memory.0.1.dram_c.WA[1]
39640 DPRAM64 u_soc_top.u_data_memory.memory.0.1.dram_d.WA[1]
39641 DPRAM64 u_soc_top.u_data_memory.memory.0.10.dram_a.WA[1]
39642 DPRAM64 u_soc_top.u_data_memory.memory.0.10.dram_b.WA[1]
39643 DPRAM64 u_soc_top.u_data_memory.memory.0.10.dram_c.WA[1]
39644 DPRAM64 u_soc_top.u_data_memory.memory.0.10.dram_d.WA[1]
39645 DPRAM64 u_soc_top.u_data_memory.memory.0.11.dram_a.WA[1]
39646 DPRAM64 u_soc_top.u_data_memory.memory.0.11.dram_b.WA[1]
39647 DPRAM64 u_soc_top.u_data_memory.memory.0.11.dram_c.WA[1]
39648 DPRAM64 u_soc_top.u_data_memory.memory.0.11.dram_d.WA[1]
39649 DPRAM64 u_soc_top.u_data_memory.memory.0.2.dram_a.WA[1]
39650 DPRAM64 u_soc_top.u_data_memory.memory.0.2.dram_b.WA[1]
39651 DPRAM64 u_soc_top.u_data_memory.memory.0.2.dram_c.WA[1]
39652 DPRAM64 u_soc_top.u_data_memory.memory.0.2.dram_d.WA[1]
39653 DPRAM64 u_soc_top.u_data_memory.memory.0.3.dram_a.WA[1]
39654 DPRAM64 u_soc_top.u_data_memory.memory.0.3.dram_b.WA[1]
39655 DPRAM64 u_soc_top.u_data_memory.memory.0.3.dram_c.WA[1]
39656 DPRAM64 u_soc_top.u_data_memory.memory.0.3.dram_d.WA[1]
39657 DPRAM64 u_soc_top.u_data_memory.memory.0.4.dram_a.WA[1]
39658 DPRAM64 u_soc_top.u_data_memory.memory.0.4.dram_b.WA[1]
39659 DPRAM64 u_soc_top.u_data_memory.memory.0.4.dram_c.WA[1]
39660 DPRAM64 u_soc_top.u_data_memory.memory.0.4.dram_d.WA[1]
39661 DPRAM64 u_soc_top.u_data_memory.memory.0.5.dram_a.WA[1]
39662 DPRAM64 u_soc_top.u_data_memory.memory.0.5.dram_b.WA[1]
39663 DPRAM64 u_soc_top.u_data_memory.memory.0.5.dram_c.WA[1]
39664 DPRAM64 u_soc_top.u_data_memory.memory.0.5.dram_d.WA[1]
39665 DPRAM64 u_soc_top.u_data_memory.memory.0.6.dram_a.WA[1]
39666 DPRAM64 u_soc_top.u_data_memory.memory.0.6.dram_b.WA[1]
39667 DPRAM64 u_soc_top.u_data_memory.memory.0.6.dram_c.WA[1]
39668 DPRAM64 u_soc_top.u_data_memory.memory.0.6.dram_d.WA[1]
39669 DPRAM64 u_soc_top.u_data_memory.memory.0.7.dram_a.WA[1]
39670 DPRAM64 u_soc_top.u_data_memory.memory.0.7.dram_b.WA[1]
39671 DPRAM64 u_soc_top.u_data_memory.memory.0.7.dram_c.WA[1]
39672 DPRAM64 u_soc_top.u_data_memory.memory.0.7.dram_d.WA[1]
39673 DPRAM64 u_soc_top.u_data_memory.memory.0.8.dram_a.WA[1]
39674 DPRAM64 u_soc_top.u_data_memory.memory.0.8.dram_b.WA[1]
39675 DPRAM64 u_soc_top.u_data_memory.memory.0.8.dram_c.WA[1]
39676 DPRAM64 u_soc_top.u_data_memory.memory.0.8.dram_d.WA[1]
39677 DPRAM64 u_soc_top.u_data_memory.memory.0.9.dram_a.WA[1]
39678 DPRAM64 u_soc_top.u_data_memory.memory.0.9.dram_b.WA[1]
39679 DPRAM64 u_soc_top.u_data_memory.memory.0.9.dram_c.WA[1]
39680 DPRAM64 u_soc_top.u_data_memory.memory.0.9.dram_d.WA[1]
39681 DPRAM64 u_soc_top.u_data_memory.memory.0.0.dram_a.WA[2]
39682 DPRAM64 u_soc_top.u_data_memory.memory.0.0.dram_b.WA[2]
39683 DPRAM64 u_soc_top.u_data_memory.memory.0.0.dram_c.WA[2]
39684 DPRAM64 u_soc_top.u_data_memory.memory.0.0.dram_d.WA[2]
39685 DPRAM64 u_soc_top.u_data_memory.memory.0.1.dram_a.WA[2]
39686 DPRAM64 u_soc_top.u_data_memory.memory.0.1.dram_b.WA[2]
39687 DPRAM64 u_soc_top.u_data_memory.memory.0.1.dram_c.WA[2]
39688 DPRAM64 u_soc_top.u_data_memory.memory.0.1.dram_d.WA[2]
39689 DPRAM64 u_soc_top.u_data_memory.memory.0.10.dram_a.WA[2]
39690 DPRAM64 u_soc_top.u_data_memory.memory.0.10.dram_b.WA[2]
39691 DPRAM64 u_soc_top.u_data_memory.memory.0.10.dram_c.WA[2]
39692 DPRAM64 u_soc_top.u_data_memory.memory.0.10.dram_d.WA[2]
39693 DPRAM64 u_soc_top.u_data_memory.memory.0.11.dram_a.WA[2]
39694 DPRAM64 u_soc_top.u_data_memory.memory.0.11.dram_b.WA[2]
39695 DPRAM64 u_soc_top.u_data_memory.memory.0.11.dram_c.WA[2]
39696 DPRAM64 u_soc_top.u_data_memory.memory.0.11.dram_d.WA[2]
39697 DPRAM64 u_soc_top.u_data_memory.memory.0.2.dram_a.WA[2]
39698 DPRAM64 u_soc_top.u_data_memory.memory.0.2.dram_b.WA[2]
39699 DPRAM64 u_soc_top.u_data_memory.memory.0.2.dram_c.WA[2]
39700 DPRAM64 u_soc_top.u_data_memory.memory.0.2.dram_d.WA[2]
39701 DPRAM64 u_soc_top.u_data_memory.memory.0.3.dram_a.WA[2]
39702 DPRAM64 u_soc_top.u_data_memory.memory.0.3.dram_b.WA[2]
39703 DPRAM64 u_soc_top.u_data_memory.memory.0.3.dram_c.WA[2]
39704 DPRAM64 u_soc_top.u_data_memory.memory.0.3.dram_d.WA[2]
39705 DPRAM64 u_soc_top.u_data_memory.memory.0.4.dram_a.WA[2]
39706 DPRAM64 u_soc_top.u_data_memory.memory.0.4.dram_b.WA[2]
39707 DPRAM64 u_soc_top.u_data_memory.memory.0.4.dram_c.WA[2]
39708 DPRAM64 u_soc_top.u_data_memory.memory.0.4.dram_d.WA[2]
39709 DPRAM64 u_soc_top.u_data_memory.memory.0.5.dram_a.WA[2]
39710 DPRAM64 u_soc_top.u_data_memory.memory.0.5.dram_b.WA[2]
39711 DPRAM64 u_soc_top.u_data_memory.memory.0.5.dram_c.WA[2]
39712 DPRAM64 u_soc_top.u_data_memory.memory.0.5.dram_d.WA[2]
39713 DPRAM64 u_soc_top.u_data_memory.memory.0.6.dram_a.WA[2]
39714 DPRAM64 u_soc_top.u_data_memory.memory.0.6.dram_b.WA[2]
39715 DPRAM64 u_soc_top.u_data_memory.memory.0.6.dram_c.WA[2]
39716 DPRAM64 u_soc_top.u_data_memory.memory.0.6.dram_d.WA[2]
39717 DPRAM64 u_soc_top.u_data_memory.memory.0.7.dram_a.WA[2]
39718 DPRAM64 u_soc_top.u_data_memory.memory.0.7.dram_b.WA[2]
39719 DPRAM64 u_soc_top.u_data_memory.memory.0.7.dram_c.WA[2]
39720 DPRAM64 u_soc_top.u_data_memory.memory.0.7.dram_d.WA[2]
39721 DPRAM64 u_soc_top.u_data_memory.memory.0.8.dram_a.WA[2]
39722 DPRAM64 u_soc_top.u_data_memory.memory.0.8.dram_b.WA[2]
39723 DPRAM64 u_soc_top.u_data_memory.memory.0.8.dram_c.WA[2]
39724 DPRAM64 u_soc_top.u_data_memory.memory.0.8.dram_d.WA[2]
39725 DPRAM64 u_soc_top.u_data_memory.memory.0.9.dram_a.WA[2]
39726 DPRAM64 u_soc_top.u_data_memory.memory.0.9.dram_b.WA[2]
39727 DPRAM64 u_soc_top.u_data_memory.memory.0.9.dram_c.WA[2]
39728 DPRAM64 u_soc_top.u_data_memory.memory.0.9.dram_d.WA[2]
39729 DPRAM64 u_soc_top.u_data_memory.memory.0.0.dram_a.WA[3]
39730 DPRAM64 u_soc_top.u_data_memory.memory.0.0.dram_b.WA[3]
39731 DPRAM64 u_soc_top.u_data_memory.memory.0.0.dram_c.WA[3]
39732 DPRAM64 u_soc_top.u_data_memory.memory.0.0.dram_d.WA[3]
39733 DPRAM64 u_soc_top.u_data_memory.memory.0.1.dram_a.WA[3]
39734 DPRAM64 u_soc_top.u_data_memory.memory.0.1.dram_b.WA[3]
39735 DPRAM64 u_soc_top.u_data_memory.memory.0.1.dram_c.WA[3]
39736 DPRAM64 u_soc_top.u_data_memory.memory.0.1.dram_d.WA[3]
39737 DPRAM64 u_soc_top.u_data_memory.memory.0.10.dram_a.WA[3]
39738 DPRAM64 u_soc_top.u_data_memory.memory.0.10.dram_b.WA[3]
39739 DPRAM64 u_soc_top.u_data_memory.memory.0.10.dram_c.WA[3]
39740 DPRAM64 u_soc_top.u_data_memory.memory.0.10.dram_d.WA[3]
39741 DPRAM64 u_soc_top.u_data_memory.memory.0.11.dram_a.WA[3]
39742 DPRAM64 u_soc_top.u_data_memory.memory.0.11.dram_b.WA[3]
39743 DPRAM64 u_soc_top.u_data_memory.memory.0.11.dram_c.WA[3]
39744 DPRAM64 u_soc_top.u_data_memory.memory.0.11.dram_d.WA[3]
39745 DPRAM64 u_soc_top.u_data_memory.memory.0.2.dram_a.WA[3]
39746 DPRAM64 u_soc_top.u_data_memory.memory.0.2.dram_b.WA[3]
39747 DPRAM64 u_soc_top.u_data_memory.memory.0.2.dram_c.WA[3]
39748 DPRAM64 u_soc_top.u_data_memory.memory.0.2.dram_d.WA[3]
39749 DPRAM64 u_soc_top.u_data_memory.memory.0.3.dram_a.WA[3]
39750 DPRAM64 u_soc_top.u_data_memory.memory.0.3.dram_b.WA[3]
39751 DPRAM64 u_soc_top.u_data_memory.memory.0.3.dram_c.WA[3]
39752 DPRAM64 u_soc_top.u_data_memory.memory.0.3.dram_d.WA[3]
39753 DPRAM64 u_soc_top.u_data_memory.memory.0.4.dram_a.WA[3]
39754 DPRAM64 u_soc_top.u_data_memory.memory.0.4.dram_b.WA[3]
39755 DPRAM64 u_soc_top.u_data_memory.memory.0.4.dram_c.WA[3]
39756 DPRAM64 u_soc_top.u_data_memory.memory.0.4.dram_d.WA[3]
39757 DPRAM64 u_soc_top.u_data_memory.memory.0.5.dram_a.WA[3]
39758 DPRAM64 u_soc_top.u_data_memory.memory.0.5.dram_b.WA[3]
39759 DPRAM64 u_soc_top.u_data_memory.memory.0.5.dram_c.WA[3]
39760 DPRAM64 u_soc_top.u_data_memory.memory.0.5.dram_d.WA[3]
39761 DPRAM64 u_soc_top.u_data_memory.memory.0.6.dram_a.WA[3]
39762 DPRAM64 u_soc_top.u_data_memory.memory.0.6.dram_b.WA[3]
39763 DPRAM64 u_soc_top.u_data_memory.memory.0.6.dram_c.WA[3]
39764 DPRAM64 u_soc_top.u_data_memory.memory.0.6.dram_d.WA[3]
39765 DPRAM64 u_soc_top.u_data_memory.memory.0.7.dram_a.WA[3]
39766 DPRAM64 u_soc_top.u_data_memory.memory.0.7.dram_b.WA[3]
39767 DPRAM64 u_soc_top.u_data_memory.memory.0.7.dram_c.WA[3]
39768 DPRAM64 u_soc_top.u_data_memory.memory.0.7.dram_d.WA[3]
39769 DPRAM64 u_soc_top.u_data_memory.memory.0.8.dram_a.WA[3]
39770 DPRAM64 u_soc_top.u_data_memory.memory.0.8.dram_b.WA[3]
39771 DPRAM64 u_soc_top.u_data_memory.memory.0.8.dram_c.WA[3]
39772 DPRAM64 u_soc_top.u_data_memory.memory.0.8.dram_d.WA[3]
39773 DPRAM64 u_soc_top.u_data_memory.memory.0.9.dram_a.WA[3]
39774 DPRAM64 u_soc_top.u_data_memory.memory.0.9.dram_b.WA[3]
39775 DPRAM64 u_soc_top.u_data_memory.memory.0.9.dram_c.WA[3]
39776 DPRAM64 u_soc_top.u_data_memory.memory.0.9.dram_d.WA[3]
39777 DPRAM64 u_soc_top.u_data_memory.memory.0.0.dram_a.WA[4]
39778 DPRAM64 u_soc_top.u_data_memory.memory.0.0.dram_b.WA[4]
39779 DPRAM64 u_soc_top.u_data_memory.memory.0.0.dram_c.WA[4]
39780 DPRAM64 u_soc_top.u_data_memory.memory.0.0.dram_d.WA[4]
39781 DPRAM64 u_soc_top.u_data_memory.memory.0.1.dram_a.WA[4]
39782 DPRAM64 u_soc_top.u_data_memory.memory.0.1.dram_b.WA[4]
39783 DPRAM64 u_soc_top.u_data_memory.memory.0.1.dram_c.WA[4]
39784 DPRAM64 u_soc_top.u_data_memory.memory.0.1.dram_d.WA[4]
39785 DPRAM64 u_soc_top.u_data_memory.memory.0.10.dram_a.WA[4]
39786 DPRAM64 u_soc_top.u_data_memory.memory.0.10.dram_b.WA[4]
39787 DPRAM64 u_soc_top.u_data_memory.memory.0.10.dram_c.WA[4]
39788 DPRAM64 u_soc_top.u_data_memory.memory.0.10.dram_d.WA[4]
39789 DPRAM64 u_soc_top.u_data_memory.memory.0.11.dram_a.WA[4]
39790 DPRAM64 u_soc_top.u_data_memory.memory.0.11.dram_b.WA[4]
39791 DPRAM64 u_soc_top.u_data_memory.memory.0.11.dram_c.WA[4]
39792 DPRAM64 u_soc_top.u_data_memory.memory.0.11.dram_d.WA[4]
39793 DPRAM64 u_soc_top.u_data_memory.memory.0.2.dram_a.WA[4]
39794 DPRAM64 u_soc_top.u_data_memory.memory.0.2.dram_b.WA[4]
39795 DPRAM64 u_soc_top.u_data_memory.memory.0.2.dram_c.WA[4]
39796 DPRAM64 u_soc_top.u_data_memory.memory.0.2.dram_d.WA[4]
39797 DPRAM64 u_soc_top.u_data_memory.memory.0.3.dram_a.WA[4]
39798 DPRAM64 u_soc_top.u_data_memory.memory.0.3.dram_b.WA[4]
39799 DPRAM64 u_soc_top.u_data_memory.memory.0.3.dram_c.WA[4]
39800 DPRAM64 u_soc_top.u_data_memory.memory.0.3.dram_d.WA[4]
39801 DPRAM64 u_soc_top.u_data_memory.memory.0.4.dram_a.WA[4]
39802 DPRAM64 u_soc_top.u_data_memory.memory.0.4.dram_b.WA[4]
39803 DPRAM64 u_soc_top.u_data_memory.memory.0.4.dram_c.WA[4]
39804 DPRAM64 u_soc_top.u_data_memory.memory.0.4.dram_d.WA[4]
39805 DPRAM64 u_soc_top.u_data_memory.memory.0.5.dram_a.WA[4]
39806 DPRAM64 u_soc_top.u_data_memory.memory.0.5.dram_b.WA[4]
39807 DPRAM64 u_soc_top.u_data_memory.memory.0.5.dram_c.WA[4]
39808 DPRAM64 u_soc_top.u_data_memory.memory.0.5.dram_d.WA[4]
39809 DPRAM64 u_soc_top.u_data_memory.memory.0.6.dram_a.WA[4]
39810 DPRAM64 u_soc_top.u_data_memory.memory.0.6.dram_b.WA[4]
39811 DPRAM64 u_soc_top.u_data_memory.memory.0.6.dram_c.WA[4]
39812 DPRAM64 u_soc_top.u_data_memory.memory.0.6.dram_d.WA[4]
39813 DPRAM64 u_soc_top.u_data_memory.memory.0.7.dram_a.WA[4]
39814 DPRAM64 u_soc_top.u_data_memory.memory.0.7.dram_b.WA[4]
39815 DPRAM64 u_soc_top.u_data_memory.memory.0.7.dram_c.WA[4]
39816 DPRAM64 u_soc_top.u_data_memory.memory.0.7.dram_d.WA[4]
39817 DPRAM64 u_soc_top.u_data_memory.memory.0.8.dram_a.WA[4]
39818 DPRAM64 u_soc_top.u_data_memory.memory.0.8.dram_b.WA[4]
39819 DPRAM64 u_soc_top.u_data_memory.memory.0.8.dram_c.WA[4]
39820 DPRAM64 u_soc_top.u_data_memory.memory.0.8.dram_d.WA[4]
39821 DPRAM64 u_soc_top.u_data_memory.memory.0.9.dram_a.WA[4]
39822 DPRAM64 u_soc_top.u_data_memory.memory.0.9.dram_b.WA[4]
39823 DPRAM64 u_soc_top.u_data_memory.memory.0.9.dram_c.WA[4]
39824 DPRAM64 u_soc_top.u_data_memory.memory.0.9.dram_d.WA[4]
39825 DPRAM64 u_soc_top.u_data_memory.memory.0.0.dram_a.WA[5]
39826 DPRAM64 u_soc_top.u_data_memory.memory.0.0.dram_b.WA[5]
39827 DPRAM64 u_soc_top.u_data_memory.memory.0.0.dram_c.WA[5]
39828 DPRAM64 u_soc_top.u_data_memory.memory.0.0.dram_d.WA[5]
39829 DPRAM64 u_soc_top.u_data_memory.memory.0.1.dram_a.WA[5]
39830 DPRAM64 u_soc_top.u_data_memory.memory.0.1.dram_b.WA[5]
39831 DPRAM64 u_soc_top.u_data_memory.memory.0.1.dram_c.WA[5]
39832 DPRAM64 u_soc_top.u_data_memory.memory.0.1.dram_d.WA[5]
39833 DPRAM64 u_soc_top.u_data_memory.memory.0.10.dram_a.WA[5]
39834 DPRAM64 u_soc_top.u_data_memory.memory.0.10.dram_b.WA[5]
39835 DPRAM64 u_soc_top.u_data_memory.memory.0.10.dram_c.WA[5]
39836 DPRAM64 u_soc_top.u_data_memory.memory.0.10.dram_d.WA[5]
39837 DPRAM64 u_soc_top.u_data_memory.memory.0.11.dram_a.WA[5]
39838 DPRAM64 u_soc_top.u_data_memory.memory.0.11.dram_b.WA[5]
39839 DPRAM64 u_soc_top.u_data_memory.memory.0.11.dram_c.WA[5]
39840 DPRAM64 u_soc_top.u_data_memory.memory.0.11.dram_d.WA[5]
39841 DPRAM64 u_soc_top.u_data_memory.memory.0.2.dram_a.WA[5]
39842 DPRAM64 u_soc_top.u_data_memory.memory.0.2.dram_b.WA[5]
39843 DPRAM64 u_soc_top.u_data_memory.memory.0.2.dram_c.WA[5]
39844 DPRAM64 u_soc_top.u_data_memory.memory.0.2.dram_d.WA[5]
39845 DPRAM64 u_soc_top.u_data_memory.memory.0.3.dram_a.WA[5]
39846 DPRAM64 u_soc_top.u_data_memory.memory.0.3.dram_b.WA[5]
39847 DPRAM64 u_soc_top.u_data_memory.memory.0.3.dram_c.WA[5]
39848 DPRAM64 u_soc_top.u_data_memory.memory.0.3.dram_d.WA[5]
39849 DPRAM64 u_soc_top.u_data_memory.memory.0.4.dram_a.WA[5]
39850 DPRAM64 u_soc_top.u_data_memory.memory.0.4.dram_b.WA[5]
39851 DPRAM64 u_soc_top.u_data_memory.memory.0.4.dram_c.WA[5]
39852 DPRAM64 u_soc_top.u_data_memory.memory.0.4.dram_d.WA[5]
39853 DPRAM64 u_soc_top.u_data_memory.memory.0.5.dram_a.WA[5]
39854 DPRAM64 u_soc_top.u_data_memory.memory.0.5.dram_b.WA[5]
39855 DPRAM64 u_soc_top.u_data_memory.memory.0.5.dram_c.WA[5]
39856 DPRAM64 u_soc_top.u_data_memory.memory.0.5.dram_d.WA[5]
39857 DPRAM64 u_soc_top.u_data_memory.memory.0.6.dram_a.WA[5]
39858 DPRAM64 u_soc_top.u_data_memory.memory.0.6.dram_b.WA[5]
39859 DPRAM64 u_soc_top.u_data_memory.memory.0.6.dram_c.WA[5]
39860 DPRAM64 u_soc_top.u_data_memory.memory.0.6.dram_d.WA[5]
39861 DPRAM64 u_soc_top.u_data_memory.memory.0.7.dram_a.WA[5]
39862 DPRAM64 u_soc_top.u_data_memory.memory.0.7.dram_b.WA[5]
39863 DPRAM64 u_soc_top.u_data_memory.memory.0.7.dram_c.WA[5]
39864 DPRAM64 u_soc_top.u_data_memory.memory.0.7.dram_d.WA[5]
39865 DPRAM64 u_soc_top.u_data_memory.memory.0.8.dram_a.WA[5]
39866 DPRAM64 u_soc_top.u_data_memory.memory.0.8.dram_b.WA[5]
39867 DPRAM64 u_soc_top.u_data_memory.memory.0.8.dram_c.WA[5]
39868 DPRAM64 u_soc_top.u_data_memory.memory.0.8.dram_d.WA[5]
39869 DPRAM64 u_soc_top.u_data_memory.memory.0.9.dram_a.WA[5]
39870 DPRAM64 u_soc_top.u_data_memory.memory.0.9.dram_b.WA[5]
39871 DPRAM64 u_soc_top.u_data_memory.memory.0.9.dram_c.WA[5]
39872 DPRAM64 u_soc_top.u_data_memory.memory.0.9.dram_d.WA[5]
39873 FDCE_ZINI $auto$ff.cc:266:slice$15309.D[0]
39874 FDCE_ZINI $auto$ff.cc:266:slice$15317.D[0]
39875 DPRAM64 u_soc_top.u_data_memory.memory.0.0.dram_c.DI[0]
39876 FDCE_ZINI $auto$ff.cc:266:slice$15310.D[0]
39877 FDCE_ZINI $auto$ff.cc:266:slice$15318.D[0]
39878 DPRAM64 u_soc_top.u_data_memory.memory.0.0.dram_b.DI[0]
39879 FDCE_ZINI $auto$ff.cc:266:slice$15311.D[0]
39880 FDCE_ZINI $auto$ff.cc:266:slice$15319.D[0]
39881 DPRAM64 u_soc_top.u_data_memory.memory.0.0.dram_a.DI[0]
39882 FDCE_ZINI $auto$ff.cc:266:slice$15312.D[0]
39883 FDCE_ZINI $auto$ff.cc:266:slice$15320.D[0]
39884 DPRAM64 u_soc_top.u_data_memory.memory.0.1.dram_c.DI[0]
39885 FDCE_ZINI $auto$ff.cc:266:slice$15313.D[0]
39886 FDCE_ZINI $auto$ff.cc:266:slice$15321.D[0]
39887 DPRAM64 u_soc_top.u_data_memory.memory.0.1.dram_b.DI[0]
39888 FDCE_ZINI $auto$ff.cc:266:slice$15314.D[0]
39889 FDCE_ZINI $auto$ff.cc:266:slice$15322.D[0]
39890 DPRAM64 u_soc_top.u_data_memory.memory.0.1.dram_a.DI[0]
39891 FDCE_ZINI $auto$ff.cc:266:slice$15315.D[0]
39892 FDCE_ZINI $auto$ff.cc:266:slice$15323.D[0]
39893 DPRAM64 u_soc_top.u_data_memory.memory.0.2.dram_c.DI[0]
39894 FDCE_ZINI $auto$ff.cc:266:slice$15316.D[0]
39895 FDPE_ZINI $auto$ff.cc:266:slice$15324.D[0]
39896 DPRAM64 u_soc_top.u_data_memory.memory.0.2.dram_b.DI[0]
39897 FDCE_ZINI $auto$ff.cc:266:slice$13665.D[0]
39898 FDCE_ZINI $auto$ff.cc:266:slice$14905.D[0]
39899 DPRAM64 u_soc_top.u_data_memory.memory.0.3.dram_c.DI[0]
39900 FDCE_ZINI $auto$ff.cc:266:slice$13666.D[0]
39901 FDPE_ZINI $auto$ff.cc:266:slice$14906.D[0]
39902 DPRAM64 u_soc_top.u_data_memory.memory.0.3.dram_b.DI[0]
39903 FDCE_ZINI $auto$ff.cc:266:slice$13667.D[0]
39904 FDCE_ZINI $auto$ff.cc:266:slice$14907.D[0]
39905 DPRAM64 u_soc_top.u_data_memory.memory.0.3.dram_a.DI[0]
39906 FDCE_ZINI $auto$ff.cc:266:slice$13668.D[0]
39907 FDCE_ZINI $auto$ff.cc:266:slice$14908.D[0]
39908 DPRAM64 u_soc_top.u_data_memory.memory.0.4.dram_c.DI[0]
39909 FDCE_ZINI $auto$ff.cc:266:slice$13669.D[0]
39910 FDCE_ZINI $auto$ff.cc:266:slice$14909.D[0]
39911 DPRAM64 u_soc_top.u_data_memory.memory.0.4.dram_b.DI[0]
39912 FDCE_ZINI $auto$ff.cc:266:slice$13670.D[0]
39913 FDCE_ZINI $auto$ff.cc:266:slice$14910.D[0]
39914 DPRAM64 u_soc_top.u_data_memory.memory.0.4.dram_a.DI[0]
39915 FDCE_ZINI $auto$ff.cc:266:slice$13671.D[0]
39916 FDCE_ZINI $auto$ff.cc:266:slice$14911.D[0]
39917 DPRAM64 u_soc_top.u_data_memory.memory.0.5.dram_c.DI[0]
39918 FDCE_ZINI $auto$ff.cc:266:slice$13672.D[0]
39919 FDCE_ZINI $auto$ff.cc:266:slice$14912.D[0]
39920 DPRAM64 u_soc_top.u_data_memory.memory.0.5.dram_b.DI[0]
39921 FDCE_ZINI $auto$ff.cc:266:slice$13085.D[0]
39922 FDCE_ZINI $auto$ff.cc:266:slice$13650.D[0]
39923 DPRAM64 u_soc_top.u_data_memory.memory.0.6.dram_c.DI[0]
39924 FDCE_ZINI $auto$ff.cc:266:slice$13086.D[0]
39925 FDCE_ZINI $auto$ff.cc:266:slice$13651.D[0]
39926 DPRAM64 u_soc_top.u_data_memory.memory.0.6.dram_b.DI[0]
39927 FDCE_ZINI $auto$ff.cc:266:slice$13087.D[0]
39928 FDCE_ZINI $auto$ff.cc:266:slice$13652.D[0]
39929 DPRAM64 u_soc_top.u_data_memory.memory.0.6.dram_a.DI[0]
39930 FDCE_ZINI $auto$ff.cc:266:slice$13088.D[0]
39931 FDCE_ZINI $auto$ff.cc:266:slice$13653.D[0]
39932 DPRAM64 u_soc_top.u_data_memory.memory.0.7.dram_c.DI[0]
39933 FDCE_ZINI $auto$ff.cc:266:slice$13089.D[0]
39934 FDCE_ZINI $auto$ff.cc:266:slice$13654.D[0]
39935 DPRAM64 u_soc_top.u_data_memory.memory.0.7.dram_b.DI[0]
39936 FDPE_ZINI $auto$ff.cc:266:slice$13090.D[0]
39937 FDCE_ZINI $auto$ff.cc:266:slice$13655.D[0]
39938 DPRAM64 u_soc_top.u_data_memory.memory.0.7.dram_a.DI[0]
39939 FDPE_ZINI $auto$ff.cc:266:slice$13091.D[0]
39940 FDCE_ZINI $auto$ff.cc:266:slice$13656.D[0]
39941 DPRAM64 u_soc_top.u_data_memory.memory.0.8.dram_c.DI[0]
39942 FDPE_ZINI $auto$ff.cc:266:slice$13092.D[0]
39943 FDCE_ZINI $auto$ff.cc:266:slice$13657.D[0]
39944 DPRAM64 u_soc_top.u_data_memory.memory.0.8.dram_b.DI[0]
39945 FDCE_ZINI $auto$ff.cc:266:slice$13635.D[0]
39946 FDPE_ZINI $auto$ff.cc:266:slice$13691.D[0]
39947 DPRAM64 u_soc_top.u_data_memory.memory.0.9.dram_c.DI[0]
39948 FDCE_ZINI $auto$ff.cc:266:slice$13636.D[0]
39949 FDCE_ZINI $auto$ff.cc:266:slice$13692.D[0]
39950 DPRAM64 u_soc_top.u_data_memory.memory.0.9.dram_b.DI[0]
39951 FDCE_ZINI $auto$ff.cc:266:slice$13637.D[0]
39952 FDCE_ZINI $auto$ff.cc:266:slice$13693.D[0]
39953 DPRAM64 u_soc_top.u_data_memory.memory.0.9.dram_a.DI[0]
39954 FDCE_ZINI $auto$ff.cc:266:slice$13638.D[0]
39955 FDCE_ZINI $auto$ff.cc:266:slice$13694.D[0]
39956 DPRAM64 u_soc_top.u_data_memory.memory.0.10.dram_c.DI[0]
39957 FDCE_ZINI $auto$ff.cc:266:slice$13639.D[0]
39958 FDCE_ZINI $auto$ff.cc:266:slice$13695.D[0]
39959 DPRAM64 u_soc_top.u_data_memory.memory.0.10.dram_b.DI[0]
39960 FDCE_ZINI $auto$ff.cc:266:slice$13640.D[0]
39961 FDCE_ZINI $auto$ff.cc:266:slice$13696.D[0]
39962 DPRAM64 u_soc_top.u_data_memory.memory.0.10.dram_a.DI[0]
39963 FDCE_ZINI $auto$ff.cc:266:slice$13641.D[0]
39964 FDCE_ZINI $auto$ff.cc:266:slice$13697.D[0]
39965 DPRAM64 u_soc_top.u_data_memory.memory.0.11.dram_c.DI[0]
39966 FDCE_ZINI $auto$ff.cc:266:slice$13642.D[0]
39967 FDCE_ZINI $auto$ff.cc:266:slice$13698.D[0]
39968 DPRAM64 u_soc_top.u_data_memory.memory.0.11.dram_b.DI[0]
39969 FDCE_ZINI $auto$ff.cc:266:slice$17457.D[0]
39970 FDCE_ZINI $auto$ff.cc:266:slice$17082.CE[0]
39971 FDCE_ZINI $auto$ff.cc:266:slice$17083.CE[0]
39972 FDCE_ZINI $auto$ff.cc:266:slice$17084.CE[0]
39973 FDCE_ZINI $auto$ff.cc:266:slice$17085.CE[0]
39974 FDCE_ZINI $auto$ff.cc:266:slice$17086.CE[0]
39975 FDCE_ZINI $auto$ff.cc:266:slice$17087.CE[0]
39976 FDCE_ZINI $auto$ff.cc:266:slice$17088.CE[0]
39977 FDCE_ZINI $auto$ff.cc:266:slice$17089.CE[0]
39978 FDCE_ZINI $auto$ff.cc:266:slice$17090.CE[0]
39979 FDCE_ZINI $auto$ff.cc:266:slice$17091.CE[0]
39980 FDCE_ZINI $auto$ff.cc:266:slice$17092.CE[0]
39981 FDCE_ZINI $auto$ff.cc:266:slice$17093.CE[0]
39982 FDCE_ZINI $auto$ff.cc:266:slice$17094.CE[0]
39983 FDCE_ZINI $auto$ff.cc:266:slice$17095.CE[0]
39984 FDCE_ZINI $auto$ff.cc:266:slice$17096.CE[0]
39985 FDCE_ZINI $auto$ff.cc:266:slice$17097.CE[0]
39986 FDCE_ZINI $auto$ff.cc:266:slice$17098.CE[0]
39987 FDCE_ZINI $auto$ff.cc:266:slice$17099.CE[0]
39988 FDCE_ZINI $auto$ff.cc:266:slice$17100.CE[0]
39989 FDCE_ZINI $auto$ff.cc:266:slice$17101.CE[0]
39990 FDCE_ZINI $auto$ff.cc:266:slice$17102.CE[0]
39991 FDCE_ZINI $auto$ff.cc:266:slice$17103.CE[0]
39992 FDCE_ZINI $auto$ff.cc:266:slice$17104.CE[0]
39993 FDCE_ZINI $auto$ff.cc:266:slice$17105.CE[0]
39994 FDCE_ZINI $auto$ff.cc:266:slice$17106.CE[0]
39995 FDCE_ZINI $auto$ff.cc:266:slice$17107.CE[0]
39996 FDCE_ZINI $auto$ff.cc:266:slice$17108.CE[0]
39997 FDCE_ZINI $auto$ff.cc:266:slice$17109.CE[0]
39998 FDCE_ZINI $auto$ff.cc:266:slice$17110.CE[0]
39999 FDCE_ZINI $auto$ff.cc:266:slice$17111.CE[0]
40000 FDCE_ZINI $auto$ff.cc:266:slice$17112.CE[0]
40001 FDCE_ZINI $auto$ff.cc:266:slice$17113.CE[0]
40002 FDCE_ZINI $auto$ff.cc:266:slice$17388.D[0]
40003 FDCE_ZINI $auto$ff.cc:266:slice$17422.D[0]
40004 FDCE_ZINI $auto$ff.cc:266:slice$17455.D[0]
40005 FDCE_ZINI $auto$ff.cc:266:slice$16712.CE[0]
40006 FDCE_ZINI $auto$ff.cc:266:slice$15293.CE[0]
40007 FDCE_ZINI $auto$ff.cc:266:slice$15294.CE[0]
40008 FDCE_ZINI $auto$ff.cc:266:slice$15295.CE[0]
40009 FDCE_ZINI $auto$ff.cc:266:slice$15296.CE[0]
40010 FDCE_ZINI $auto$ff.cc:266:slice$15297.CE[0]
40011 FDCE_ZINI $auto$ff.cc:266:slice$15298.CE[0]
40012 FDCE_ZINI $auto$ff.cc:266:slice$15299.CE[0]
40013 FDCE_ZINI $auto$ff.cc:266:slice$15300.CE[0]
40014 FDCE_ZINI $auto$ff.cc:266:slice$15301.CE[0]
40015 FDCE_ZINI $auto$ff.cc:266:slice$15302.CE[0]
40016 FDCE_ZINI $auto$ff.cc:266:slice$15303.CE[0]
40017 FDCE_ZINI $auto$ff.cc:266:slice$15304.CE[0]
40018 FDCE_ZINI $auto$ff.cc:266:slice$15305.CE[0]
40019 FDCE_ZINI $auto$ff.cc:266:slice$15306.CE[0]
40020 FDCE_ZINI $auto$ff.cc:266:slice$15307.CE[0]
40021 FDPE_ZINI $auto$ff.cc:266:slice$15255.CE[0]
40022 FDPE_ZINI $auto$ff.cc:266:slice$13842.D[0]
40023 FDCE_ZINI $auto$ff.cc:266:slice$16713.CE[0]
40024 FDCE_ZINI $auto$ff.cc:266:slice$16714.CE[0]
40025 FDCE_ZINI $auto$ff.cc:266:slice$16715.CE[0]
40039 FDCE_ZINI $auto$ff.cc:266:slice$15390.D[0]
40040 FDCE_ZINI $auto$ff.cc:266:slice$15389.D[0]
40041 FDPE_ZINI $auto$ff.cc:266:slice$15290.D[0]
40042 FDPE_ZINI $auto$ff.cc:266:slice$15289.D[0]
40046 FDRE_ZINI $auto$ff.cc:266:slice$12299.D[0]
40047 FDRE_ZINI $auto$ff.cc:266:slice$12298.D[0]
40048 FDRE_ZINI $auto$ff.cc:266:slice$12297.D[0]
40049 FDRE_ZINI $auto$ff.cc:266:slice$12296.D[0]
40050 FDCE_ZINI $auto$ff.cc:266:slice$15239.CE[0]
40051 FDCE_ZINI $auto$ff.cc:266:slice$15240.CE[0]
40052 FDCE_ZINI $auto$ff.cc:266:slice$15241.CE[0]
40053 FDCE_ZINI $auto$ff.cc:266:slice$15242.CE[0]
40054 FDCE_ZINI $auto$ff.cc:266:slice$15243.CE[0]
40055 FDCE_ZINI $auto$ff.cc:266:slice$15244.CE[0]
40056 FDCE_ZINI $auto$ff.cc:266:slice$15245.CE[0]
40057 FDCE_ZINI $auto$ff.cc:266:slice$15246.CE[0]
40058 FDCE_ZINI $auto$ff.cc:266:slice$15247.CE[0]
40059 FDCE_ZINI $auto$ff.cc:266:slice$15248.CE[0]
40060 FDCE_ZINI $auto$ff.cc:266:slice$15249.CE[0]
40061 FDCE_ZINI $auto$ff.cc:266:slice$15250.CE[0]
40062 FDCE_ZINI $auto$ff.cc:266:slice$15251.CE[0]
40063 FDCE_ZINI $auto$ff.cc:266:slice$15252.CE[0]
40064 FDCE_ZINI $auto$ff.cc:266:slice$15253.CE[0]
40065 FDCE_ZINI $auto$ff.cc:266:slice$15254.CE[0]
40066 FDCE_ZINI $auto$ff.cc:266:slice$14048.D[0]
40067 FDPE_ZINI $auto$ff.cc:266:slice$13098.D[0]
40068 FDCE_ZINI $auto$ff.cc:266:slice$13102.D[0]
40069 FDCE_ZINI $auto$ff.cc:266:slice$17082.D[0]
40070 FDCE_ZINI $auto$ff.cc:266:slice$17083.D[0]
40071 FDCE_ZINI $auto$ff.cc:266:slice$17084.D[0]
40072 FDCE_ZINI $auto$ff.cc:266:slice$17085.D[0]
40073 FDCE_ZINI $auto$ff.cc:266:slice$17086.D[0]
40074 FDCE_ZINI $auto$ff.cc:266:slice$17087.D[0]
40075 FDCE_ZINI $auto$ff.cc:266:slice$17088.D[0]
40076 FDCE_ZINI $auto$ff.cc:266:slice$17089.D[0]
40077 FDCE_ZINI $auto$ff.cc:266:slice$17090.D[0]
40078 FDCE_ZINI $auto$ff.cc:266:slice$17091.D[0]
40079 FDCE_ZINI $auto$ff.cc:266:slice$17092.D[0]
40080 FDCE_ZINI $auto$ff.cc:266:slice$17093.D[0]
40081 FDCE_ZINI $auto$ff.cc:266:slice$17094.D[0]
40082 FDCE_ZINI $auto$ff.cc:266:slice$17095.D[0]
40083 FDCE_ZINI $auto$ff.cc:266:slice$17096.D[0]
40084 FDCE_ZINI $auto$ff.cc:266:slice$17097.D[0]
40085 FDCE_ZINI $auto$ff.cc:266:slice$17098.D[0]
40086 FDCE_ZINI $auto$ff.cc:266:slice$17099.D[0]
40087 FDCE_ZINI $auto$ff.cc:266:slice$17100.D[0]
40088 FDCE_ZINI $auto$ff.cc:266:slice$17101.D[0]
40089 FDCE_ZINI $auto$ff.cc:266:slice$17102.D[0]
40090 FDCE_ZINI $auto$ff.cc:266:slice$17103.D[0]
40091 FDCE_ZINI $auto$ff.cc:266:slice$17104.D[0]
40092 FDCE_ZINI $auto$ff.cc:266:slice$17105.D[0]
40093 FDCE_ZINI $auto$ff.cc:266:slice$17106.D[0]
40094 FDCE_ZINI $auto$ff.cc:266:slice$17107.D[0]
40095 FDCE_ZINI $auto$ff.cc:266:slice$17108.D[0]
40096 FDCE_ZINI $auto$ff.cc:266:slice$17109.D[0]
40097 FDCE_ZINI $auto$ff.cc:266:slice$17110.D[0]
40098 FDCE_ZINI $auto$ff.cc:266:slice$17111.D[0]
40099 FDCE_ZINI $auto$ff.cc:266:slice$17112.D[0]
40100 FDCE_ZINI $auto$ff.cc:266:slice$17113.D[0]
40101 FDCE_ZINI $auto$ff.cc:266:slice$13928.D[0]
40102 FDCE_ZINI $auto$ff.cc:266:slice$13929.D[0]
40103 FDCE_ZINI $auto$ff.cc:266:slice$13930.D[0]
40104 FDCE_ZINI $auto$ff.cc:266:slice$13931.D[0]
40105 FDCE_ZINI $auto$ff.cc:266:slice$13932.D[0]
40106 FDCE_ZINI $auto$ff.cc:266:slice$13933.D[0]
40107 FDCE_ZINI $auto$ff.cc:266:slice$13934.D[0]
40108 FDCE_ZINI $auto$ff.cc:266:slice$13935.D[0]
40109 FDPE_ZINI $auto$ff.cc:266:slice$13926.D[0]
40110 FDCE_ZINI $auto$ff.cc:266:slice$15239.D[0]
40111 FDCE_ZINI $auto$ff.cc:266:slice$15240.D[0]
40112 FDCE_ZINI $auto$ff.cc:266:slice$15241.D[0]
40113 FDCE_ZINI $auto$ff.cc:266:slice$15242.D[0]
40114 FDCE_ZINI $auto$ff.cc:266:slice$15243.D[0]
40115 FDCE_ZINI $auto$ff.cc:266:slice$15244.D[0]
40116 FDCE_ZINI $auto$ff.cc:266:slice$15245.D[0]
40117 FDCE_ZINI $auto$ff.cc:266:slice$15246.D[0]
40118 FDPE_ZINI $auto$ff.cc:266:slice$13927.D[0]
40119 RAMB36E1_PRIM u_soc_top.u_framebuffer_sram.memory.0.0.ADDRARDADDRL[5]
40120 RAMB36E1_PRIM u_soc_top.u_framebuffer_sram.memory.0.0.ADDRARDADDRU[5]
40121 RAMB36E1_PRIM u_soc_top.u_framebuffer_sram.memory.0.1.ADDRARDADDRL[5]
40122 RAMB36E1_PRIM u_soc_top.u_framebuffer_sram.memory.0.1.ADDRARDADDRU[5]
40123 RAMB36E1_PRIM u_soc_top.u_framebuffer_sram.memory.0.10.ADDRARDADDRL[5]
40124 RAMB36E1_PRIM u_soc_top.u_framebuffer_sram.memory.0.10.ADDRARDADDRU[5]
40125 RAMB36E1_PRIM u_soc_top.u_framebuffer_sram.memory.0.11.ADDRARDADDRL[5]
40126 RAMB36E1_PRIM u_soc_top.u_framebuffer_sram.memory.0.11.ADDRARDADDRU[5]
40127 RAMB36E1_PRIM u_soc_top.u_framebuffer_sram.memory.0.12.ADDRARDADDRL[5]
40128 RAMB36E1_PRIM u_soc_top.u_framebuffer_sram.memory.0.12.ADDRARDADDRU[5]
40129 RAMB36E1_PRIM u_soc_top.u_framebuffer_sram.memory.0.13.ADDRARDADDRL[5]
40130 RAMB36E1_PRIM u_soc_top.u_framebuffer_sram.memory.0.13.ADDRARDADDRU[5]
40131 RAMB36E1_PRIM u_soc_top.u_framebuffer_sram.memory.0.14.ADDRARDADDRL[5]
40132 RAMB36E1_PRIM u_soc_top.u_framebuffer_sram.memory.0.14.ADDRARDADDRU[5]
40133 RAMB36E1_PRIM u_soc_top.u_framebuffer_sram.memory.0.15.ADDRARDADDRL[5]
40134 RAMB36E1_PRIM u_soc_top.u_framebuffer_sram.memory.0.15.ADDRARDADDRU[5]
40135 RAMB36E1_PRIM u_soc_top.u_framebuffer_sram.memory.0.16.ADDRARDADDRL[5]
40136 RAMB36E1_PRIM u_soc_top.u_framebuffer_sram.memory.0.16.ADDRARDADDRU[5]
40137 RAMB36E1_PRIM u_soc_top.u_framebuffer_sram.memory.0.17.ADDRARDADDRL[5]
40138 RAMB36E1_PRIM u_soc_top.u_framebuffer_sram.memory.0.17.ADDRARDADDRU[5]
40139 RAMB36E1_PRIM u_soc_top.u_framebuffer_sram.memory.0.18.ADDRARDADDRL[5]
40140 RAMB36E1_PRIM u_soc_top.u_framebuffer_sram.memory.0.18.ADDRARDADDRU[5]
40141 RAMB36E1_PRIM u_soc_top.u_framebuffer_sram.memory.0.2.ADDRARDADDRL[5]
40142 RAMB36E1_PRIM u_soc_top.u_framebuffer_sram.memory.0.2.ADDRARDADDRU[5]
40143 RAMB36E1_PRIM u_soc_top.u_framebuffer_sram.memory.0.3.ADDRARDADDRL[5]
40144 RAMB36E1_PRIM u_soc_top.u_framebuffer_sram.memory.0.3.ADDRARDADDRU[5]
40145 RAMB36E1_PRIM u_soc_top.u_framebuffer_sram.memory.0.4.ADDRARDADDRL[5]
40146 RAMB36E1_PRIM u_soc_top.u_framebuffer_sram.memory.0.4.ADDRARDADDRU[5]
40147 RAMB36E1_PRIM u_soc_top.u_framebuffer_sram.memory.0.5.ADDRARDADDRL[5]
40148 RAMB36E1_PRIM u_soc_top.u_framebuffer_sram.memory.0.5.ADDRARDADDRU[5]
40149 RAMB36E1_PRIM u_soc_top.u_framebuffer_sram.memory.0.6.ADDRARDADDRL[5]
40150 RAMB36E1_PRIM u_soc_top.u_framebuffer_sram.memory.0.6.ADDRARDADDRU[5]
40151 RAMB36E1_PRIM u_soc_top.u_framebuffer_sram.memory.0.7.ADDRARDADDRL[5]
40152 RAMB36E1_PRIM u_soc_top.u_framebuffer_sram.memory.0.7.ADDRARDADDRU[5]
40153 RAMB36E1_PRIM u_soc_top.u_framebuffer_sram.memory.0.8.ADDRARDADDRL[5]
40154 RAMB36E1_PRIM u_soc_top.u_framebuffer_sram.memory.0.8.ADDRARDADDRU[5]
40155 RAMB36E1_PRIM u_soc_top.u_framebuffer_sram.memory.0.9.ADDRARDADDRL[5]
40156 RAMB36E1_PRIM u_soc_top.u_framebuffer_sram.memory.0.9.ADDRARDADDRU[5]
40157 RAMB36E1_PRIM u_soc_top.u_framebuffer_sram.memory.0.0.ADDRARDADDRL[6]
40158 RAMB36E1_PRIM u_soc_top.u_framebuffer_sram.memory.0.0.ADDRARDADDRU[6]
40159 RAMB36E1_PRIM u_soc_top.u_framebuffer_sram.memory.0.1.ADDRARDADDRL[6]
40160 RAMB36E1_PRIM u_soc_top.u_framebuffer_sram.memory.0.1.ADDRARDADDRU[6]
40161 RAMB36E1_PRIM u_soc_top.u_framebuffer_sram.memory.0.10.ADDRARDADDRL[6]
40162 RAMB36E1_PRIM u_soc_top.u_framebuffer_sram.memory.0.10.ADDRARDADDRU[6]
40163 RAMB36E1_PRIM u_soc_top.u_framebuffer_sram.memory.0.11.ADDRARDADDRL[6]
40164 RAMB36E1_PRIM u_soc_top.u_framebuffer_sram.memory.0.11.ADDRARDADDRU[6]
40165 RAMB36E1_PRIM u_soc_top.u_framebuffer_sram.memory.0.12.ADDRARDADDRL[6]
40166 RAMB36E1_PRIM u_soc_top.u_framebuffer_sram.memory.0.12.ADDRARDADDRU[6]
40167 RAMB36E1_PRIM u_soc_top.u_framebuffer_sram.memory.0.13.ADDRARDADDRL[6]
40168 RAMB36E1_PRIM u_soc_top.u_framebuffer_sram.memory.0.13.ADDRARDADDRU[6]
40169 RAMB36E1_PRIM u_soc_top.u_framebuffer_sram.memory.0.14.ADDRARDADDRL[6]
40170 RAMB36E1_PRIM u_soc_top.u_framebuffer_sram.memory.0.14.ADDRARDADDRU[6]
40171 RAMB36E1_PRIM u_soc_top.u_framebuffer_sram.memory.0.15.ADDRARDADDRL[6]
40172 RAMB36E1_PRIM u_soc_top.u_framebuffer_sram.memory.0.15.ADDRARDADDRU[6]
40173 RAMB36E1_PRIM u_soc_top.u_framebuffer_sram.memory.0.16.ADDRARDADDRL[6]
40174 RAMB36E1_PRIM u_soc_top.u_framebuffer_sram.memory.0.16.ADDRARDADDRU[6]
40175 RAMB36E1_PRIM u_soc_top.u_framebuffer_sram.memory.0.17.ADDRARDADDRL[6]
40176 RAMB36E1_PRIM u_soc_top.u_framebuffer_sram.memory.0.17.ADDRARDADDRU[6]
40177 RAMB36E1_PRIM u_soc_top.u_framebuffer_sram.memory.0.18.ADDRARDADDRL[6]
40178 RAMB36E1_PRIM u_soc_top.u_framebuffer_sram.memory.0.18.ADDRARDADDRU[6]
40179 RAMB36E1_PRIM u_soc_top.u_framebuffer_sram.memory.0.2.ADDRARDADDRL[6]
40180 RAMB36E1_PRIM u_soc_top.u_framebuffer_sram.memory.0.2.ADDRARDADDRU[6]
40181 RAMB36E1_PRIM u_soc_top.u_framebuffer_sram.memory.0.3.ADDRARDADDRL[6]
40182 RAMB36E1_PRIM u_soc_top.u_framebuffer_sram.memory.0.3.ADDRARDADDRU[6]
40183 RAMB36E1_PRIM u_soc_top.u_framebuffer_sram.memory.0.4.ADDRARDADDRL[6]
40184 RAMB36E1_PRIM u_soc_top.u_framebuffer_sram.memory.0.4.ADDRARDADDRU[6]
40185 RAMB36E1_PRIM u_soc_top.u_framebuffer_sram.memory.0.5.ADDRARDADDRL[6]
40186 RAMB36E1_PRIM u_soc_top.u_framebuffer_sram.memory.0.5.ADDRARDADDRU[6]
40187 RAMB36E1_PRIM u_soc_top.u_framebuffer_sram.memory.0.6.ADDRARDADDRL[6]
40188 RAMB36E1_PRIM u_soc_top.u_framebuffer_sram.memory.0.6.ADDRARDADDRU[6]
40189 RAMB36E1_PRIM u_soc_top.u_framebuffer_sram.memory.0.7.ADDRARDADDRL[6]
40190 RAMB36E1_PRIM u_soc_top.u_framebuffer_sram.memory.0.7.ADDRARDADDRU[6]
40191 RAMB36E1_PRIM u_soc_top.u_framebuffer_sram.memory.0.8.ADDRARDADDRL[6]
40192 RAMB36E1_PRIM u_soc_top.u_framebuffer_sram.memory.0.8.ADDRARDADDRU[6]
40193 RAMB36E1_PRIM u_soc_top.u_framebuffer_sram.memory.0.9.ADDRARDADDRL[6]
40194 RAMB36E1_PRIM u_soc_top.u_framebuffer_sram.memory.0.9.ADDRARDADDRU[6]
40195 RAMB36E1_PRIM u_soc_top.u_framebuffer_sram.memory.0.0.ADDRARDADDRL[7]
40196 RAMB36E1_PRIM u_soc_top.u_framebuffer_sram.memory.0.0.ADDRARDADDRU[7]
40197 RAMB36E1_PRIM u_soc_top.u_framebuffer_sram.memory.0.1.ADDRARDADDRL[7]
40198 RAMB36E1_PRIM u_soc_top.u_framebuffer_sram.memory.0.1.ADDRARDADDRU[7]
40199 RAMB36E1_PRIM u_soc_top.u_framebuffer_sram.memory.0.10.ADDRARDADDRL[7]
40200 RAMB36E1_PRIM u_soc_top.u_framebuffer_sram.memory.0.10.ADDRARDADDRU[7]
40201 RAMB36E1_PRIM u_soc_top.u_framebuffer_sram.memory.0.11.ADDRARDADDRL[7]
40202 RAMB36E1_PRIM u_soc_top.u_framebuffer_sram.memory.0.11.ADDRARDADDRU[7]
40203 RAMB36E1_PRIM u_soc_top.u_framebuffer_sram.memory.0.12.ADDRARDADDRL[7]
40204 RAMB36E1_PRIM u_soc_top.u_framebuffer_sram.memory.0.12.ADDRARDADDRU[7]
40205 RAMB36E1_PRIM u_soc_top.u_framebuffer_sram.memory.0.13.ADDRARDADDRL[7]
40206 RAMB36E1_PRIM u_soc_top.u_framebuffer_sram.memory.0.13.ADDRARDADDRU[7]
40207 RAMB36E1_PRIM u_soc_top.u_framebuffer_sram.memory.0.14.ADDRARDADDRL[7]
40208 RAMB36E1_PRIM u_soc_top.u_framebuffer_sram.memory.0.14.ADDRARDADDRU[7]
40209 RAMB36E1_PRIM u_soc_top.u_framebuffer_sram.memory.0.15.ADDRARDADDRL[7]
40210 RAMB36E1_PRIM u_soc_top.u_framebuffer_sram.memory.0.15.ADDRARDADDRU[7]
40211 RAMB36E1_PRIM u_soc_top.u_framebuffer_sram.memory.0.16.ADDRARDADDRL[7]
40212 RAMB36E1_PRIM u_soc_top.u_framebuffer_sram.memory.0.16.ADDRARDADDRU[7]
40213 RAMB36E1_PRIM u_soc_top.u_framebuffer_sram.memory.0.17.ADDRARDADDRL[7]
40214 RAMB36E1_PRIM u_soc_top.u_framebuffer_sram.memory.0.17.ADDRARDADDRU[7]
40215 RAMB36E1_PRIM u_soc_top.u_framebuffer_sram.memory.0.18.ADDRARDADDRL[7]
40216 RAMB36E1_PRIM u_soc_top.u_framebuffer_sram.memory.0.18.ADDRARDADDRU[7]
40217 RAMB36E1_PRIM u_soc_top.u_framebuffer_sram.memory.0.2.ADDRARDADDRL[7]
40218 RAMB36E1_PRIM u_soc_top.u_framebuffer_sram.memory.0.2.ADDRARDADDRU[7]
40219 RAMB36E1_PRIM u_soc_top.u_framebuffer_sram.memory.0.3.ADDRARDADDRL[7]
40220 RAMB36E1_PRIM u_soc_top.u_framebuffer_sram.memory.0.3.ADDRARDADDRU[7]
40221 RAMB36E1_PRIM u_soc_top.u_framebuffer_sram.memory.0.4.ADDRARDADDRL[7]
40222 RAMB36E1_PRIM u_soc_top.u_framebuffer_sram.memory.0.4.ADDRARDADDRU[7]
40223 RAMB36E1_PRIM u_soc_top.u_framebuffer_sram.memory.0.5.ADDRARDADDRL[7]
40224 RAMB36E1_PRIM u_soc_top.u_framebuffer_sram.memory.0.5.ADDRARDADDRU[7]
40225 RAMB36E1_PRIM u_soc_top.u_framebuffer_sram.memory.0.6.ADDRARDADDRL[7]
40226 RAMB36E1_PRIM u_soc_top.u_framebuffer_sram.memory.0.6.ADDRARDADDRU[7]
40227 RAMB36E1_PRIM u_soc_top.u_framebuffer_sram.memory.0.7.ADDRARDADDRL[7]
40228 RAMB36E1_PRIM u_soc_top.u_framebuffer_sram.memory.0.7.ADDRARDADDRU[7]
40229 RAMB36E1_PRIM u_soc_top.u_framebuffer_sram.memory.0.8.ADDRARDADDRL[7]
40230 RAMB36E1_PRIM u_soc_top.u_framebuffer_sram.memory.0.8.ADDRARDADDRU[7]
40231 RAMB36E1_PRIM u_soc_top.u_framebuffer_sram.memory.0.9.ADDRARDADDRL[7]
40232 RAMB36E1_PRIM u_soc_top.u_framebuffer_sram.memory.0.9.ADDRARDADDRU[7]
40233 RAMB36E1_PRIM u_soc_top.u_framebuffer_sram.memory.0.0.ADDRARDADDRL[8]
40234 RAMB36E1_PRIM u_soc_top.u_framebuffer_sram.memory.0.0.ADDRARDADDRU[8]
40235 RAMB36E1_PRIM u_soc_top.u_framebuffer_sram.memory.0.1.ADDRARDADDRL[8]
40236 RAMB36E1_PRIM u_soc_top.u_framebuffer_sram.memory.0.1.ADDRARDADDRU[8]
40237 RAMB36E1_PRIM u_soc_top.u_framebuffer_sram.memory.0.10.ADDRARDADDRL[8]
40238 RAMB36E1_PRIM u_soc_top.u_framebuffer_sram.memory.0.10.ADDRARDADDRU[8]
40239 RAMB36E1_PRIM u_soc_top.u_framebuffer_sram.memory.0.11.ADDRARDADDRL[8]
40240 RAMB36E1_PRIM u_soc_top.u_framebuffer_sram.memory.0.11.ADDRARDADDRU[8]
40241 RAMB36E1_PRIM u_soc_top.u_framebuffer_sram.memory.0.12.ADDRARDADDRL[8]
40242 RAMB36E1_PRIM u_soc_top.u_framebuffer_sram.memory.0.12.ADDRARDADDRU[8]
40243 RAMB36E1_PRIM u_soc_top.u_framebuffer_sram.memory.0.13.ADDRARDADDRL[8]
40244 RAMB36E1_PRIM u_soc_top.u_framebuffer_sram.memory.0.13.ADDRARDADDRU[8]
40245 RAMB36E1_PRIM u_soc_top.u_framebuffer_sram.memory.0.14.ADDRARDADDRL[8]
40246 RAMB36E1_PRIM u_soc_top.u_framebuffer_sram.memory.0.14.ADDRARDADDRU[8]
40247 RAMB36E1_PRIM u_soc_top.u_framebuffer_sram.memory.0.15.ADDRARDADDRL[8]
40248 RAMB36E1_PRIM u_soc_top.u_framebuffer_sram.memory.0.15.ADDRARDADDRU[8]
40249 RAMB36E1_PRIM u_soc_top.u_framebuffer_sram.memory.0.16.ADDRARDADDRL[8]
40250 RAMB36E1_PRIM u_soc_top.u_framebuffer_sram.memory.0.16.ADDRARDADDRU[8]
40251 RAMB36E1_PRIM u_soc_top.u_framebuffer_sram.memory.0.17.ADDRARDADDRL[8]
40252 RAMB36E1_PRIM u_soc_top.u_framebuffer_sram.memory.0.17.ADDRARDADDRU[8]
40253 RAMB36E1_PRIM u_soc_top.u_framebuffer_sram.memory.0.18.ADDRARDADDRL[8]
40254 RAMB36E1_PRIM u_soc_top.u_framebuffer_sram.memory.0.18.ADDRARDADDRU[8]
40255 RAMB36E1_PRIM u_soc_top.u_framebuffer_sram.memory.0.2.ADDRARDADDRL[8]
40256 RAMB36E1_PRIM u_soc_top.u_framebuffer_sram.memory.0.2.ADDRARDADDRU[8]
40257 RAMB36E1_PRIM u_soc_top.u_framebuffer_sram.memory.0.3.ADDRARDADDRL[8]
40258 RAMB36E1_PRIM u_soc_top.u_framebuffer_sram.memory.0.3.ADDRARDADDRU[8]
40259 RAMB36E1_PRIM u_soc_top.u_framebuffer_sram.memory.0.4.ADDRARDADDRL[8]
40260 RAMB36E1_PRIM u_soc_top.u_framebuffer_sram.memory.0.4.ADDRARDADDRU[8]
40261 RAMB36E1_PRIM u_soc_top.u_framebuffer_sram.memory.0.5.ADDRARDADDRL[8]
40262 RAMB36E1_PRIM u_soc_top.u_framebuffer_sram.memory.0.5.ADDRARDADDRU[8]
40263 RAMB36E1_PRIM u_soc_top.u_framebuffer_sram.memory.0.6.ADDRARDADDRL[8]
40264 RAMB36E1_PRIM u_soc_top.u_framebuffer_sram.memory.0.6.ADDRARDADDRU[8]
40265 RAMB36E1_PRIM u_soc_top.u_framebuffer_sram.memory.0.7.ADDRARDADDRL[8]
40266 RAMB36E1_PRIM u_soc_top.u_framebuffer_sram.memory.0.7.ADDRARDADDRU[8]
40267 RAMB36E1_PRIM u_soc_top.u_framebuffer_sram.memory.0.8.ADDRARDADDRL[8]
40268 RAMB36E1_PRIM u_soc_top.u_framebuffer_sram.memory.0.8.ADDRARDADDRU[8]
40269 RAMB36E1_PRIM u_soc_top.u_framebuffer_sram.memory.0.9.ADDRARDADDRL[8]
40270 RAMB36E1_PRIM u_soc_top.u_framebuffer_sram.memory.0.9.ADDRARDADDRU[8]
40271 RAMB36E1_PRIM u_soc_top.u_framebuffer_sram.memory.0.0.ADDRARDADDRL[9]
40272 RAMB36E1_PRIM u_soc_top.u_framebuffer_sram.memory.0.0.ADDRARDADDRU[9]
40273 RAMB36E1_PRIM u_soc_top.u_framebuffer_sram.memory.0.1.ADDRARDADDRL[9]
40274 RAMB36E1_PRIM u_soc_top.u_framebuffer_sram.memory.0.1.ADDRARDADDRU[9]
40275 RAMB36E1_PRIM u_soc_top.u_framebuffer_sram.memory.0.10.ADDRARDADDRL[9]
40276 RAMB36E1_PRIM u_soc_top.u_framebuffer_sram.memory.0.10.ADDRARDADDRU[9]
40277 RAMB36E1_PRIM u_soc_top.u_framebuffer_sram.memory.0.11.ADDRARDADDRL[9]
40278 RAMB36E1_PRIM u_soc_top.u_framebuffer_sram.memory.0.11.ADDRARDADDRU[9]
40279 RAMB36E1_PRIM u_soc_top.u_framebuffer_sram.memory.0.12.ADDRARDADDRL[9]
40280 RAMB36E1_PRIM u_soc_top.u_framebuffer_sram.memory.0.12.ADDRARDADDRU[9]
40281 RAMB36E1_PRIM u_soc_top.u_framebuffer_sram.memory.0.13.ADDRARDADDRL[9]
40282 RAMB36E1_PRIM u_soc_top.u_framebuffer_sram.memory.0.13.ADDRARDADDRU[9]
40283 RAMB36E1_PRIM u_soc_top.u_framebuffer_sram.memory.0.14.ADDRARDADDRL[9]
40284 RAMB36E1_PRIM u_soc_top.u_framebuffer_sram.memory.0.14.ADDRARDADDRU[9]
40285 RAMB36E1_PRIM u_soc_top.u_framebuffer_sram.memory.0.15.ADDRARDADDRL[9]
40286 RAMB36E1_PRIM u_soc_top.u_framebuffer_sram.memory.0.15.ADDRARDADDRU[9]
40287 RAMB36E1_PRIM u_soc_top.u_framebuffer_sram.memory.0.16.ADDRARDADDRL[9]
40288 RAMB36E1_PRIM u_soc_top.u_framebuffer_sram.memory.0.16.ADDRARDADDRU[9]
40289 RAMB36E1_PRIM u_soc_top.u_framebuffer_sram.memory.0.17.ADDRARDADDRL[9]
40290 RAMB36E1_PRIM u_soc_top.u_framebuffer_sram.memory.0.17.ADDRARDADDRU[9]
40291 RAMB36E1_PRIM u_soc_top.u_framebuffer_sram.memory.0.18.ADDRARDADDRL[9]
40292 RAMB36E1_PRIM u_soc_top.u_framebuffer_sram.memory.0.18.ADDRARDADDRU[9]
40293 RAMB36E1_PRIM u_soc_top.u_framebuffer_sram.memory.0.2.ADDRARDADDRL[9]
40294 RAMB36E1_PRIM u_soc_top.u_framebuffer_sram.memory.0.2.ADDRARDADDRU[9]
40295 RAMB36E1_PRIM u_soc_top.u_framebuffer_sram.memory.0.3.ADDRARDADDRL[9]
40296 RAMB36E1_PRIM u_soc_top.u_framebuffer_sram.memory.0.3.ADDRARDADDRU[9]
40297 RAMB36E1_PRIM u_soc_top.u_framebuffer_sram.memory.0.4.ADDRARDADDRL[9]
40298 RAMB36E1_PRIM u_soc_top.u_framebuffer_sram.memory.0.4.ADDRARDADDRU[9]
40299 RAMB36E1_PRIM u_soc_top.u_framebuffer_sram.memory.0.5.ADDRARDADDRL[9]
40300 RAMB36E1_PRIM u_soc_top.u_framebuffer_sram.memory.0.5.ADDRARDADDRU[9]
40301 RAMB36E1_PRIM u_soc_top.u_framebuffer_sram.memory.0.6.ADDRARDADDRL[9]
40302 RAMB36E1_PRIM u_soc_top.u_framebuffer_sram.memory.0.6.ADDRARDADDRU[9]
40303 RAMB36E1_PRIM u_soc_top.u_framebuffer_sram.memory.0.7.ADDRARDADDRL[9]
40304 RAMB36E1_PRIM u_soc_top.u_framebuffer_sram.memory.0.7.ADDRARDADDRU[9]
40305 RAMB36E1_PRIM u_soc_top.u_framebuffer_sram.memory.0.8.ADDRARDADDRL[9]
40306 RAMB36E1_PRIM u_soc_top.u_framebuffer_sram.memory.0.8.ADDRARDADDRU[9]
40307 RAMB36E1_PRIM u_soc_top.u_framebuffer_sram.memory.0.9.ADDRARDADDRL[9]
40308 RAMB36E1_PRIM u_soc_top.u_framebuffer_sram.memory.0.9.ADDRARDADDRU[9]
40309 RAMB36E1_PRIM u_soc_top.u_framebuffer_sram.memory.0.0.ADDRARDADDRL[10]
40310 RAMB36E1_PRIM u_soc_top.u_framebuffer_sram.memory.0.0.ADDRARDADDRU[10]
40311 RAMB36E1_PRIM u_soc_top.u_framebuffer_sram.memory.0.1.ADDRARDADDRL[10]
40312 RAMB36E1_PRIM u_soc_top.u_framebuffer_sram.memory.0.1.ADDRARDADDRU[10]
40313 RAMB36E1_PRIM u_soc_top.u_framebuffer_sram.memory.0.10.ADDRARDADDRL[10]
40314 RAMB36E1_PRIM u_soc_top.u_framebuffer_sram.memory.0.10.ADDRARDADDRU[10]
40315 RAMB36E1_PRIM u_soc_top.u_framebuffer_sram.memory.0.11.ADDRARDADDRL[10]
40316 RAMB36E1_PRIM u_soc_top.u_framebuffer_sram.memory.0.11.ADDRARDADDRU[10]
40317 RAMB36E1_PRIM u_soc_top.u_framebuffer_sram.memory.0.12.ADDRARDADDRL[10]
40318 RAMB36E1_PRIM u_soc_top.u_framebuffer_sram.memory.0.12.ADDRARDADDRU[10]
40319 RAMB36E1_PRIM u_soc_top.u_framebuffer_sram.memory.0.13.ADDRARDADDRL[10]
40320 RAMB36E1_PRIM u_soc_top.u_framebuffer_sram.memory.0.13.ADDRARDADDRU[10]
40321 RAMB36E1_PRIM u_soc_top.u_framebuffer_sram.memory.0.14.ADDRARDADDRL[10]
40322 RAMB36E1_PRIM u_soc_top.u_framebuffer_sram.memory.0.14.ADDRARDADDRU[10]
40323 RAMB36E1_PRIM u_soc_top.u_framebuffer_sram.memory.0.15.ADDRARDADDRL[10]
40324 RAMB36E1_PRIM u_soc_top.u_framebuffer_sram.memory.0.15.ADDRARDADDRU[10]
40325 RAMB36E1_PRIM u_soc_top.u_framebuffer_sram.memory.0.16.ADDRARDADDRL[10]
40326 RAMB36E1_PRIM u_soc_top.u_framebuffer_sram.memory.0.16.ADDRARDADDRU[10]
40327 RAMB36E1_PRIM u_soc_top.u_framebuffer_sram.memory.0.17.ADDRARDADDRL[10]
40328 RAMB36E1_PRIM u_soc_top.u_framebuffer_sram.memory.0.17.ADDRARDADDRU[10]
40329 RAMB36E1_PRIM u_soc_top.u_framebuffer_sram.memory.0.18.ADDRARDADDRL[10]
40330 RAMB36E1_PRIM u_soc_top.u_framebuffer_sram.memory.0.18.ADDRARDADDRU[10]
40331 RAMB36E1_PRIM u_soc_top.u_framebuffer_sram.memory.0.2.ADDRARDADDRL[10]
40332 RAMB36E1_PRIM u_soc_top.u_framebuffer_sram.memory.0.2.ADDRARDADDRU[10]
40333 RAMB36E1_PRIM u_soc_top.u_framebuffer_sram.memory.0.3.ADDRARDADDRL[10]
40334 RAMB36E1_PRIM u_soc_top.u_framebuffer_sram.memory.0.3.ADDRARDADDRU[10]
40335 RAMB36E1_PRIM u_soc_top.u_framebuffer_sram.memory.0.4.ADDRARDADDRL[10]
40336 RAMB36E1_PRIM u_soc_top.u_framebuffer_sram.memory.0.4.ADDRARDADDRU[10]
40337 RAMB36E1_PRIM u_soc_top.u_framebuffer_sram.memory.0.5.ADDRARDADDRL[10]
40338 RAMB36E1_PRIM u_soc_top.u_framebuffer_sram.memory.0.5.ADDRARDADDRU[10]
40339 RAMB36E1_PRIM u_soc_top.u_framebuffer_sram.memory.0.6.ADDRARDADDRL[10]
40340 RAMB36E1_PRIM u_soc_top.u_framebuffer_sram.memory.0.6.ADDRARDADDRU[10]
40341 RAMB36E1_PRIM u_soc_top.u_framebuffer_sram.memory.0.7.ADDRARDADDRL[10]
40342 RAMB36E1_PRIM u_soc_top.u_framebuffer_sram.memory.0.7.ADDRARDADDRU[10]
40343 RAMB36E1_PRIM u_soc_top.u_framebuffer_sram.memory.0.8.ADDRARDADDRL[10]
40344 RAMB36E1_PRIM u_soc_top.u_framebuffer_sram.memory.0.8.ADDRARDADDRU[10]
40345 RAMB36E1_PRIM u_soc_top.u_framebuffer_sram.memory.0.9.ADDRARDADDRL[10]
40346 RAMB36E1_PRIM u_soc_top.u_framebuffer_sram.memory.0.9.ADDRARDADDRU[10]
40347 FDCE_ZINI $auto$ff.cc:266:slice$13843.D[0]
40348 FDCE_ZINI $auto$ff.cc:266:slice$16821.D[0]
40349 FDPE_ZINI $auto$ff.cc:266:slice$13791.D[0]
40350 FDPE_ZINI $auto$ff.cc:266:slice$16817.D[0]
40351 FDRE_ZINI $auto$ff.cc:266:slice$12303.D[0]
40352 FDRE_ZINI $auto$ff.cc:266:slice$12302.D[0]
40353 FDRE_ZINI $auto$ff.cc:266:slice$12301.D[0]
40354 FDRE_ZINI $auto$ff.cc:266:slice$12300.D[0]
40355 FDRE_ZINI $auto$ff.cc:266:slice$13392.CE[0]
40356 FDRE_ZINI $auto$ff.cc:266:slice$13393.CE[0]
40357 FDRE_ZINI $auto$ff.cc:266:slice$13394.CE[0]
40358 FDRE_ZINI $auto$ff.cc:266:slice$13395.CE[0]
40359 FDRE_ZINI $auto$ff.cc:266:slice$13396.CE[0]
40360 RAMB36E1_PRIM u_soc_top.u_framebuffer_sram.memory.0.0.ENARDENL[0]
40361 RAMB36E1_PRIM u_soc_top.u_framebuffer_sram.memory.0.0.ENARDENU[0]
40362 RAMB36E1_PRIM u_soc_top.u_framebuffer_sram.memory.0.1.ENARDENL[0]
40363 RAMB36E1_PRIM u_soc_top.u_framebuffer_sram.memory.0.1.ENARDENU[0]
40364 RAMB36E1_PRIM u_soc_top.u_framebuffer_sram.memory.0.10.ENARDENL[0]
40365 RAMB36E1_PRIM u_soc_top.u_framebuffer_sram.memory.0.10.ENARDENU[0]
40366 RAMB36E1_PRIM u_soc_top.u_framebuffer_sram.memory.0.11.ENARDENL[0]
40367 RAMB36E1_PRIM u_soc_top.u_framebuffer_sram.memory.0.11.ENARDENU[0]
40368 RAMB36E1_PRIM u_soc_top.u_framebuffer_sram.memory.0.12.ENARDENL[0]
40369 RAMB36E1_PRIM u_soc_top.u_framebuffer_sram.memory.0.12.ENARDENU[0]
40370 RAMB36E1_PRIM u_soc_top.u_framebuffer_sram.memory.0.13.ENARDENL[0]
40371 RAMB36E1_PRIM u_soc_top.u_framebuffer_sram.memory.0.13.ENARDENU[0]
40372 RAMB36E1_PRIM u_soc_top.u_framebuffer_sram.memory.0.14.ENARDENL[0]
40373 RAMB36E1_PRIM u_soc_top.u_framebuffer_sram.memory.0.14.ENARDENU[0]
40374 RAMB36E1_PRIM u_soc_top.u_framebuffer_sram.memory.0.15.ENARDENL[0]
40375 RAMB36E1_PRIM u_soc_top.u_framebuffer_sram.memory.0.15.ENARDENU[0]
40376 RAMB36E1_PRIM u_soc_top.u_framebuffer_sram.memory.0.16.ENARDENL[0]
40377 RAMB36E1_PRIM u_soc_top.u_framebuffer_sram.memory.0.16.ENARDENU[0]
40378 RAMB36E1_PRIM u_soc_top.u_framebuffer_sram.memory.0.17.ENARDENL[0]
40379 RAMB36E1_PRIM u_soc_top.u_framebuffer_sram.memory.0.17.ENARDENU[0]
40380 RAMB36E1_PRIM u_soc_top.u_framebuffer_sram.memory.0.18.ENARDENL[0]
40381 RAMB36E1_PRIM u_soc_top.u_framebuffer_sram.memory.0.18.ENARDENU[0]
40382 RAMB36E1_PRIM u_soc_top.u_framebuffer_sram.memory.0.2.ENARDENL[0]
40383 RAMB36E1_PRIM u_soc_top.u_framebuffer_sram.memory.0.2.ENARDENU[0]
40384 RAMB36E1_PRIM u_soc_top.u_framebuffer_sram.memory.0.3.ENARDENL[0]
40385 RAMB36E1_PRIM u_soc_top.u_framebuffer_sram.memory.0.3.ENARDENU[0]
40386 RAMB36E1_PRIM u_soc_top.u_framebuffer_sram.memory.0.4.ENARDENL[0]
40387 RAMB36E1_PRIM u_soc_top.u_framebuffer_sram.memory.0.4.ENARDENU[0]
40388 RAMB36E1_PRIM u_soc_top.u_framebuffer_sram.memory.0.5.ENARDENL[0]
40389 RAMB36E1_PRIM u_soc_top.u_framebuffer_sram.memory.0.5.ENARDENU[0]
40390 RAMB36E1_PRIM u_soc_top.u_framebuffer_sram.memory.0.6.ENARDENL[0]
40391 RAMB36E1_PRIM u_soc_top.u_framebuffer_sram.memory.0.6.ENARDENU[0]
40392 RAMB36E1_PRIM u_soc_top.u_framebuffer_sram.memory.0.7.ENARDENL[0]
40393 RAMB36E1_PRIM u_soc_top.u_framebuffer_sram.memory.0.7.ENARDENU[0]
40394 RAMB36E1_PRIM u_soc_top.u_framebuffer_sram.memory.0.8.ENARDENL[0]
40395 RAMB36E1_PRIM u_soc_top.u_framebuffer_sram.memory.0.8.ENARDENU[0]
40396 RAMB36E1_PRIM u_soc_top.u_framebuffer_sram.memory.0.9.ENARDENL[0]
40397 RAMB36E1_PRIM u_soc_top.u_framebuffer_sram.memory.0.9.ENARDENU[0]
40398 FDCE_ZINI $auto$ff.cc:266:slice$17149.D[0]
40399 FDCE_ZINI $auto$ff.cc:266:slice$17150.D[0]
40400 FDCE_ZINI $auto$ff.cc:266:slice$17455.CE[0]
40401 FDCE_ZINI $auto$ff.cc:266:slice$17423.CE[0]
40402 FDCE_ZINI $auto$ff.cc:266:slice$17424.CE[0]
40403 FDCE_ZINI $auto$ff.cc:266:slice$17425.CE[0]
40404 FDCE_ZINI $auto$ff.cc:266:slice$17426.CE[0]
40405 FDCE_ZINI $auto$ff.cc:266:slice$17427.CE[0]
40406 FDCE_ZINI $auto$ff.cc:266:slice$17428.CE[0]
40407 FDCE_ZINI $auto$ff.cc:266:slice$17429.CE[0]
40408 FDCE_ZINI $auto$ff.cc:266:slice$17430.CE[0]
40409 FDCE_ZINI $auto$ff.cc:266:slice$17431.CE[0]
40410 FDCE_ZINI $auto$ff.cc:266:slice$17432.CE[0]
40411 FDCE_ZINI $auto$ff.cc:266:slice$17433.CE[0]
40412 FDCE_ZINI $auto$ff.cc:266:slice$17434.CE[0]
40413 FDCE_ZINI $auto$ff.cc:266:slice$17435.CE[0]
40414 FDCE_ZINI $auto$ff.cc:266:slice$17436.CE[0]
40415 FDCE_ZINI $auto$ff.cc:266:slice$17437.CE[0]
40416 FDCE_ZINI $auto$ff.cc:266:slice$17438.CE[0]
40417 FDCE_ZINI $auto$ff.cc:266:slice$17439.CE[0]
40418 FDCE_ZINI $auto$ff.cc:266:slice$17440.CE[0]
40419 FDCE_ZINI $auto$ff.cc:266:slice$17441.CE[0]
40420 FDCE_ZINI $auto$ff.cc:266:slice$17442.CE[0]
40421 FDCE_ZINI $auto$ff.cc:266:slice$17443.CE[0]
40422 FDCE_ZINI $auto$ff.cc:266:slice$17444.CE[0]
40423 FDCE_ZINI $auto$ff.cc:266:slice$17445.CE[0]
40424 FDCE_ZINI $auto$ff.cc:266:slice$17446.CE[0]
40425 FDCE_ZINI $auto$ff.cc:266:slice$17447.CE[0]
40426 FDCE_ZINI $auto$ff.cc:266:slice$17448.CE[0]
40427 FDCE_ZINI $auto$ff.cc:266:slice$17449.CE[0]
40428 FDCE_ZINI $auto$ff.cc:266:slice$17450.CE[0]
40429 FDCE_ZINI $auto$ff.cc:266:slice$17451.CE[0]
40430 FDCE_ZINI $auto$ff.cc:266:slice$17452.CE[0]
40431 FDCE_ZINI $auto$ff.cc:266:slice$17453.CE[0]
40432 FDCE_ZINI $auto$ff.cc:266:slice$17454.CE[0]
40433 FDCE_ZINI $auto$ff.cc:266:slice$17456.CE[0]
40434 FDCE_ZINI $auto$ff.cc:266:slice$13939.D[0]
40435 FDCE_ZINI $auto$ff.cc:266:slice$13938.D[0]
40436 FDCE_ZINI $auto$ff.cc:266:slice$13937.D[0]
40437 FDCE_ZINI $auto$ff.cc:266:slice$13936.D[0]
40438 RAMB36E1_PRIM u_soc_top.u_framebuffer_sram.memory.0.0.ADDRARDADDRL[14]
40439 RAMB36E1_PRIM u_soc_top.u_framebuffer_sram.memory.0.0.ADDRARDADDRU[14]
40440 RAMB36E1_PRIM u_soc_top.u_framebuffer_sram.memory.0.1.ADDRARDADDRL[14]
40441 RAMB36E1_PRIM u_soc_top.u_framebuffer_sram.memory.0.1.ADDRARDADDRU[14]
40442 RAMB36E1_PRIM u_soc_top.u_framebuffer_sram.memory.0.10.ADDRARDADDRL[14]
40443 RAMB36E1_PRIM u_soc_top.u_framebuffer_sram.memory.0.10.ADDRARDADDRU[14]
40444 RAMB36E1_PRIM u_soc_top.u_framebuffer_sram.memory.0.11.ADDRARDADDRL[14]
40445 RAMB36E1_PRIM u_soc_top.u_framebuffer_sram.memory.0.11.ADDRARDADDRU[14]
40446 RAMB36E1_PRIM u_soc_top.u_framebuffer_sram.memory.0.12.ADDRARDADDRL[14]
40447 RAMB36E1_PRIM u_soc_top.u_framebuffer_sram.memory.0.12.ADDRARDADDRU[14]
40448 RAMB36E1_PRIM u_soc_top.u_framebuffer_sram.memory.0.13.ADDRARDADDRL[14]
40449 RAMB36E1_PRIM u_soc_top.u_framebuffer_sram.memory.0.13.ADDRARDADDRU[14]
40450 RAMB36E1_PRIM u_soc_top.u_framebuffer_sram.memory.0.14.ADDRARDADDRL[14]
40451 RAMB36E1_PRIM u_soc_top.u_framebuffer_sram.memory.0.14.ADDRARDADDRU[14]
40452 RAMB36E1_PRIM u_soc_top.u_framebuffer_sram.memory.0.15.ADDRARDADDRL[14]
40453 RAMB36E1_PRIM u_soc_top.u_framebuffer_sram.memory.0.15.ADDRARDADDRU[14]
40454 RAMB36E1_PRIM u_soc_top.u_framebuffer_sram.memory.0.16.ADDRARDADDRL[14]
40455 RAMB36E1_PRIM u_soc_top.u_framebuffer_sram.memory.0.16.ADDRARDADDRU[14]
40456 RAMB36E1_PRIM u_soc_top.u_framebuffer_sram.memory.0.17.ADDRARDADDRL[14]
40457 RAMB36E1_PRIM u_soc_top.u_framebuffer_sram.memory.0.17.ADDRARDADDRU[14]
40458 RAMB36E1_PRIM u_soc_top.u_framebuffer_sram.memory.0.18.ADDRARDADDRL[14]
40459 RAMB36E1_PRIM u_soc_top.u_framebuffer_sram.memory.0.18.ADDRARDADDRU[14]
40460 RAMB36E1_PRIM u_soc_top.u_framebuffer_sram.memory.0.2.ADDRARDADDRL[14]
40461 RAMB36E1_PRIM u_soc_top.u_framebuffer_sram.memory.0.2.ADDRARDADDRU[14]
40462 RAMB36E1_PRIM u_soc_top.u_framebuffer_sram.memory.0.3.ADDRARDADDRL[14]
40463 RAMB36E1_PRIM u_soc_top.u_framebuffer_sram.memory.0.3.ADDRARDADDRU[14]
40464 RAMB36E1_PRIM u_soc_top.u_framebuffer_sram.memory.0.4.ADDRARDADDRL[14]
40465 RAMB36E1_PRIM u_soc_top.u_framebuffer_sram.memory.0.4.ADDRARDADDRU[14]
40466 RAMB36E1_PRIM u_soc_top.u_framebuffer_sram.memory.0.5.ADDRARDADDRL[14]
40467 RAMB36E1_PRIM u_soc_top.u_framebuffer_sram.memory.0.5.ADDRARDADDRU[14]
40468 RAMB36E1_PRIM u_soc_top.u_framebuffer_sram.memory.0.6.ADDRARDADDRL[14]
40469 RAMB36E1_PRIM u_soc_top.u_framebuffer_sram.memory.0.6.ADDRARDADDRU[14]
40470 RAMB36E1_PRIM u_soc_top.u_framebuffer_sram.memory.0.7.ADDRARDADDRL[14]
40471 RAMB36E1_PRIM u_soc_top.u_framebuffer_sram.memory.0.7.ADDRARDADDRU[14]
40472 RAMB36E1_PRIM u_soc_top.u_framebuffer_sram.memory.0.8.ADDRARDADDRL[14]
40473 RAMB36E1_PRIM u_soc_top.u_framebuffer_sram.memory.0.8.ADDRARDADDRU[14]
40474 RAMB36E1_PRIM u_soc_top.u_framebuffer_sram.memory.0.9.ADDRARDADDRL[14]
40475 RAMB36E1_PRIM u_soc_top.u_framebuffer_sram.memory.0.9.ADDRARDADDRU[14]
40476 RAMB36E1_PRIM u_soc_top.u_framebuffer_sram.memory.0.0.ADDRARDADDRL[13]
40477 RAMB36E1_PRIM u_soc_top.u_framebuffer_sram.memory.0.0.ADDRARDADDRU[13]
40478 RAMB36E1_PRIM u_soc_top.u_framebuffer_sram.memory.0.1.ADDRARDADDRL[13]
40479 RAMB36E1_PRIM u_soc_top.u_framebuffer_sram.memory.0.1.ADDRARDADDRU[13]
40480 RAMB36E1_PRIM u_soc_top.u_framebuffer_sram.memory.0.10.ADDRARDADDRL[13]
40481 RAMB36E1_PRIM u_soc_top.u_framebuffer_sram.memory.0.10.ADDRARDADDRU[13]
40482 RAMB36E1_PRIM u_soc_top.u_framebuffer_sram.memory.0.11.ADDRARDADDRL[13]
40483 RAMB36E1_PRIM u_soc_top.u_framebuffer_sram.memory.0.11.ADDRARDADDRU[13]
40484 RAMB36E1_PRIM u_soc_top.u_framebuffer_sram.memory.0.12.ADDRARDADDRL[13]
40485 RAMB36E1_PRIM u_soc_top.u_framebuffer_sram.memory.0.12.ADDRARDADDRU[13]
40486 RAMB36E1_PRIM u_soc_top.u_framebuffer_sram.memory.0.13.ADDRARDADDRL[13]
40487 RAMB36E1_PRIM u_soc_top.u_framebuffer_sram.memory.0.13.ADDRARDADDRU[13]
40488 RAMB36E1_PRIM u_soc_top.u_framebuffer_sram.memory.0.14.ADDRARDADDRL[13]
40489 RAMB36E1_PRIM u_soc_top.u_framebuffer_sram.memory.0.14.ADDRARDADDRU[13]
40490 RAMB36E1_PRIM u_soc_top.u_framebuffer_sram.memory.0.15.ADDRARDADDRL[13]
40491 RAMB36E1_PRIM u_soc_top.u_framebuffer_sram.memory.0.15.ADDRARDADDRU[13]
40492 RAMB36E1_PRIM u_soc_top.u_framebuffer_sram.memory.0.16.ADDRARDADDRL[13]
40493 RAMB36E1_PRIM u_soc_top.u_framebuffer_sram.memory.0.16.ADDRARDADDRU[13]
40494 RAMB36E1_PRIM u_soc_top.u_framebuffer_sram.memory.0.17.ADDRARDADDRL[13]
40495 RAMB36E1_PRIM u_soc_top.u_framebuffer_sram.memory.0.17.ADDRARDADDRU[13]
40496 RAMB36E1_PRIM u_soc_top.u_framebuffer_sram.memory.0.18.ADDRARDADDRL[13]
40497 RAMB36E1_PRIM u_soc_top.u_framebuffer_sram.memory.0.18.ADDRARDADDRU[13]
40498 RAMB36E1_PRIM u_soc_top.u_framebuffer_sram.memory.0.2.ADDRARDADDRL[13]
40499 RAMB36E1_PRIM u_soc_top.u_framebuffer_sram.memory.0.2.ADDRARDADDRU[13]
40500 RAMB36E1_PRIM u_soc_top.u_framebuffer_sram.memory.0.3.ADDRARDADDRL[13]
40501 RAMB36E1_PRIM u_soc_top.u_framebuffer_sram.memory.0.3.ADDRARDADDRU[13]
40502 RAMB36E1_PRIM u_soc_top.u_framebuffer_sram.memory.0.4.ADDRARDADDRL[13]
40503 RAMB36E1_PRIM u_soc_top.u_framebuffer_sram.memory.0.4.ADDRARDADDRU[13]
40504 RAMB36E1_PRIM u_soc_top.u_framebuffer_sram.memory.0.5.ADDRARDADDRL[13]
40505 RAMB36E1_PRIM u_soc_top.u_framebuffer_sram.memory.0.5.ADDRARDADDRU[13]
40506 RAMB36E1_PRIM u_soc_top.u_framebuffer_sram.memory.0.6.ADDRARDADDRL[13]
40507 RAMB36E1_PRIM u_soc_top.u_framebuffer_sram.memory.0.6.ADDRARDADDRU[13]
40508 RAMB36E1_PRIM u_soc_top.u_framebuffer_sram.memory.0.7.ADDRARDADDRL[13]
40509 RAMB36E1_PRIM u_soc_top.u_framebuffer_sram.memory.0.7.ADDRARDADDRU[13]
40510 RAMB36E1_PRIM u_soc_top.u_framebuffer_sram.memory.0.8.ADDRARDADDRL[13]
40511 RAMB36E1_PRIM u_soc_top.u_framebuffer_sram.memory.0.8.ADDRARDADDRU[13]
40512 RAMB36E1_PRIM u_soc_top.u_framebuffer_sram.memory.0.9.ADDRARDADDRL[13]
40513 RAMB36E1_PRIM u_soc_top.u_framebuffer_sram.memory.0.9.ADDRARDADDRU[13]
40514 RAMB36E1_PRIM u_soc_top.u_framebuffer_sram.memory.0.0.ADDRARDADDRL[12]
40515 RAMB36E1_PRIM u_soc_top.u_framebuffer_sram.memory.0.0.ADDRARDADDRU[12]
40516 RAMB36E1_PRIM u_soc_top.u_framebuffer_sram.memory.0.1.ADDRARDADDRL[12]
40517 RAMB36E1_PRIM u_soc_top.u_framebuffer_sram.memory.0.1.ADDRARDADDRU[12]
40518 RAMB36E1_PRIM u_soc_top.u_framebuffer_sram.memory.0.10.ADDRARDADDRL[12]
40519 RAMB36E1_PRIM u_soc_top.u_framebuffer_sram.memory.0.10.ADDRARDADDRU[12]
40520 RAMB36E1_PRIM u_soc_top.u_framebuffer_sram.memory.0.11.ADDRARDADDRL[12]
40521 RAMB36E1_PRIM u_soc_top.u_framebuffer_sram.memory.0.11.ADDRARDADDRU[12]
40522 RAMB36E1_PRIM u_soc_top.u_framebuffer_sram.memory.0.12.ADDRARDADDRL[12]
40523 RAMB36E1_PRIM u_soc_top.u_framebuffer_sram.memory.0.12.ADDRARDADDRU[12]
40524 RAMB36E1_PRIM u_soc_top.u_framebuffer_sram.memory.0.13.ADDRARDADDRL[12]
40525 RAMB36E1_PRIM u_soc_top.u_framebuffer_sram.memory.0.13.ADDRARDADDRU[12]
40526 RAMB36E1_PRIM u_soc_top.u_framebuffer_sram.memory.0.14.ADDRARDADDRL[12]
40527 RAMB36E1_PRIM u_soc_top.u_framebuffer_sram.memory.0.14.ADDRARDADDRU[12]
40528 RAMB36E1_PRIM u_soc_top.u_framebuffer_sram.memory.0.15.ADDRARDADDRL[12]
40529 RAMB36E1_PRIM u_soc_top.u_framebuffer_sram.memory.0.15.ADDRARDADDRU[12]
40530 RAMB36E1_PRIM u_soc_top.u_framebuffer_sram.memory.0.16.ADDRARDADDRL[12]
40531 RAMB36E1_PRIM u_soc_top.u_framebuffer_sram.memory.0.16.ADDRARDADDRU[12]
40532 RAMB36E1_PRIM u_soc_top.u_framebuffer_sram.memory.0.17.ADDRARDADDRL[12]
40533 RAMB36E1_PRIM u_soc_top.u_framebuffer_sram.memory.0.17.ADDRARDADDRU[12]
40534 RAMB36E1_PRIM u_soc_top.u_framebuffer_sram.memory.0.18.ADDRARDADDRL[12]
40535 RAMB36E1_PRIM u_soc_top.u_framebuffer_sram.memory.0.18.ADDRARDADDRU[12]
40536 RAMB36E1_PRIM u_soc_top.u_framebuffer_sram.memory.0.2.ADDRARDADDRL[12]
40537 RAMB36E1_PRIM u_soc_top.u_framebuffer_sram.memory.0.2.ADDRARDADDRU[12]
40538 RAMB36E1_PRIM u_soc_top.u_framebuffer_sram.memory.0.3.ADDRARDADDRL[12]
40539 RAMB36E1_PRIM u_soc_top.u_framebuffer_sram.memory.0.3.ADDRARDADDRU[12]
40540 RAMB36E1_PRIM u_soc_top.u_framebuffer_sram.memory.0.4.ADDRARDADDRL[12]
40541 RAMB36E1_PRIM u_soc_top.u_framebuffer_sram.memory.0.4.ADDRARDADDRU[12]
40542 RAMB36E1_PRIM u_soc_top.u_framebuffer_sram.memory.0.5.ADDRARDADDRL[12]
40543 RAMB36E1_PRIM u_soc_top.u_framebuffer_sram.memory.0.5.ADDRARDADDRU[12]
40544 RAMB36E1_PRIM u_soc_top.u_framebuffer_sram.memory.0.6.ADDRARDADDRL[12]
40545 RAMB36E1_PRIM u_soc_top.u_framebuffer_sram.memory.0.6.ADDRARDADDRU[12]
40546 RAMB36E1_PRIM u_soc_top.u_framebuffer_sram.memory.0.7.ADDRARDADDRL[12]
40547 RAMB36E1_PRIM u_soc_top.u_framebuffer_sram.memory.0.7.ADDRARDADDRU[12]
40548 RAMB36E1_PRIM u_soc_top.u_framebuffer_sram.memory.0.8.ADDRARDADDRL[12]
40549 RAMB36E1_PRIM u_soc_top.u_framebuffer_sram.memory.0.8.ADDRARDADDRU[12]
40550 RAMB36E1_PRIM u_soc_top.u_framebuffer_sram.memory.0.9.ADDRARDADDRL[12]
40551 RAMB36E1_PRIM u_soc_top.u_framebuffer_sram.memory.0.9.ADDRARDADDRU[12]
40552 RAMB36E1_PRIM u_soc_top.u_framebuffer_sram.memory.0.0.ADDRARDADDRL[11]
40553 RAMB36E1_PRIM u_soc_top.u_framebuffer_sram.memory.0.0.ADDRARDADDRU[11]
40554 RAMB36E1_PRIM u_soc_top.u_framebuffer_sram.memory.0.1.ADDRARDADDRL[11]
40555 RAMB36E1_PRIM u_soc_top.u_framebuffer_sram.memory.0.1.ADDRARDADDRU[11]
40556 RAMB36E1_PRIM u_soc_top.u_framebuffer_sram.memory.0.10.ADDRARDADDRL[11]
40557 RAMB36E1_PRIM u_soc_top.u_framebuffer_sram.memory.0.10.ADDRARDADDRU[11]
40558 RAMB36E1_PRIM u_soc_top.u_framebuffer_sram.memory.0.11.ADDRARDADDRL[11]
40559 RAMB36E1_PRIM u_soc_top.u_framebuffer_sram.memory.0.11.ADDRARDADDRU[11]
40560 RAMB36E1_PRIM u_soc_top.u_framebuffer_sram.memory.0.12.ADDRARDADDRL[11]
40561 RAMB36E1_PRIM u_soc_top.u_framebuffer_sram.memory.0.12.ADDRARDADDRU[11]
40562 RAMB36E1_PRIM u_soc_top.u_framebuffer_sram.memory.0.13.ADDRARDADDRL[11]
40563 RAMB36E1_PRIM u_soc_top.u_framebuffer_sram.memory.0.13.ADDRARDADDRU[11]
40564 RAMB36E1_PRIM u_soc_top.u_framebuffer_sram.memory.0.14.ADDRARDADDRL[11]
40565 RAMB36E1_PRIM u_soc_top.u_framebuffer_sram.memory.0.14.ADDRARDADDRU[11]
40566 RAMB36E1_PRIM u_soc_top.u_framebuffer_sram.memory.0.15.ADDRARDADDRL[11]
40567 RAMB36E1_PRIM u_soc_top.u_framebuffer_sram.memory.0.15.ADDRARDADDRU[11]
40568 RAMB36E1_PRIM u_soc_top.u_framebuffer_sram.memory.0.16.ADDRARDADDRL[11]
40569 RAMB36E1_PRIM u_soc_top.u_framebuffer_sram.memory.0.16.ADDRARDADDRU[11]
40570 RAMB36E1_PRIM u_soc_top.u_framebuffer_sram.memory.0.17.ADDRARDADDRL[11]
40571 RAMB36E1_PRIM u_soc_top.u_framebuffer_sram.memory.0.17.ADDRARDADDRU[11]
40572 RAMB36E1_PRIM u_soc_top.u_framebuffer_sram.memory.0.18.ADDRARDADDRL[11]
40573 RAMB36E1_PRIM u_soc_top.u_framebuffer_sram.memory.0.18.ADDRARDADDRU[11]
40574 RAMB36E1_PRIM u_soc_top.u_framebuffer_sram.memory.0.2.ADDRARDADDRL[11]
40575 RAMB36E1_PRIM u_soc_top.u_framebuffer_sram.memory.0.2.ADDRARDADDRU[11]
40576 RAMB36E1_PRIM u_soc_top.u_framebuffer_sram.memory.0.3.ADDRARDADDRL[11]
40577 RAMB36E1_PRIM u_soc_top.u_framebuffer_sram.memory.0.3.ADDRARDADDRU[11]
40578 RAMB36E1_PRIM u_soc_top.u_framebuffer_sram.memory.0.4.ADDRARDADDRL[11]
40579 RAMB36E1_PRIM u_soc_top.u_framebuffer_sram.memory.0.4.ADDRARDADDRU[11]
40580 RAMB36E1_PRIM u_soc_top.u_framebuffer_sram.memory.0.5.ADDRARDADDRL[11]
40581 RAMB36E1_PRIM u_soc_top.u_framebuffer_sram.memory.0.5.ADDRARDADDRU[11]
40582 RAMB36E1_PRIM u_soc_top.u_framebuffer_sram.memory.0.6.ADDRARDADDRL[11]
40583 RAMB36E1_PRIM u_soc_top.u_framebuffer_sram.memory.0.6.ADDRARDADDRU[11]
40584 RAMB36E1_PRIM u_soc_top.u_framebuffer_sram.memory.0.7.ADDRARDADDRL[11]
40585 RAMB36E1_PRIM u_soc_top.u_framebuffer_sram.memory.0.7.ADDRARDADDRU[11]
40586 RAMB36E1_PRIM u_soc_top.u_framebuffer_sram.memory.0.8.ADDRARDADDRL[11]
40587 RAMB36E1_PRIM u_soc_top.u_framebuffer_sram.memory.0.8.ADDRARDADDRU[11]
40588 RAMB36E1_PRIM u_soc_top.u_framebuffer_sram.memory.0.9.ADDRARDADDRL[11]
40589 RAMB36E1_PRIM u_soc_top.u_framebuffer_sram.memory.0.9.ADDRARDADDRU[11]
40590 FDCE_ZINI $auto$ff.cc:266:slice$15250.D[0]
40591 FDCE_ZINI $auto$ff.cc:266:slice$15249.D[0]
40592 FDCE_ZINI $auto$ff.cc:266:slice$15248.D[0]
40593 FDCE_ZINI $auto$ff.cc:266:slice$15247.D[0]
40594 RAMB36E1_PRIM u_soc_top.u_framebuffer_sram.memory.0.0.DIADI[0]
40595 RAMB36E1_PRIM u_soc_top.u_framebuffer_sram.memory.0.1.DIADI[0]
40596 RAMB36E1_PRIM u_soc_top.u_framebuffer_sram.memory.0.10.DIADI[0]
40597 RAMB36E1_PRIM u_soc_top.u_framebuffer_sram.memory.0.11.DIADI[0]
40598 RAMB36E1_PRIM u_soc_top.u_framebuffer_sram.memory.0.12.DIADI[0]
40599 RAMB36E1_PRIM u_soc_top.u_framebuffer_sram.memory.0.13.DIADI[0]
40600 RAMB36E1_PRIM u_soc_top.u_framebuffer_sram.memory.0.14.DIADI[0]
40601 RAMB36E1_PRIM u_soc_top.u_framebuffer_sram.memory.0.15.DIADI[0]
40602 RAMB36E1_PRIM u_soc_top.u_framebuffer_sram.memory.0.16.DIADI[0]
40603 RAMB36E1_PRIM u_soc_top.u_framebuffer_sram.memory.0.17.DIADI[0]
40604 RAMB36E1_PRIM u_soc_top.u_framebuffer_sram.memory.0.18.DIADI[0]
40605 RAMB36E1_PRIM u_soc_top.u_framebuffer_sram.memory.0.2.DIADI[0]
40606 RAMB36E1_PRIM u_soc_top.u_framebuffer_sram.memory.0.3.DIADI[0]
40607 RAMB36E1_PRIM u_soc_top.u_framebuffer_sram.memory.0.4.DIADI[0]
40608 RAMB36E1_PRIM u_soc_top.u_framebuffer_sram.memory.0.5.DIADI[0]
40609 RAMB36E1_PRIM u_soc_top.u_framebuffer_sram.memory.0.6.DIADI[0]
40610 RAMB36E1_PRIM u_soc_top.u_framebuffer_sram.memory.0.7.DIADI[0]
40611 RAMB36E1_PRIM u_soc_top.u_framebuffer_sram.memory.0.8.DIADI[0]
40612 RAMB36E1_PRIM u_soc_top.u_framebuffer_sram.memory.0.9.DIADI[0]
40613 RAMB36E1_PRIM u_soc_top.u_framebuffer_sram.memory.0.0.DIADI[1]
40614 RAMB36E1_PRIM u_soc_top.u_framebuffer_sram.memory.0.1.DIADI[1]
40615 RAMB36E1_PRIM u_soc_top.u_framebuffer_sram.memory.0.10.DIADI[1]
40616 RAMB36E1_PRIM u_soc_top.u_framebuffer_sram.memory.0.11.DIADI[1]
40617 RAMB36E1_PRIM u_soc_top.u_framebuffer_sram.memory.0.12.DIADI[1]
40618 RAMB36E1_PRIM u_soc_top.u_framebuffer_sram.memory.0.13.DIADI[1]
40619 RAMB36E1_PRIM u_soc_top.u_framebuffer_sram.memory.0.14.DIADI[1]
40620 RAMB36E1_PRIM u_soc_top.u_framebuffer_sram.memory.0.15.DIADI[1]
40621 RAMB36E1_PRIM u_soc_top.u_framebuffer_sram.memory.0.16.DIADI[1]
40622 RAMB36E1_PRIM u_soc_top.u_framebuffer_sram.memory.0.17.DIADI[1]
40623 RAMB36E1_PRIM u_soc_top.u_framebuffer_sram.memory.0.18.DIADI[1]
40624 RAMB36E1_PRIM u_soc_top.u_framebuffer_sram.memory.0.2.DIADI[1]
40625 RAMB36E1_PRIM u_soc_top.u_framebuffer_sram.memory.0.3.DIADI[1]
40626 RAMB36E1_PRIM u_soc_top.u_framebuffer_sram.memory.0.4.DIADI[1]
40627 RAMB36E1_PRIM u_soc_top.u_framebuffer_sram.memory.0.5.DIADI[1]
40628 RAMB36E1_PRIM u_soc_top.u_framebuffer_sram.memory.0.6.DIADI[1]
40629 RAMB36E1_PRIM u_soc_top.u_framebuffer_sram.memory.0.7.DIADI[1]
40630 RAMB36E1_PRIM u_soc_top.u_framebuffer_sram.memory.0.8.DIADI[1]
40631 RAMB36E1_PRIM u_soc_top.u_framebuffer_sram.memory.0.9.DIADI[1]
40632 RAMB36E1_PRIM u_soc_top.u_framebuffer_sram.memory.0.0.DIADI[2]
40633 RAMB36E1_PRIM u_soc_top.u_framebuffer_sram.memory.0.1.DIADI[2]
40634 RAMB36E1_PRIM u_soc_top.u_framebuffer_sram.memory.0.10.DIADI[2]
40635 RAMB36E1_PRIM u_soc_top.u_framebuffer_sram.memory.0.11.DIADI[2]
40636 RAMB36E1_PRIM u_soc_top.u_framebuffer_sram.memory.0.12.DIADI[2]
40637 RAMB36E1_PRIM u_soc_top.u_framebuffer_sram.memory.0.13.DIADI[2]
40638 RAMB36E1_PRIM u_soc_top.u_framebuffer_sram.memory.0.14.DIADI[2]
40639 RAMB36E1_PRIM u_soc_top.u_framebuffer_sram.memory.0.15.DIADI[2]
40640 RAMB36E1_PRIM u_soc_top.u_framebuffer_sram.memory.0.16.DIADI[2]
40641 RAMB36E1_PRIM u_soc_top.u_framebuffer_sram.memory.0.17.DIADI[2]
40642 RAMB36E1_PRIM u_soc_top.u_framebuffer_sram.memory.0.18.DIADI[2]
40643 RAMB36E1_PRIM u_soc_top.u_framebuffer_sram.memory.0.2.DIADI[2]
40644 RAMB36E1_PRIM u_soc_top.u_framebuffer_sram.memory.0.3.DIADI[2]
40645 RAMB36E1_PRIM u_soc_top.u_framebuffer_sram.memory.0.4.DIADI[2]
40646 RAMB36E1_PRIM u_soc_top.u_framebuffer_sram.memory.0.5.DIADI[2]
40647 RAMB36E1_PRIM u_soc_top.u_framebuffer_sram.memory.0.6.DIADI[2]
40648 RAMB36E1_PRIM u_soc_top.u_framebuffer_sram.memory.0.7.DIADI[2]
40649 RAMB36E1_PRIM u_soc_top.u_framebuffer_sram.memory.0.8.DIADI[2]
40650 RAMB36E1_PRIM u_soc_top.u_framebuffer_sram.memory.0.9.DIADI[2]
40651 RAMB36E1_PRIM u_soc_top.u_framebuffer_sram.memory.0.0.DIADI[3]
40652 RAMB36E1_PRIM u_soc_top.u_framebuffer_sram.memory.0.1.DIADI[3]
40653 RAMB36E1_PRIM u_soc_top.u_framebuffer_sram.memory.0.10.DIADI[3]
40654 RAMB36E1_PRIM u_soc_top.u_framebuffer_sram.memory.0.11.DIADI[3]
40655 RAMB36E1_PRIM u_soc_top.u_framebuffer_sram.memory.0.12.DIADI[3]
40656 RAMB36E1_PRIM u_soc_top.u_framebuffer_sram.memory.0.13.DIADI[3]
40657 RAMB36E1_PRIM u_soc_top.u_framebuffer_sram.memory.0.14.DIADI[3]
40658 RAMB36E1_PRIM u_soc_top.u_framebuffer_sram.memory.0.15.DIADI[3]
40659 RAMB36E1_PRIM u_soc_top.u_framebuffer_sram.memory.0.16.DIADI[3]
40660 RAMB36E1_PRIM u_soc_top.u_framebuffer_sram.memory.0.17.DIADI[3]
40661 RAMB36E1_PRIM u_soc_top.u_framebuffer_sram.memory.0.18.DIADI[3]
40662 RAMB36E1_PRIM u_soc_top.u_framebuffer_sram.memory.0.2.DIADI[3]
40663 RAMB36E1_PRIM u_soc_top.u_framebuffer_sram.memory.0.3.DIADI[3]
40664 RAMB36E1_PRIM u_soc_top.u_framebuffer_sram.memory.0.4.DIADI[3]
40665 RAMB36E1_PRIM u_soc_top.u_framebuffer_sram.memory.0.5.DIADI[3]
40666 RAMB36E1_PRIM u_soc_top.u_framebuffer_sram.memory.0.6.DIADI[3]
40667 RAMB36E1_PRIM u_soc_top.u_framebuffer_sram.memory.0.7.DIADI[3]
40668 RAMB36E1_PRIM u_soc_top.u_framebuffer_sram.memory.0.8.DIADI[3]
40669 RAMB36E1_PRIM u_soc_top.u_framebuffer_sram.memory.0.9.DIADI[3]
40670 RAMB36E1_PRIM u_soc_top.u_framebuffer_sram.memory.0.0.DIADI[4]
40671 RAMB36E1_PRIM u_soc_top.u_framebuffer_sram.memory.0.1.DIADI[4]
40672 RAMB36E1_PRIM u_soc_top.u_framebuffer_sram.memory.0.10.DIADI[4]
40673 RAMB36E1_PRIM u_soc_top.u_framebuffer_sram.memory.0.11.DIADI[4]
40674 RAMB36E1_PRIM u_soc_top.u_framebuffer_sram.memory.0.12.DIADI[4]
40675 RAMB36E1_PRIM u_soc_top.u_framebuffer_sram.memory.0.13.DIADI[4]
40676 RAMB36E1_PRIM u_soc_top.u_framebuffer_sram.memory.0.14.DIADI[4]
40677 RAMB36E1_PRIM u_soc_top.u_framebuffer_sram.memory.0.15.DIADI[4]
40678 RAMB36E1_PRIM u_soc_top.u_framebuffer_sram.memory.0.16.DIADI[4]
40679 RAMB36E1_PRIM u_soc_top.u_framebuffer_sram.memory.0.17.DIADI[4]
40680 RAMB36E1_PRIM u_soc_top.u_framebuffer_sram.memory.0.18.DIADI[4]
40681 RAMB36E1_PRIM u_soc_top.u_framebuffer_sram.memory.0.2.DIADI[4]
40682 RAMB36E1_PRIM u_soc_top.u_framebuffer_sram.memory.0.3.DIADI[4]
40683 RAMB36E1_PRIM u_soc_top.u_framebuffer_sram.memory.0.4.DIADI[4]
40684 RAMB36E1_PRIM u_soc_top.u_framebuffer_sram.memory.0.5.DIADI[4]
40685 RAMB36E1_PRIM u_soc_top.u_framebuffer_sram.memory.0.6.DIADI[4]
40686 RAMB36E1_PRIM u_soc_top.u_framebuffer_sram.memory.0.7.DIADI[4]
40687 RAMB36E1_PRIM u_soc_top.u_framebuffer_sram.memory.0.8.DIADI[4]
40688 RAMB36E1_PRIM u_soc_top.u_framebuffer_sram.memory.0.9.DIADI[4]
40689 RAMB36E1_PRIM u_soc_top.u_framebuffer_sram.memory.0.0.DIADI[5]
40690 RAMB36E1_PRIM u_soc_top.u_framebuffer_sram.memory.0.1.DIADI[5]
40691 RAMB36E1_PRIM u_soc_top.u_framebuffer_sram.memory.0.10.DIADI[5]
40692 RAMB36E1_PRIM u_soc_top.u_framebuffer_sram.memory.0.11.DIADI[5]
40693 RAMB36E1_PRIM u_soc_top.u_framebuffer_sram.memory.0.12.DIADI[5]
40694 RAMB36E1_PRIM u_soc_top.u_framebuffer_sram.memory.0.13.DIADI[5]
40695 RAMB36E1_PRIM u_soc_top.u_framebuffer_sram.memory.0.14.DIADI[5]
40696 RAMB36E1_PRIM u_soc_top.u_framebuffer_sram.memory.0.15.DIADI[5]
40697 RAMB36E1_PRIM u_soc_top.u_framebuffer_sram.memory.0.16.DIADI[5]
40698 RAMB36E1_PRIM u_soc_top.u_framebuffer_sram.memory.0.17.DIADI[5]
40699 RAMB36E1_PRIM u_soc_top.u_framebuffer_sram.memory.0.18.DIADI[5]
40700 RAMB36E1_PRIM u_soc_top.u_framebuffer_sram.memory.0.2.DIADI[5]
40701 RAMB36E1_PRIM u_soc_top.u_framebuffer_sram.memory.0.3.DIADI[5]
40702 RAMB36E1_PRIM u_soc_top.u_framebuffer_sram.memory.0.4.DIADI[5]
40703 RAMB36E1_PRIM u_soc_top.u_framebuffer_sram.memory.0.5.DIADI[5]
40704 RAMB36E1_PRIM u_soc_top.u_framebuffer_sram.memory.0.6.DIADI[5]
40705 RAMB36E1_PRIM u_soc_top.u_framebuffer_sram.memory.0.7.DIADI[5]
40706 RAMB36E1_PRIM u_soc_top.u_framebuffer_sram.memory.0.8.DIADI[5]
40707 RAMB36E1_PRIM u_soc_top.u_framebuffer_sram.memory.0.9.DIADI[5]
40708 RAMB36E1_PRIM u_soc_top.u_framebuffer_sram.memory.0.0.DIADI[6]
40709 RAMB36E1_PRIM u_soc_top.u_framebuffer_sram.memory.0.1.DIADI[6]
40710 RAMB36E1_PRIM u_soc_top.u_framebuffer_sram.memory.0.10.DIADI[6]
40711 RAMB36E1_PRIM u_soc_top.u_framebuffer_sram.memory.0.11.DIADI[6]
40712 RAMB36E1_PRIM u_soc_top.u_framebuffer_sram.memory.0.12.DIADI[6]
40713 RAMB36E1_PRIM u_soc_top.u_framebuffer_sram.memory.0.13.DIADI[6]
40714 RAMB36E1_PRIM u_soc_top.u_framebuffer_sram.memory.0.14.DIADI[6]
40715 RAMB36E1_PRIM u_soc_top.u_framebuffer_sram.memory.0.15.DIADI[6]
40716 RAMB36E1_PRIM u_soc_top.u_framebuffer_sram.memory.0.16.DIADI[6]
40717 RAMB36E1_PRIM u_soc_top.u_framebuffer_sram.memory.0.17.DIADI[6]
40718 RAMB36E1_PRIM u_soc_top.u_framebuffer_sram.memory.0.18.DIADI[6]
40719 RAMB36E1_PRIM u_soc_top.u_framebuffer_sram.memory.0.2.DIADI[6]
40720 RAMB36E1_PRIM u_soc_top.u_framebuffer_sram.memory.0.3.DIADI[6]
40721 RAMB36E1_PRIM u_soc_top.u_framebuffer_sram.memory.0.4.DIADI[6]
40722 RAMB36E1_PRIM u_soc_top.u_framebuffer_sram.memory.0.5.DIADI[6]
40723 RAMB36E1_PRIM u_soc_top.u_framebuffer_sram.memory.0.6.DIADI[6]
40724 RAMB36E1_PRIM u_soc_top.u_framebuffer_sram.memory.0.7.DIADI[6]
40725 RAMB36E1_PRIM u_soc_top.u_framebuffer_sram.memory.0.8.DIADI[6]
40726 RAMB36E1_PRIM u_soc_top.u_framebuffer_sram.memory.0.9.DIADI[6]
40727 RAMB36E1_PRIM u_soc_top.u_framebuffer_sram.memory.0.0.DIADI[7]
40728 RAMB36E1_PRIM u_soc_top.u_framebuffer_sram.memory.0.1.DIADI[7]
40729 RAMB36E1_PRIM u_soc_top.u_framebuffer_sram.memory.0.10.DIADI[7]
40730 RAMB36E1_PRIM u_soc_top.u_framebuffer_sram.memory.0.11.DIADI[7]
40731 RAMB36E1_PRIM u_soc_top.u_framebuffer_sram.memory.0.12.DIADI[7]
40732 RAMB36E1_PRIM u_soc_top.u_framebuffer_sram.memory.0.13.DIADI[7]
40733 RAMB36E1_PRIM u_soc_top.u_framebuffer_sram.memory.0.14.DIADI[7]
40734 RAMB36E1_PRIM u_soc_top.u_framebuffer_sram.memory.0.15.DIADI[7]
40735 RAMB36E1_PRIM u_soc_top.u_framebuffer_sram.memory.0.16.DIADI[7]
40736 RAMB36E1_PRIM u_soc_top.u_framebuffer_sram.memory.0.17.DIADI[7]
40737 RAMB36E1_PRIM u_soc_top.u_framebuffer_sram.memory.0.18.DIADI[7]
40738 RAMB36E1_PRIM u_soc_top.u_framebuffer_sram.memory.0.2.DIADI[7]
40739 RAMB36E1_PRIM u_soc_top.u_framebuffer_sram.memory.0.3.DIADI[7]
40740 RAMB36E1_PRIM u_soc_top.u_framebuffer_sram.memory.0.4.DIADI[7]
40741 RAMB36E1_PRIM u_soc_top.u_framebuffer_sram.memory.0.5.DIADI[7]
40742 RAMB36E1_PRIM u_soc_top.u_framebuffer_sram.memory.0.6.DIADI[7]
40743 RAMB36E1_PRIM u_soc_top.u_framebuffer_sram.memory.0.7.DIADI[7]
40744 RAMB36E1_PRIM u_soc_top.u_framebuffer_sram.memory.0.8.DIADI[7]
40745 RAMB36E1_PRIM u_soc_top.u_framebuffer_sram.memory.0.9.DIADI[7]
40746 RAMB36E1_PRIM u_soc_top.u_framebuffer_sram.memory.0.0.DIADI[8]
40747 RAMB36E1_PRIM u_soc_top.u_framebuffer_sram.memory.0.1.DIADI[8]
40748 RAMB36E1_PRIM u_soc_top.u_framebuffer_sram.memory.0.10.DIADI[8]
40749 RAMB36E1_PRIM u_soc_top.u_framebuffer_sram.memory.0.11.DIADI[8]
40750 RAMB36E1_PRIM u_soc_top.u_framebuffer_sram.memory.0.12.DIADI[8]
40751 RAMB36E1_PRIM u_soc_top.u_framebuffer_sram.memory.0.13.DIADI[8]
40752 RAMB36E1_PRIM u_soc_top.u_framebuffer_sram.memory.0.14.DIADI[8]
40753 RAMB36E1_PRIM u_soc_top.u_framebuffer_sram.memory.0.15.DIADI[8]
40754 RAMB36E1_PRIM u_soc_top.u_framebuffer_sram.memory.0.16.DIADI[8]
40755 RAMB36E1_PRIM u_soc_top.u_framebuffer_sram.memory.0.17.DIADI[8]
40756 RAMB36E1_PRIM u_soc_top.u_framebuffer_sram.memory.0.18.DIADI[8]
40757 RAMB36E1_PRIM u_soc_top.u_framebuffer_sram.memory.0.2.DIADI[8]
40758 RAMB36E1_PRIM u_soc_top.u_framebuffer_sram.memory.0.3.DIADI[8]
40759 RAMB36E1_PRIM u_soc_top.u_framebuffer_sram.memory.0.4.DIADI[8]
40760 RAMB36E1_PRIM u_soc_top.u_framebuffer_sram.memory.0.5.DIADI[8]
40761 RAMB36E1_PRIM u_soc_top.u_framebuffer_sram.memory.0.6.DIADI[8]
40762 RAMB36E1_PRIM u_soc_top.u_framebuffer_sram.memory.0.7.DIADI[8]
40763 RAMB36E1_PRIM u_soc_top.u_framebuffer_sram.memory.0.8.DIADI[8]
40764 RAMB36E1_PRIM u_soc_top.u_framebuffer_sram.memory.0.9.DIADI[8]
40765 RAMB36E1_PRIM u_soc_top.u_framebuffer_sram.memory.0.0.DIADI[9]
40766 RAMB36E1_PRIM u_soc_top.u_framebuffer_sram.memory.0.1.DIADI[9]
40767 RAMB36E1_PRIM u_soc_top.u_framebuffer_sram.memory.0.10.DIADI[9]
40768 RAMB36E1_PRIM u_soc_top.u_framebuffer_sram.memory.0.11.DIADI[9]
40769 RAMB36E1_PRIM u_soc_top.u_framebuffer_sram.memory.0.12.DIADI[9]
40770 RAMB36E1_PRIM u_soc_top.u_framebuffer_sram.memory.0.13.DIADI[9]
40771 RAMB36E1_PRIM u_soc_top.u_framebuffer_sram.memory.0.14.DIADI[9]
40772 RAMB36E1_PRIM u_soc_top.u_framebuffer_sram.memory.0.15.DIADI[9]
40773 RAMB36E1_PRIM u_soc_top.u_framebuffer_sram.memory.0.16.DIADI[9]
40774 RAMB36E1_PRIM u_soc_top.u_framebuffer_sram.memory.0.17.DIADI[9]
40775 RAMB36E1_PRIM u_soc_top.u_framebuffer_sram.memory.0.18.DIADI[9]
40776 RAMB36E1_PRIM u_soc_top.u_framebuffer_sram.memory.0.2.DIADI[9]
40777 RAMB36E1_PRIM u_soc_top.u_framebuffer_sram.memory.0.3.DIADI[9]
40778 RAMB36E1_PRIM u_soc_top.u_framebuffer_sram.memory.0.4.DIADI[9]
40779 RAMB36E1_PRIM u_soc_top.u_framebuffer_sram.memory.0.5.DIADI[9]
40780 RAMB36E1_PRIM u_soc_top.u_framebuffer_sram.memory.0.6.DIADI[9]
40781 RAMB36E1_PRIM u_soc_top.u_framebuffer_sram.memory.0.7.DIADI[9]
40782 RAMB36E1_PRIM u_soc_top.u_framebuffer_sram.memory.0.8.DIADI[9]
40783 RAMB36E1_PRIM u_soc_top.u_framebuffer_sram.memory.0.9.DIADI[9]
40784 RAMB36E1_PRIM u_soc_top.u_framebuffer_sram.memory.0.0.DIADI[10]
40785 RAMB36E1_PRIM u_soc_top.u_framebuffer_sram.memory.0.1.DIADI[10]
40786 RAMB36E1_PRIM u_soc_top.u_framebuffer_sram.memory.0.10.DIADI[10]
40787 RAMB36E1_PRIM u_soc_top.u_framebuffer_sram.memory.0.11.DIADI[10]
40788 RAMB36E1_PRIM u_soc_top.u_framebuffer_sram.memory.0.12.DIADI[10]
40789 RAMB36E1_PRIM u_soc_top.u_framebuffer_sram.memory.0.13.DIADI[10]
40790 RAMB36E1_PRIM u_soc_top.u_framebuffer_sram.memory.0.14.DIADI[10]
40791 RAMB36E1_PRIM u_soc_top.u_framebuffer_sram.memory.0.15.DIADI[10]
40792 RAMB36E1_PRIM u_soc_top.u_framebuffer_sram.memory.0.16.DIADI[10]
40793 RAMB36E1_PRIM u_soc_top.u_framebuffer_sram.memory.0.17.DIADI[10]
40794 RAMB36E1_PRIM u_soc_top.u_framebuffer_sram.memory.0.18.DIADI[10]
40795 RAMB36E1_PRIM u_soc_top.u_framebuffer_sram.memory.0.2.DIADI[10]
40796 RAMB36E1_PRIM u_soc_top.u_framebuffer_sram.memory.0.3.DIADI[10]
40797 RAMB36E1_PRIM u_soc_top.u_framebuffer_sram.memory.0.4.DIADI[10]
40798 RAMB36E1_PRIM u_soc_top.u_framebuffer_sram.memory.0.5.DIADI[10]
40799 RAMB36E1_PRIM u_soc_top.u_framebuffer_sram.memory.0.6.DIADI[10]
40800 RAMB36E1_PRIM u_soc_top.u_framebuffer_sram.memory.0.7.DIADI[10]
40801 RAMB36E1_PRIM u_soc_top.u_framebuffer_sram.memory.0.8.DIADI[10]
40802 RAMB36E1_PRIM u_soc_top.u_framebuffer_sram.memory.0.9.DIADI[10]
40803 RAMB36E1_PRIM u_soc_top.u_framebuffer_sram.memory.0.0.DIADI[11]
40804 RAMB36E1_PRIM u_soc_top.u_framebuffer_sram.memory.0.1.DIADI[11]
40805 RAMB36E1_PRIM u_soc_top.u_framebuffer_sram.memory.0.10.DIADI[11]
40806 RAMB36E1_PRIM u_soc_top.u_framebuffer_sram.memory.0.11.DIADI[11]
40807 RAMB36E1_PRIM u_soc_top.u_framebuffer_sram.memory.0.12.DIADI[11]
40808 RAMB36E1_PRIM u_soc_top.u_framebuffer_sram.memory.0.13.DIADI[11]
40809 RAMB36E1_PRIM u_soc_top.u_framebuffer_sram.memory.0.14.DIADI[11]
40810 RAMB36E1_PRIM u_soc_top.u_framebuffer_sram.memory.0.15.DIADI[11]
40811 RAMB36E1_PRIM u_soc_top.u_framebuffer_sram.memory.0.16.DIADI[11]
40812 RAMB36E1_PRIM u_soc_top.u_framebuffer_sram.memory.0.17.DIADI[11]
40813 RAMB36E1_PRIM u_soc_top.u_framebuffer_sram.memory.0.18.DIADI[11]
40814 RAMB36E1_PRIM u_soc_top.u_framebuffer_sram.memory.0.2.DIADI[11]
40815 RAMB36E1_PRIM u_soc_top.u_framebuffer_sram.memory.0.3.DIADI[11]
40816 RAMB36E1_PRIM u_soc_top.u_framebuffer_sram.memory.0.4.DIADI[11]
40817 RAMB36E1_PRIM u_soc_top.u_framebuffer_sram.memory.0.5.DIADI[11]
40818 RAMB36E1_PRIM u_soc_top.u_framebuffer_sram.memory.0.6.DIADI[11]
40819 RAMB36E1_PRIM u_soc_top.u_framebuffer_sram.memory.0.7.DIADI[11]
40820 RAMB36E1_PRIM u_soc_top.u_framebuffer_sram.memory.0.8.DIADI[11]
40821 RAMB36E1_PRIM u_soc_top.u_framebuffer_sram.memory.0.9.DIADI[11]
40822 RAMB36E1_PRIM u_soc_top.u_framebuffer_sram.memory.0.0.DIADI[12]
40823 RAMB36E1_PRIM u_soc_top.u_framebuffer_sram.memory.0.1.DIADI[12]
40824 RAMB36E1_PRIM u_soc_top.u_framebuffer_sram.memory.0.10.DIADI[12]
40825 RAMB36E1_PRIM u_soc_top.u_framebuffer_sram.memory.0.11.DIADI[12]
40826 RAMB36E1_PRIM u_soc_top.u_framebuffer_sram.memory.0.12.DIADI[12]
40827 RAMB36E1_PRIM u_soc_top.u_framebuffer_sram.memory.0.13.DIADI[12]
40828 RAMB36E1_PRIM u_soc_top.u_framebuffer_sram.memory.0.14.DIADI[12]
40829 RAMB36E1_PRIM u_soc_top.u_framebuffer_sram.memory.0.15.DIADI[12]
40830 RAMB36E1_PRIM u_soc_top.u_framebuffer_sram.memory.0.16.DIADI[12]
40831 RAMB36E1_PRIM u_soc_top.u_framebuffer_sram.memory.0.17.DIADI[12]
40832 RAMB36E1_PRIM u_soc_top.u_framebuffer_sram.memory.0.18.DIADI[12]
40833 RAMB36E1_PRIM u_soc_top.u_framebuffer_sram.memory.0.2.DIADI[12]
40834 RAMB36E1_PRIM u_soc_top.u_framebuffer_sram.memory.0.3.DIADI[12]
40835 RAMB36E1_PRIM u_soc_top.u_framebuffer_sram.memory.0.4.DIADI[12]
40836 RAMB36E1_PRIM u_soc_top.u_framebuffer_sram.memory.0.5.DIADI[12]
40837 RAMB36E1_PRIM u_soc_top.u_framebuffer_sram.memory.0.6.DIADI[12]
40838 RAMB36E1_PRIM u_soc_top.u_framebuffer_sram.memory.0.7.DIADI[12]
40839 RAMB36E1_PRIM u_soc_top.u_framebuffer_sram.memory.0.8.DIADI[12]
40840 RAMB36E1_PRIM u_soc_top.u_framebuffer_sram.memory.0.9.DIADI[12]
40841 RAMB36E1_PRIM u_soc_top.u_framebuffer_sram.memory.0.0.DIADI[13]
40842 RAMB36E1_PRIM u_soc_top.u_framebuffer_sram.memory.0.1.DIADI[13]
40843 RAMB36E1_PRIM u_soc_top.u_framebuffer_sram.memory.0.10.DIADI[13]
40844 RAMB36E1_PRIM u_soc_top.u_framebuffer_sram.memory.0.11.DIADI[13]
40845 RAMB36E1_PRIM u_soc_top.u_framebuffer_sram.memory.0.12.DIADI[13]
40846 RAMB36E1_PRIM u_soc_top.u_framebuffer_sram.memory.0.13.DIADI[13]
40847 RAMB36E1_PRIM u_soc_top.u_framebuffer_sram.memory.0.14.DIADI[13]
40848 RAMB36E1_PRIM u_soc_top.u_framebuffer_sram.memory.0.15.DIADI[13]
40849 RAMB36E1_PRIM u_soc_top.u_framebuffer_sram.memory.0.16.DIADI[13]
40850 RAMB36E1_PRIM u_soc_top.u_framebuffer_sram.memory.0.17.DIADI[13]
40851 RAMB36E1_PRIM u_soc_top.u_framebuffer_sram.memory.0.18.DIADI[13]
40852 RAMB36E1_PRIM u_soc_top.u_framebuffer_sram.memory.0.2.DIADI[13]
40853 RAMB36E1_PRIM u_soc_top.u_framebuffer_sram.memory.0.3.DIADI[13]
40854 RAMB36E1_PRIM u_soc_top.u_framebuffer_sram.memory.0.4.DIADI[13]
40855 RAMB36E1_PRIM u_soc_top.u_framebuffer_sram.memory.0.5.DIADI[13]
40856 RAMB36E1_PRIM u_soc_top.u_framebuffer_sram.memory.0.6.DIADI[13]
40857 RAMB36E1_PRIM u_soc_top.u_framebuffer_sram.memory.0.7.DIADI[13]
40858 RAMB36E1_PRIM u_soc_top.u_framebuffer_sram.memory.0.8.DIADI[13]
40859 RAMB36E1_PRIM u_soc_top.u_framebuffer_sram.memory.0.9.DIADI[13]
40860 RAMB36E1_PRIM u_soc_top.u_framebuffer_sram.memory.0.0.DIADI[14]
40861 RAMB36E1_PRIM u_soc_top.u_framebuffer_sram.memory.0.1.DIADI[14]
40862 RAMB36E1_PRIM u_soc_top.u_framebuffer_sram.memory.0.10.DIADI[14]
40863 RAMB36E1_PRIM u_soc_top.u_framebuffer_sram.memory.0.11.DIADI[14]
40864 RAMB36E1_PRIM u_soc_top.u_framebuffer_sram.memory.0.12.DIADI[14]
40865 RAMB36E1_PRIM u_soc_top.u_framebuffer_sram.memory.0.13.DIADI[14]
40866 RAMB36E1_PRIM u_soc_top.u_framebuffer_sram.memory.0.14.DIADI[14]
40867 RAMB36E1_PRIM u_soc_top.u_framebuffer_sram.memory.0.15.DIADI[14]
40868 RAMB36E1_PRIM u_soc_top.u_framebuffer_sram.memory.0.16.DIADI[14]
40869 RAMB36E1_PRIM u_soc_top.u_framebuffer_sram.memory.0.17.DIADI[14]
40870 RAMB36E1_PRIM u_soc_top.u_framebuffer_sram.memory.0.18.DIADI[14]
40871 RAMB36E1_PRIM u_soc_top.u_framebuffer_sram.memory.0.2.DIADI[14]
40872 RAMB36E1_PRIM u_soc_top.u_framebuffer_sram.memory.0.3.DIADI[14]
40873 RAMB36E1_PRIM u_soc_top.u_framebuffer_sram.memory.0.4.DIADI[14]
40874 RAMB36E1_PRIM u_soc_top.u_framebuffer_sram.memory.0.5.DIADI[14]
40875 RAMB36E1_PRIM u_soc_top.u_framebuffer_sram.memory.0.6.DIADI[14]
40876 RAMB36E1_PRIM u_soc_top.u_framebuffer_sram.memory.0.7.DIADI[14]
40877 RAMB36E1_PRIM u_soc_top.u_framebuffer_sram.memory.0.8.DIADI[14]
40878 RAMB36E1_PRIM u_soc_top.u_framebuffer_sram.memory.0.9.DIADI[14]
40879 RAMB36E1_PRIM u_soc_top.u_framebuffer_sram.memory.0.0.DIADI[15]
40880 RAMB36E1_PRIM u_soc_top.u_framebuffer_sram.memory.0.1.DIADI[15]
40881 RAMB36E1_PRIM u_soc_top.u_framebuffer_sram.memory.0.10.DIADI[15]
40882 RAMB36E1_PRIM u_soc_top.u_framebuffer_sram.memory.0.11.DIADI[15]
40883 RAMB36E1_PRIM u_soc_top.u_framebuffer_sram.memory.0.12.DIADI[15]
40884 RAMB36E1_PRIM u_soc_top.u_framebuffer_sram.memory.0.13.DIADI[15]
40885 RAMB36E1_PRIM u_soc_top.u_framebuffer_sram.memory.0.14.DIADI[15]
40886 RAMB36E1_PRIM u_soc_top.u_framebuffer_sram.memory.0.15.DIADI[15]
40887 RAMB36E1_PRIM u_soc_top.u_framebuffer_sram.memory.0.16.DIADI[15]
40888 RAMB36E1_PRIM u_soc_top.u_framebuffer_sram.memory.0.17.DIADI[15]
40889 RAMB36E1_PRIM u_soc_top.u_framebuffer_sram.memory.0.18.DIADI[15]
40890 RAMB36E1_PRIM u_soc_top.u_framebuffer_sram.memory.0.2.DIADI[15]
40891 RAMB36E1_PRIM u_soc_top.u_framebuffer_sram.memory.0.3.DIADI[15]
40892 RAMB36E1_PRIM u_soc_top.u_framebuffer_sram.memory.0.4.DIADI[15]
40893 RAMB36E1_PRIM u_soc_top.u_framebuffer_sram.memory.0.5.DIADI[15]
40894 RAMB36E1_PRIM u_soc_top.u_framebuffer_sram.memory.0.6.DIADI[15]
40895 RAMB36E1_PRIM u_soc_top.u_framebuffer_sram.memory.0.7.DIADI[15]
40896 RAMB36E1_PRIM u_soc_top.u_framebuffer_sram.memory.0.8.DIADI[15]
40897 RAMB36E1_PRIM u_soc_top.u_framebuffer_sram.memory.0.9.DIADI[15]
40898 RAMB36E1_PRIM u_soc_top.u_framebuffer_sram.memory.0.0.DIADI[16]
40899 RAMB36E1_PRIM u_soc_top.u_framebuffer_sram.memory.0.1.DIADI[16]
40900 RAMB36E1_PRIM u_soc_top.u_framebuffer_sram.memory.0.10.DIADI[16]
40901 RAMB36E1_PRIM u_soc_top.u_framebuffer_sram.memory.0.11.DIADI[16]
40902 RAMB36E1_PRIM u_soc_top.u_framebuffer_sram.memory.0.12.DIADI[16]
40903 RAMB36E1_PRIM u_soc_top.u_framebuffer_sram.memory.0.13.DIADI[16]
40904 RAMB36E1_PRIM u_soc_top.u_framebuffer_sram.memory.0.14.DIADI[16]
40905 RAMB36E1_PRIM u_soc_top.u_framebuffer_sram.memory.0.15.DIADI[16]
40906 RAMB36E1_PRIM u_soc_top.u_framebuffer_sram.memory.0.16.DIADI[16]
40907 RAMB36E1_PRIM u_soc_top.u_framebuffer_sram.memory.0.17.DIADI[16]
40908 RAMB36E1_PRIM u_soc_top.u_framebuffer_sram.memory.0.18.DIADI[16]
40909 RAMB36E1_PRIM u_soc_top.u_framebuffer_sram.memory.0.2.DIADI[16]
40910 RAMB36E1_PRIM u_soc_top.u_framebuffer_sram.memory.0.3.DIADI[16]
40911 RAMB36E1_PRIM u_soc_top.u_framebuffer_sram.memory.0.4.DIADI[16]
40912 RAMB36E1_PRIM u_soc_top.u_framebuffer_sram.memory.0.5.DIADI[16]
40913 RAMB36E1_PRIM u_soc_top.u_framebuffer_sram.memory.0.6.DIADI[16]
40914 RAMB36E1_PRIM u_soc_top.u_framebuffer_sram.memory.0.7.DIADI[16]
40915 RAMB36E1_PRIM u_soc_top.u_framebuffer_sram.memory.0.8.DIADI[16]
40916 RAMB36E1_PRIM u_soc_top.u_framebuffer_sram.memory.0.9.DIADI[16]
40917 RAMB36E1_PRIM u_soc_top.u_framebuffer_sram.memory.0.0.DIADI[17]
40918 RAMB36E1_PRIM u_soc_top.u_framebuffer_sram.memory.0.1.DIADI[17]
40919 RAMB36E1_PRIM u_soc_top.u_framebuffer_sram.memory.0.10.DIADI[17]
40920 RAMB36E1_PRIM u_soc_top.u_framebuffer_sram.memory.0.11.DIADI[17]
40921 RAMB36E1_PRIM u_soc_top.u_framebuffer_sram.memory.0.12.DIADI[17]
40922 RAMB36E1_PRIM u_soc_top.u_framebuffer_sram.memory.0.13.DIADI[17]
40923 RAMB36E1_PRIM u_soc_top.u_framebuffer_sram.memory.0.14.DIADI[17]
40924 RAMB36E1_PRIM u_soc_top.u_framebuffer_sram.memory.0.15.DIADI[17]
40925 RAMB36E1_PRIM u_soc_top.u_framebuffer_sram.memory.0.16.DIADI[17]
40926 RAMB36E1_PRIM u_soc_top.u_framebuffer_sram.memory.0.17.DIADI[17]
40927 RAMB36E1_PRIM u_soc_top.u_framebuffer_sram.memory.0.18.DIADI[17]
40928 RAMB36E1_PRIM u_soc_top.u_framebuffer_sram.memory.0.2.DIADI[17]
40929 RAMB36E1_PRIM u_soc_top.u_framebuffer_sram.memory.0.3.DIADI[17]
40930 RAMB36E1_PRIM u_soc_top.u_framebuffer_sram.memory.0.4.DIADI[17]
40931 RAMB36E1_PRIM u_soc_top.u_framebuffer_sram.memory.0.5.DIADI[17]
40932 RAMB36E1_PRIM u_soc_top.u_framebuffer_sram.memory.0.6.DIADI[17]
40933 RAMB36E1_PRIM u_soc_top.u_framebuffer_sram.memory.0.7.DIADI[17]
40934 RAMB36E1_PRIM u_soc_top.u_framebuffer_sram.memory.0.8.DIADI[17]
40935 RAMB36E1_PRIM u_soc_top.u_framebuffer_sram.memory.0.9.DIADI[17]
40936 RAMB36E1_PRIM u_soc_top.u_framebuffer_sram.memory.0.0.DIADI[18]
40937 RAMB36E1_PRIM u_soc_top.u_framebuffer_sram.memory.0.1.DIADI[18]
40938 RAMB36E1_PRIM u_soc_top.u_framebuffer_sram.memory.0.10.DIADI[18]
40939 RAMB36E1_PRIM u_soc_top.u_framebuffer_sram.memory.0.11.DIADI[18]
40940 RAMB36E1_PRIM u_soc_top.u_framebuffer_sram.memory.0.12.DIADI[18]
40941 RAMB36E1_PRIM u_soc_top.u_framebuffer_sram.memory.0.13.DIADI[18]
40942 RAMB36E1_PRIM u_soc_top.u_framebuffer_sram.memory.0.14.DIADI[18]
40943 RAMB36E1_PRIM u_soc_top.u_framebuffer_sram.memory.0.15.DIADI[18]
40944 RAMB36E1_PRIM u_soc_top.u_framebuffer_sram.memory.0.16.DIADI[18]
40945 RAMB36E1_PRIM u_soc_top.u_framebuffer_sram.memory.0.17.DIADI[18]
40946 RAMB36E1_PRIM u_soc_top.u_framebuffer_sram.memory.0.18.DIADI[18]
40947 RAMB36E1_PRIM u_soc_top.u_framebuffer_sram.memory.0.2.DIADI[18]
40948 RAMB36E1_PRIM u_soc_top.u_framebuffer_sram.memory.0.3.DIADI[18]
40949 RAMB36E1_PRIM u_soc_top.u_framebuffer_sram.memory.0.4.DIADI[18]
40950 RAMB36E1_PRIM u_soc_top.u_framebuffer_sram.memory.0.5.DIADI[18]
40951 RAMB36E1_PRIM u_soc_top.u_framebuffer_sram.memory.0.6.DIADI[18]
40952 RAMB36E1_PRIM u_soc_top.u_framebuffer_sram.memory.0.7.DIADI[18]
40953 RAMB36E1_PRIM u_soc_top.u_framebuffer_sram.memory.0.8.DIADI[18]
40954 RAMB36E1_PRIM u_soc_top.u_framebuffer_sram.memory.0.9.DIADI[18]
40955 RAMB36E1_PRIM u_soc_top.u_framebuffer_sram.memory.0.0.DIADI[19]
40956 RAMB36E1_PRIM u_soc_top.u_framebuffer_sram.memory.0.1.DIADI[19]
40957 RAMB36E1_PRIM u_soc_top.u_framebuffer_sram.memory.0.10.DIADI[19]
40958 RAMB36E1_PRIM u_soc_top.u_framebuffer_sram.memory.0.11.DIADI[19]
40959 RAMB36E1_PRIM u_soc_top.u_framebuffer_sram.memory.0.12.DIADI[19]
40960 RAMB36E1_PRIM u_soc_top.u_framebuffer_sram.memory.0.13.DIADI[19]
40961 RAMB36E1_PRIM u_soc_top.u_framebuffer_sram.memory.0.14.DIADI[19]
40962 RAMB36E1_PRIM u_soc_top.u_framebuffer_sram.memory.0.15.DIADI[19]
40963 RAMB36E1_PRIM u_soc_top.u_framebuffer_sram.memory.0.16.DIADI[19]
40964 RAMB36E1_PRIM u_soc_top.u_framebuffer_sram.memory.0.17.DIADI[19]
40965 RAMB36E1_PRIM u_soc_top.u_framebuffer_sram.memory.0.18.DIADI[19]
40966 RAMB36E1_PRIM u_soc_top.u_framebuffer_sram.memory.0.2.DIADI[19]
40967 RAMB36E1_PRIM u_soc_top.u_framebuffer_sram.memory.0.3.DIADI[19]
40968 RAMB36E1_PRIM u_soc_top.u_framebuffer_sram.memory.0.4.DIADI[19]
40969 RAMB36E1_PRIM u_soc_top.u_framebuffer_sram.memory.0.5.DIADI[19]
40970 RAMB36E1_PRIM u_soc_top.u_framebuffer_sram.memory.0.6.DIADI[19]
40971 RAMB36E1_PRIM u_soc_top.u_framebuffer_sram.memory.0.7.DIADI[19]
40972 RAMB36E1_PRIM u_soc_top.u_framebuffer_sram.memory.0.8.DIADI[19]
40973 RAMB36E1_PRIM u_soc_top.u_framebuffer_sram.memory.0.9.DIADI[19]
40974 RAMB36E1_PRIM u_soc_top.u_framebuffer_sram.memory.0.0.DIADI[20]
40975 RAMB36E1_PRIM u_soc_top.u_framebuffer_sram.memory.0.1.DIADI[20]
40976 RAMB36E1_PRIM u_soc_top.u_framebuffer_sram.memory.0.10.DIADI[20]
40977 RAMB36E1_PRIM u_soc_top.u_framebuffer_sram.memory.0.11.DIADI[20]
40978 RAMB36E1_PRIM u_soc_top.u_framebuffer_sram.memory.0.12.DIADI[20]
40979 RAMB36E1_PRIM u_soc_top.u_framebuffer_sram.memory.0.13.DIADI[20]
40980 RAMB36E1_PRIM u_soc_top.u_framebuffer_sram.memory.0.14.DIADI[20]
40981 RAMB36E1_PRIM u_soc_top.u_framebuffer_sram.memory.0.15.DIADI[20]
40982 RAMB36E1_PRIM u_soc_top.u_framebuffer_sram.memory.0.16.DIADI[20]
40983 RAMB36E1_PRIM u_soc_top.u_framebuffer_sram.memory.0.17.DIADI[20]
40984 RAMB36E1_PRIM u_soc_top.u_framebuffer_sram.memory.0.18.DIADI[20]
40985 RAMB36E1_PRIM u_soc_top.u_framebuffer_sram.memory.0.2.DIADI[20]
40986 RAMB36E1_PRIM u_soc_top.u_framebuffer_sram.memory.0.3.DIADI[20]
40987 RAMB36E1_PRIM u_soc_top.u_framebuffer_sram.memory.0.4.DIADI[20]
40988 RAMB36E1_PRIM u_soc_top.u_framebuffer_sram.memory.0.5.DIADI[20]
40989 RAMB36E1_PRIM u_soc_top.u_framebuffer_sram.memory.0.6.DIADI[20]
40990 RAMB36E1_PRIM u_soc_top.u_framebuffer_sram.memory.0.7.DIADI[20]
40991 RAMB36E1_PRIM u_soc_top.u_framebuffer_sram.memory.0.8.DIADI[20]
40992 RAMB36E1_PRIM u_soc_top.u_framebuffer_sram.memory.0.9.DIADI[20]
40993 RAMB36E1_PRIM u_soc_top.u_framebuffer_sram.memory.0.0.DIADI[21]
40994 RAMB36E1_PRIM u_soc_top.u_framebuffer_sram.memory.0.1.DIADI[21]
40995 RAMB36E1_PRIM u_soc_top.u_framebuffer_sram.memory.0.10.DIADI[21]
40996 RAMB36E1_PRIM u_soc_top.u_framebuffer_sram.memory.0.11.DIADI[21]
40997 RAMB36E1_PRIM u_soc_top.u_framebuffer_sram.memory.0.12.DIADI[21]
40998 RAMB36E1_PRIM u_soc_top.u_framebuffer_sram.memory.0.13.DIADI[21]
40999 RAMB36E1_PRIM u_soc_top.u_framebuffer_sram.memory.0.14.DIADI[21]
41000 RAMB36E1_PRIM u_soc_top.u_framebuffer_sram.memory.0.15.DIADI[21]
41001 RAMB36E1_PRIM u_soc_top.u_framebuffer_sram.memory.0.16.DIADI[21]
41002 RAMB36E1_PRIM u_soc_top.u_framebuffer_sram.memory.0.17.DIADI[21]
41003 RAMB36E1_PRIM u_soc_top.u_framebuffer_sram.memory.0.18.DIADI[21]
41004 RAMB36E1_PRIM u_soc_top.u_framebuffer_sram.memory.0.2.DIADI[21]
41005 RAMB36E1_PRIM u_soc_top.u_framebuffer_sram.memory.0.3.DIADI[21]
41006 RAMB36E1_PRIM u_soc_top.u_framebuffer_sram.memory.0.4.DIADI[21]
41007 RAMB36E1_PRIM u_soc_top.u_framebuffer_sram.memory.0.5.DIADI[21]
41008 RAMB36E1_PRIM u_soc_top.u_framebuffer_sram.memory.0.6.DIADI[21]
41009 RAMB36E1_PRIM u_soc_top.u_framebuffer_sram.memory.0.7.DIADI[21]
41010 RAMB36E1_PRIM u_soc_top.u_framebuffer_sram.memory.0.8.DIADI[21]
41011 RAMB36E1_PRIM u_soc_top.u_framebuffer_sram.memory.0.9.DIADI[21]
41012 RAMB36E1_PRIM u_soc_top.u_framebuffer_sram.memory.0.0.DIADI[22]
41013 RAMB36E1_PRIM u_soc_top.u_framebuffer_sram.memory.0.1.DIADI[22]
41014 RAMB36E1_PRIM u_soc_top.u_framebuffer_sram.memory.0.10.DIADI[22]
41015 RAMB36E1_PRIM u_soc_top.u_framebuffer_sram.memory.0.11.DIADI[22]
41016 RAMB36E1_PRIM u_soc_top.u_framebuffer_sram.memory.0.12.DIADI[22]
41017 RAMB36E1_PRIM u_soc_top.u_framebuffer_sram.memory.0.13.DIADI[22]
41018 RAMB36E1_PRIM u_soc_top.u_framebuffer_sram.memory.0.14.DIADI[22]
41019 RAMB36E1_PRIM u_soc_top.u_framebuffer_sram.memory.0.15.DIADI[22]
41020 RAMB36E1_PRIM u_soc_top.u_framebuffer_sram.memory.0.16.DIADI[22]
41021 RAMB36E1_PRIM u_soc_top.u_framebuffer_sram.memory.0.17.DIADI[22]
41022 RAMB36E1_PRIM u_soc_top.u_framebuffer_sram.memory.0.18.DIADI[22]
41023 RAMB36E1_PRIM u_soc_top.u_framebuffer_sram.memory.0.2.DIADI[22]
41024 RAMB36E1_PRIM u_soc_top.u_framebuffer_sram.memory.0.3.DIADI[22]
41025 RAMB36E1_PRIM u_soc_top.u_framebuffer_sram.memory.0.4.DIADI[22]
41026 RAMB36E1_PRIM u_soc_top.u_framebuffer_sram.memory.0.5.DIADI[22]
41027 RAMB36E1_PRIM u_soc_top.u_framebuffer_sram.memory.0.6.DIADI[22]
41028 RAMB36E1_PRIM u_soc_top.u_framebuffer_sram.memory.0.7.DIADI[22]
41029 RAMB36E1_PRIM u_soc_top.u_framebuffer_sram.memory.0.8.DIADI[22]
41030 RAMB36E1_PRIM u_soc_top.u_framebuffer_sram.memory.0.9.DIADI[22]
41031 RAMB36E1_PRIM u_soc_top.u_framebuffer_sram.memory.0.0.DIADI[23]
41032 RAMB36E1_PRIM u_soc_top.u_framebuffer_sram.memory.0.1.DIADI[23]
41033 RAMB36E1_PRIM u_soc_top.u_framebuffer_sram.memory.0.10.DIADI[23]
41034 RAMB36E1_PRIM u_soc_top.u_framebuffer_sram.memory.0.11.DIADI[23]
41035 RAMB36E1_PRIM u_soc_top.u_framebuffer_sram.memory.0.12.DIADI[23]
41036 RAMB36E1_PRIM u_soc_top.u_framebuffer_sram.memory.0.13.DIADI[23]
41037 RAMB36E1_PRIM u_soc_top.u_framebuffer_sram.memory.0.14.DIADI[23]
41038 RAMB36E1_PRIM u_soc_top.u_framebuffer_sram.memory.0.15.DIADI[23]
41039 RAMB36E1_PRIM u_soc_top.u_framebuffer_sram.memory.0.16.DIADI[23]
41040 RAMB36E1_PRIM u_soc_top.u_framebuffer_sram.memory.0.17.DIADI[23]
41041 RAMB36E1_PRIM u_soc_top.u_framebuffer_sram.memory.0.18.DIADI[23]
41042 RAMB36E1_PRIM u_soc_top.u_framebuffer_sram.memory.0.2.DIADI[23]
41043 RAMB36E1_PRIM u_soc_top.u_framebuffer_sram.memory.0.3.DIADI[23]
41044 RAMB36E1_PRIM u_soc_top.u_framebuffer_sram.memory.0.4.DIADI[23]
41045 RAMB36E1_PRIM u_soc_top.u_framebuffer_sram.memory.0.5.DIADI[23]
41046 RAMB36E1_PRIM u_soc_top.u_framebuffer_sram.memory.0.6.DIADI[23]
41047 RAMB36E1_PRIM u_soc_top.u_framebuffer_sram.memory.0.7.DIADI[23]
41048 RAMB36E1_PRIM u_soc_top.u_framebuffer_sram.memory.0.8.DIADI[23]
41049 RAMB36E1_PRIM u_soc_top.u_framebuffer_sram.memory.0.9.DIADI[23]
41050 RAMB36E1_PRIM u_soc_top.u_framebuffer_sram.memory.0.0.DIADI[24]
41051 RAMB36E1_PRIM u_soc_top.u_framebuffer_sram.memory.0.1.DIADI[24]
41052 RAMB36E1_PRIM u_soc_top.u_framebuffer_sram.memory.0.10.DIADI[24]
41053 RAMB36E1_PRIM u_soc_top.u_framebuffer_sram.memory.0.11.DIADI[24]
41054 RAMB36E1_PRIM u_soc_top.u_framebuffer_sram.memory.0.12.DIADI[24]
41055 RAMB36E1_PRIM u_soc_top.u_framebuffer_sram.memory.0.13.DIADI[24]
41056 RAMB36E1_PRIM u_soc_top.u_framebuffer_sram.memory.0.14.DIADI[24]
41057 RAMB36E1_PRIM u_soc_top.u_framebuffer_sram.memory.0.15.DIADI[24]
41058 RAMB36E1_PRIM u_soc_top.u_framebuffer_sram.memory.0.16.DIADI[24]
41059 RAMB36E1_PRIM u_soc_top.u_framebuffer_sram.memory.0.17.DIADI[24]
41060 RAMB36E1_PRIM u_soc_top.u_framebuffer_sram.memory.0.18.DIADI[24]
41061 RAMB36E1_PRIM u_soc_top.u_framebuffer_sram.memory.0.2.DIADI[24]
41062 RAMB36E1_PRIM u_soc_top.u_framebuffer_sram.memory.0.3.DIADI[24]
41063 RAMB36E1_PRIM u_soc_top.u_framebuffer_sram.memory.0.4.DIADI[24]
41064 RAMB36E1_PRIM u_soc_top.u_framebuffer_sram.memory.0.5.DIADI[24]
41065 RAMB36E1_PRIM u_soc_top.u_framebuffer_sram.memory.0.6.DIADI[24]
41066 RAMB36E1_PRIM u_soc_top.u_framebuffer_sram.memory.0.7.DIADI[24]
41067 RAMB36E1_PRIM u_soc_top.u_framebuffer_sram.memory.0.8.DIADI[24]
41068 RAMB36E1_PRIM u_soc_top.u_framebuffer_sram.memory.0.9.DIADI[24]
41069 RAMB36E1_PRIM u_soc_top.u_framebuffer_sram.memory.0.0.DIADI[25]
41070 RAMB36E1_PRIM u_soc_top.u_framebuffer_sram.memory.0.1.DIADI[25]
41071 RAMB36E1_PRIM u_soc_top.u_framebuffer_sram.memory.0.10.DIADI[25]
41072 RAMB36E1_PRIM u_soc_top.u_framebuffer_sram.memory.0.11.DIADI[25]
41073 RAMB36E1_PRIM u_soc_top.u_framebuffer_sram.memory.0.12.DIADI[25]
41074 RAMB36E1_PRIM u_soc_top.u_framebuffer_sram.memory.0.13.DIADI[25]
41075 RAMB36E1_PRIM u_soc_top.u_framebuffer_sram.memory.0.14.DIADI[25]
41076 RAMB36E1_PRIM u_soc_top.u_framebuffer_sram.memory.0.15.DIADI[25]
41077 RAMB36E1_PRIM u_soc_top.u_framebuffer_sram.memory.0.16.DIADI[25]
41078 RAMB36E1_PRIM u_soc_top.u_framebuffer_sram.memory.0.17.DIADI[25]
41079 RAMB36E1_PRIM u_soc_top.u_framebuffer_sram.memory.0.18.DIADI[25]
41080 RAMB36E1_PRIM u_soc_top.u_framebuffer_sram.memory.0.2.DIADI[25]
41081 RAMB36E1_PRIM u_soc_top.u_framebuffer_sram.memory.0.3.DIADI[25]
41082 RAMB36E1_PRIM u_soc_top.u_framebuffer_sram.memory.0.4.DIADI[25]
41083 RAMB36E1_PRIM u_soc_top.u_framebuffer_sram.memory.0.5.DIADI[25]
41084 RAMB36E1_PRIM u_soc_top.u_framebuffer_sram.memory.0.6.DIADI[25]
41085 RAMB36E1_PRIM u_soc_top.u_framebuffer_sram.memory.0.7.DIADI[25]
41086 RAMB36E1_PRIM u_soc_top.u_framebuffer_sram.memory.0.8.DIADI[25]
41087 RAMB36E1_PRIM u_soc_top.u_framebuffer_sram.memory.0.9.DIADI[25]
41088 RAMB36E1_PRIM u_soc_top.u_framebuffer_sram.memory.0.0.DIADI[26]
41089 RAMB36E1_PRIM u_soc_top.u_framebuffer_sram.memory.0.1.DIADI[26]
41090 RAMB36E1_PRIM u_soc_top.u_framebuffer_sram.memory.0.10.DIADI[26]
41091 RAMB36E1_PRIM u_soc_top.u_framebuffer_sram.memory.0.11.DIADI[26]
41092 RAMB36E1_PRIM u_soc_top.u_framebuffer_sram.memory.0.12.DIADI[26]
41093 RAMB36E1_PRIM u_soc_top.u_framebuffer_sram.memory.0.13.DIADI[26]
41094 RAMB36E1_PRIM u_soc_top.u_framebuffer_sram.memory.0.14.DIADI[26]
41095 RAMB36E1_PRIM u_soc_top.u_framebuffer_sram.memory.0.15.DIADI[26]
41096 RAMB36E1_PRIM u_soc_top.u_framebuffer_sram.memory.0.16.DIADI[26]
41097 RAMB36E1_PRIM u_soc_top.u_framebuffer_sram.memory.0.17.DIADI[26]
41098 RAMB36E1_PRIM u_soc_top.u_framebuffer_sram.memory.0.18.DIADI[26]
41099 RAMB36E1_PRIM u_soc_top.u_framebuffer_sram.memory.0.2.DIADI[26]
41100 RAMB36E1_PRIM u_soc_top.u_framebuffer_sram.memory.0.3.DIADI[26]
41101 RAMB36E1_PRIM u_soc_top.u_framebuffer_sram.memory.0.4.DIADI[26]
41102 RAMB36E1_PRIM u_soc_top.u_framebuffer_sram.memory.0.5.DIADI[26]
41103 RAMB36E1_PRIM u_soc_top.u_framebuffer_sram.memory.0.6.DIADI[26]
41104 RAMB36E1_PRIM u_soc_top.u_framebuffer_sram.memory.0.7.DIADI[26]
41105 RAMB36E1_PRIM u_soc_top.u_framebuffer_sram.memory.0.8.DIADI[26]
41106 RAMB36E1_PRIM u_soc_top.u_framebuffer_sram.memory.0.9.DIADI[26]
41107 RAMB36E1_PRIM u_soc_top.u_framebuffer_sram.memory.0.0.DIADI[27]
41108 RAMB36E1_PRIM u_soc_top.u_framebuffer_sram.memory.0.1.DIADI[27]
41109 RAMB36E1_PRIM u_soc_top.u_framebuffer_sram.memory.0.10.DIADI[27]
41110 RAMB36E1_PRIM u_soc_top.u_framebuffer_sram.memory.0.11.DIADI[27]
41111 RAMB36E1_PRIM u_soc_top.u_framebuffer_sram.memory.0.12.DIADI[27]
41112 RAMB36E1_PRIM u_soc_top.u_framebuffer_sram.memory.0.13.DIADI[27]
41113 RAMB36E1_PRIM u_soc_top.u_framebuffer_sram.memory.0.14.DIADI[27]
41114 RAMB36E1_PRIM u_soc_top.u_framebuffer_sram.memory.0.15.DIADI[27]
41115 RAMB36E1_PRIM u_soc_top.u_framebuffer_sram.memory.0.16.DIADI[27]
41116 RAMB36E1_PRIM u_soc_top.u_framebuffer_sram.memory.0.17.DIADI[27]
41117 RAMB36E1_PRIM u_soc_top.u_framebuffer_sram.memory.0.18.DIADI[27]
41118 RAMB36E1_PRIM u_soc_top.u_framebuffer_sram.memory.0.2.DIADI[27]
41119 RAMB36E1_PRIM u_soc_top.u_framebuffer_sram.memory.0.3.DIADI[27]
41120 RAMB36E1_PRIM u_soc_top.u_framebuffer_sram.memory.0.4.DIADI[27]
41121 RAMB36E1_PRIM u_soc_top.u_framebuffer_sram.memory.0.5.DIADI[27]
41122 RAMB36E1_PRIM u_soc_top.u_framebuffer_sram.memory.0.6.DIADI[27]
41123 RAMB36E1_PRIM u_soc_top.u_framebuffer_sram.memory.0.7.DIADI[27]
41124 RAMB36E1_PRIM u_soc_top.u_framebuffer_sram.memory.0.8.DIADI[27]
41125 RAMB36E1_PRIM u_soc_top.u_framebuffer_sram.memory.0.9.DIADI[27]
41126 RAMB36E1_PRIM u_soc_top.u_framebuffer_sram.memory.0.0.DIADI[28]
41127 RAMB36E1_PRIM u_soc_top.u_framebuffer_sram.memory.0.1.DIADI[28]
41128 RAMB36E1_PRIM u_soc_top.u_framebuffer_sram.memory.0.10.DIADI[28]
41129 RAMB36E1_PRIM u_soc_top.u_framebuffer_sram.memory.0.11.DIADI[28]
41130 RAMB36E1_PRIM u_soc_top.u_framebuffer_sram.memory.0.12.DIADI[28]
41131 RAMB36E1_PRIM u_soc_top.u_framebuffer_sram.memory.0.13.DIADI[28]
41132 RAMB36E1_PRIM u_soc_top.u_framebuffer_sram.memory.0.14.DIADI[28]
41133 RAMB36E1_PRIM u_soc_top.u_framebuffer_sram.memory.0.15.DIADI[28]
41134 RAMB36E1_PRIM u_soc_top.u_framebuffer_sram.memory.0.16.DIADI[28]
41135 RAMB36E1_PRIM u_soc_top.u_framebuffer_sram.memory.0.17.DIADI[28]
41136 RAMB36E1_PRIM u_soc_top.u_framebuffer_sram.memory.0.18.DIADI[28]
41137 RAMB36E1_PRIM u_soc_top.u_framebuffer_sram.memory.0.2.DIADI[28]
41138 RAMB36E1_PRIM u_soc_top.u_framebuffer_sram.memory.0.3.DIADI[28]
41139 RAMB36E1_PRIM u_soc_top.u_framebuffer_sram.memory.0.4.DIADI[28]
41140 RAMB36E1_PRIM u_soc_top.u_framebuffer_sram.memory.0.5.DIADI[28]
41141 RAMB36E1_PRIM u_soc_top.u_framebuffer_sram.memory.0.6.DIADI[28]
41142 RAMB36E1_PRIM u_soc_top.u_framebuffer_sram.memory.0.7.DIADI[28]
41143 RAMB36E1_PRIM u_soc_top.u_framebuffer_sram.memory.0.8.DIADI[28]
41144 RAMB36E1_PRIM u_soc_top.u_framebuffer_sram.memory.0.9.DIADI[28]
41145 RAMB36E1_PRIM u_soc_top.u_framebuffer_sram.memory.0.0.DIADI[29]
41146 RAMB36E1_PRIM u_soc_top.u_framebuffer_sram.memory.0.1.DIADI[29]
41147 RAMB36E1_PRIM u_soc_top.u_framebuffer_sram.memory.0.10.DIADI[29]
41148 RAMB36E1_PRIM u_soc_top.u_framebuffer_sram.memory.0.11.DIADI[29]
41149 RAMB36E1_PRIM u_soc_top.u_framebuffer_sram.memory.0.12.DIADI[29]
41150 RAMB36E1_PRIM u_soc_top.u_framebuffer_sram.memory.0.13.DIADI[29]
41151 RAMB36E1_PRIM u_soc_top.u_framebuffer_sram.memory.0.14.DIADI[29]
41152 RAMB36E1_PRIM u_soc_top.u_framebuffer_sram.memory.0.15.DIADI[29]
41153 RAMB36E1_PRIM u_soc_top.u_framebuffer_sram.memory.0.16.DIADI[29]
41154 RAMB36E1_PRIM u_soc_top.u_framebuffer_sram.memory.0.17.DIADI[29]
41155 RAMB36E1_PRIM u_soc_top.u_framebuffer_sram.memory.0.18.DIADI[29]
41156 RAMB36E1_PRIM u_soc_top.u_framebuffer_sram.memory.0.2.DIADI[29]
41157 RAMB36E1_PRIM u_soc_top.u_framebuffer_sram.memory.0.3.DIADI[29]
41158 RAMB36E1_PRIM u_soc_top.u_framebuffer_sram.memory.0.4.DIADI[29]
41159 RAMB36E1_PRIM u_soc_top.u_framebuffer_sram.memory.0.5.DIADI[29]
41160 RAMB36E1_PRIM u_soc_top.u_framebuffer_sram.memory.0.6.DIADI[29]
41161 RAMB36E1_PRIM u_soc_top.u_framebuffer_sram.memory.0.7.DIADI[29]
41162 RAMB36E1_PRIM u_soc_top.u_framebuffer_sram.memory.0.8.DIADI[29]
41163 RAMB36E1_PRIM u_soc_top.u_framebuffer_sram.memory.0.9.DIADI[29]
41164 RAMB36E1_PRIM u_soc_top.u_framebuffer_sram.memory.0.0.DIADI[30]
41165 RAMB36E1_PRIM u_soc_top.u_framebuffer_sram.memory.0.1.DIADI[30]
41166 RAMB36E1_PRIM u_soc_top.u_framebuffer_sram.memory.0.10.DIADI[30]
41167 RAMB36E1_PRIM u_soc_top.u_framebuffer_sram.memory.0.11.DIADI[30]
41168 RAMB36E1_PRIM u_soc_top.u_framebuffer_sram.memory.0.12.DIADI[30]
41169 RAMB36E1_PRIM u_soc_top.u_framebuffer_sram.memory.0.13.DIADI[30]
41170 RAMB36E1_PRIM u_soc_top.u_framebuffer_sram.memory.0.14.DIADI[30]
41171 RAMB36E1_PRIM u_soc_top.u_framebuffer_sram.memory.0.15.DIADI[30]
41172 RAMB36E1_PRIM u_soc_top.u_framebuffer_sram.memory.0.16.DIADI[30]
41173 RAMB36E1_PRIM u_soc_top.u_framebuffer_sram.memory.0.17.DIADI[30]
41174 RAMB36E1_PRIM u_soc_top.u_framebuffer_sram.memory.0.18.DIADI[30]
41175 RAMB36E1_PRIM u_soc_top.u_framebuffer_sram.memory.0.2.DIADI[30]
41176 RAMB36E1_PRIM u_soc_top.u_framebuffer_sram.memory.0.3.DIADI[30]
41177 RAMB36E1_PRIM u_soc_top.u_framebuffer_sram.memory.0.4.DIADI[30]
41178 RAMB36E1_PRIM u_soc_top.u_framebuffer_sram.memory.0.5.DIADI[30]
41179 RAMB36E1_PRIM u_soc_top.u_framebuffer_sram.memory.0.6.DIADI[30]
41180 RAMB36E1_PRIM u_soc_top.u_framebuffer_sram.memory.0.7.DIADI[30]
41181 RAMB36E1_PRIM u_soc_top.u_framebuffer_sram.memory.0.8.DIADI[30]
41182 RAMB36E1_PRIM u_soc_top.u_framebuffer_sram.memory.0.9.DIADI[30]
41183 RAMB36E1_PRIM u_soc_top.u_framebuffer_sram.memory.0.0.DIADI[31]
41184 RAMB36E1_PRIM u_soc_top.u_framebuffer_sram.memory.0.1.DIADI[31]
41185 RAMB36E1_PRIM u_soc_top.u_framebuffer_sram.memory.0.10.DIADI[31]
41186 RAMB36E1_PRIM u_soc_top.u_framebuffer_sram.memory.0.11.DIADI[31]
41187 RAMB36E1_PRIM u_soc_top.u_framebuffer_sram.memory.0.12.DIADI[31]
41188 RAMB36E1_PRIM u_soc_top.u_framebuffer_sram.memory.0.13.DIADI[31]
41189 RAMB36E1_PRIM u_soc_top.u_framebuffer_sram.memory.0.14.DIADI[31]
41190 RAMB36E1_PRIM u_soc_top.u_framebuffer_sram.memory.0.15.DIADI[31]
41191 RAMB36E1_PRIM u_soc_top.u_framebuffer_sram.memory.0.16.DIADI[31]
41192 RAMB36E1_PRIM u_soc_top.u_framebuffer_sram.memory.0.17.DIADI[31]
41193 RAMB36E1_PRIM u_soc_top.u_framebuffer_sram.memory.0.18.DIADI[31]
41194 RAMB36E1_PRIM u_soc_top.u_framebuffer_sram.memory.0.2.DIADI[31]
41195 RAMB36E1_PRIM u_soc_top.u_framebuffer_sram.memory.0.3.DIADI[31]
41196 RAMB36E1_PRIM u_soc_top.u_framebuffer_sram.memory.0.4.DIADI[31]
41197 RAMB36E1_PRIM u_soc_top.u_framebuffer_sram.memory.0.5.DIADI[31]
41198 RAMB36E1_PRIM u_soc_top.u_framebuffer_sram.memory.0.6.DIADI[31]
41199 RAMB36E1_PRIM u_soc_top.u_framebuffer_sram.memory.0.7.DIADI[31]
41200 RAMB36E1_PRIM u_soc_top.u_framebuffer_sram.memory.0.8.DIADI[31]
41201 RAMB36E1_PRIM u_soc_top.u_framebuffer_sram.memory.0.9.DIADI[31]
41202 FDCE_ZINI $auto$ff.cc:266:slice$12285.CE[0]
41203 .output out:vga_b.outpad[0]
41204 .output out:vga_g.outpad[0]
41205 FDRE_ZINI $auto$ff.cc:266:slice$12307.D[0]
41206 FDRE_ZINI $auto$ff.cc:266:slice$12306.D[0]
41207 FDRE_ZINI $auto$ff.cc:266:slice$12305.D[0]
41208 FDRE_ZINI $auto$ff.cc:266:slice$12304.D[0]
41209 FDCE_ZINI $auto$ff.cc:266:slice$15266.D[0]
41210 FDCE_ZINI $auto$ff.cc:266:slice$15268.D[0]
41211 FDCE_ZINI $auto$ff.cc:266:slice$15271.D[0]
41212 FDCE_ZINI $auto$ff.cc:266:slice$15273.D[0]
41213 FDCE_ZINI $auto$ff.cc:266:slice$15274.D[0]
41214 FDCE_ZINI $auto$ff.cc:266:slice$15275.D[0]
41215 FDCE_ZINI $auto$ff.cc:266:slice$15276.D[0]
41216 FDCE_ZINI $auto$ff.cc:266:slice$15277.D[0]
41217 FDCE_ZINI $auto$ff.cc:266:slice$15278.D[0]
41218 FDCE_ZINI $auto$ff.cc:266:slice$15280.D[0]
41219 FDCE_ZINI $auto$ff.cc:266:slice$15281.D[0]
41220 FDCE_ZINI $auto$ff.cc:266:slice$15283.D[0]
41221 FDCE_ZINI $auto$ff.cc:266:slice$15267.D[0]
41222 FDCE_ZINI $auto$ff.cc:266:slice$15272.D[0]
41223 FDCE_ZINI $auto$ff.cc:266:slice$15282.D[0]
41224 FDCE_ZINI $auto$ff.cc:266:slice$15285.D[0]
41225 FDCE_ZINI $auto$ff.cc:266:slice$17356.CE[0]
41226 FDCE_ZINI $auto$ff.cc:266:slice$17357.CE[0]
41227 FDCE_ZINI $auto$ff.cc:266:slice$17358.CE[0]
41228 FDCE_ZINI $auto$ff.cc:266:slice$17359.CE[0]
41229 FDCE_ZINI $auto$ff.cc:266:slice$17360.CE[0]
41230 FDCE_ZINI $auto$ff.cc:266:slice$17361.CE[0]
41231 FDCE_ZINI $auto$ff.cc:266:slice$17362.CE[0]
41232 FDCE_ZINI $auto$ff.cc:266:slice$17363.CE[0]
41233 FDCE_ZINI $auto$ff.cc:266:slice$17364.CE[0]
41234 FDCE_ZINI $auto$ff.cc:266:slice$17365.CE[0]
41235 FDCE_ZINI $auto$ff.cc:266:slice$17366.CE[0]
41236 FDCE_ZINI $auto$ff.cc:266:slice$17367.CE[0]
41237 FDCE_ZINI $auto$ff.cc:266:slice$17368.CE[0]
41238 FDCE_ZINI $auto$ff.cc:266:slice$17369.CE[0]
41239 FDCE_ZINI $auto$ff.cc:266:slice$17370.CE[0]
41240 FDCE_ZINI $auto$ff.cc:266:slice$17371.CE[0]
41241 FDCE_ZINI $auto$ff.cc:266:slice$17372.CE[0]
41242 FDCE_ZINI $auto$ff.cc:266:slice$17373.CE[0]
41243 FDCE_ZINI $auto$ff.cc:266:slice$17374.CE[0]
41244 FDCE_ZINI $auto$ff.cc:266:slice$17375.CE[0]
41245 FDCE_ZINI $auto$ff.cc:266:slice$17376.CE[0]
41246 FDCE_ZINI $auto$ff.cc:266:slice$17377.CE[0]
41247 FDCE_ZINI $auto$ff.cc:266:slice$17378.CE[0]
41248 FDCE_ZINI $auto$ff.cc:266:slice$17379.CE[0]
41249 FDCE_ZINI $auto$ff.cc:266:slice$17380.CE[0]
41250 FDCE_ZINI $auto$ff.cc:266:slice$17381.CE[0]
41251 FDCE_ZINI $auto$ff.cc:266:slice$17382.CE[0]
41252 FDCE_ZINI $auto$ff.cc:266:slice$17383.CE[0]
41253 FDCE_ZINI $auto$ff.cc:266:slice$17384.CE[0]
41254 FDCE_ZINI $auto$ff.cc:266:slice$17385.CE[0]
41255 FDCE_ZINI $auto$ff.cc:266:slice$17386.CE[0]
41256 FDCE_ZINI $auto$ff.cc:266:slice$17387.CE[0]
41257 FDCE_ZINI $auto$ff.cc:266:slice$17389.CE[0]
41258 FDCE_ZINI $auto$ff.cc:266:slice$17390.CE[0]
41259 FDCE_ZINI $auto$ff.cc:266:slice$17391.CE[0]
41260 FDCE_ZINI $auto$ff.cc:266:slice$17392.CE[0]
41261 FDCE_ZINI $auto$ff.cc:266:slice$17393.CE[0]
41262 FDCE_ZINI $auto$ff.cc:266:slice$17394.CE[0]
41263 FDCE_ZINI $auto$ff.cc:266:slice$17395.CE[0]
41264 FDCE_ZINI $auto$ff.cc:266:slice$17396.CE[0]
41265 FDCE_ZINI $auto$ff.cc:266:slice$17397.CE[0]
41266 FDCE_ZINI $auto$ff.cc:266:slice$17398.CE[0]
41267 FDCE_ZINI $auto$ff.cc:266:slice$17399.CE[0]
41268 FDCE_ZINI $auto$ff.cc:266:slice$17400.CE[0]
41269 FDCE_ZINI $auto$ff.cc:266:slice$17401.CE[0]
41270 FDCE_ZINI $auto$ff.cc:266:slice$17402.CE[0]
41271 FDCE_ZINI $auto$ff.cc:266:slice$17403.CE[0]
41272 FDCE_ZINI $auto$ff.cc:266:slice$17404.CE[0]
41273 FDCE_ZINI $auto$ff.cc:266:slice$17405.CE[0]
41274 FDCE_ZINI $auto$ff.cc:266:slice$17406.CE[0]
41275 FDCE_ZINI $auto$ff.cc:266:slice$17407.CE[0]
41276 FDCE_ZINI $auto$ff.cc:266:slice$17408.CE[0]
41277 FDCE_ZINI $auto$ff.cc:266:slice$17409.CE[0]
41278 FDCE_ZINI $auto$ff.cc:266:slice$17410.CE[0]
41279 FDCE_ZINI $auto$ff.cc:266:slice$17411.CE[0]
41280 FDCE_ZINI $auto$ff.cc:266:slice$17412.CE[0]
41281 FDCE_ZINI $auto$ff.cc:266:slice$17413.CE[0]
41282 FDCE_ZINI $auto$ff.cc:266:slice$17414.CE[0]
41283 FDCE_ZINI $auto$ff.cc:266:slice$17415.CE[0]
41284 FDCE_ZINI $auto$ff.cc:266:slice$17416.CE[0]
41285 FDCE_ZINI $auto$ff.cc:266:slice$17417.CE[0]
41286 FDCE_ZINI $auto$ff.cc:266:slice$17418.CE[0]
41287 FDCE_ZINI $auto$ff.cc:266:slice$17419.CE[0]
41288 FDCE_ZINI $auto$ff.cc:266:slice$17420.CE[0]
41289 FDCE_ZINI $auto$ff.cc:266:slice$17421.CE[0]
41290 FDCE_ZINI $auto$ff.cc:266:slice$17458.D[0]
41291 .output out:vga_r.outpad[0]
41292 FDCE_ZINI $auto$ff.cc:266:slice$15279.D[0]
41293 FDCE_ZINI $auto$ff.cc:266:slice$15269.D[0]
41294 FDCE_ZINI $auto$ff.cc:266:slice$15270.D[0]
41295 FDCE_ZINI $auto$ff.cc:266:slice$15287.D[0]
41296 FDCE_ZINI $auto$ff.cc:266:slice$13943.D[0]
41297 FDCE_ZINI $auto$ff.cc:266:slice$13942.D[0]
41298 FDCE_ZINI $auto$ff.cc:266:slice$13941.D[0]
41299 FDCE_ZINI $auto$ff.cc:266:slice$13940.D[0]
41300 FDRE_ZINI $auto$ff.cc:266:slice$13395.D[0]
41301 FDRE_ZINI $auto$ff.cc:266:slice$13394.D[0]
41302 FDRE_ZINI $auto$ff.cc:266:slice$13393.D[0]
41303 FDRE_ZINI $auto$ff.cc:266:slice$13392.D[0]
41304 FDCE_ZINI $auto$ff.cc:266:slice$15254.D[0]
41305 FDCE_ZINI $auto$ff.cc:266:slice$15253.D[0]
41306 FDCE_ZINI $auto$ff.cc:266:slice$15252.D[0]
41307 FDCE_ZINI $auto$ff.cc:266:slice$15251.D[0]
41308 FDCE_ZINI $auto$ff.cc:266:slice$15284.D[0]
41309 FDCE_ZINI $auto$ff.cc:266:slice$15286.D[0]
41310 FDCE_ZINI $auto$ff.cc:266:slice$16680.D[0]
41311 FDCE_ZINI $auto$ff.cc:266:slice$16681.D[0]
41312 FDCE_ZINI $auto$ff.cc:266:slice$16682.D[0]
41313 FDCE_ZINI $auto$ff.cc:266:slice$16683.D[0]
41314 FDCE_ZINI $auto$ff.cc:266:slice$16684.D[0]
41315 FDCE_ZINI $auto$ff.cc:266:slice$16685.D[0]
41316 FDCE_ZINI $auto$ff.cc:266:slice$16686.D[0]
41317 FDCE_ZINI $auto$ff.cc:266:slice$16687.D[0]
41318 FDCE_ZINI $auto$ff.cc:266:slice$16688.D[0]
41319 FDCE_ZINI $auto$ff.cc:266:slice$16695.D[0]
41320 FDCE_ZINI $auto$ff.cc:266:slice$16708.D[0]
41321 FDCE_ZINI $auto$ff.cc:266:slice$16700.D[0]
41322 FDCE_ZINI $auto$ff.cc:266:slice$16699.D[0]
41323 FDCE_ZINI $auto$ff.cc:266:slice$16698.D[0]
41324 FDCE_ZINI $auto$ff.cc:266:slice$16697.D[0]
41325 FDCE_ZINI $auto$ff.cc:266:slice$16696.D[0]
41326 FDCE_ZINI $auto$ff.cc:266:slice$16693.D[0]
41327 FDCE_ZINI $auto$ff.cc:266:slice$16692.D[0]
41328 FDCE_ZINI $auto$ff.cc:266:slice$16691.D[0]
41329 FDCE_ZINI $auto$ff.cc:266:slice$16690.D[0]
41330 FDCE_ZINI $auto$ff.cc:266:slice$16701.D[0]
41331 FDCE_ZINI $auto$ff.cc:266:slice$16707.D[0]
41332 FDCE_ZINI $auto$ff.cc:266:slice$16709.D[0]
41333 FDCE_ZINI $auto$ff.cc:266:slice$16689.D[0]
41334 FDCE_ZINI $auto$ff.cc:266:slice$16705.D[0]
41335 FDCE_ZINI $auto$ff.cc:266:slice$16710.D[0]
41336 FDCE_ZINI $auto$ff.cc:266:slice$16704.D[0]
41337 FDCE_ZINI $auto$ff.cc:266:slice$16679.D[0]
41338 FDCE_ZINI $auto$ff.cc:266:slice$16703.D[0]
41339 FDCE_ZINI $auto$ff.cc:266:slice$16702.D[0]
41340 FDCE_ZINI $auto$ff.cc:266:slice$16694.D[0]
41341 FDCE_ZINI $auto$ff.cc:266:slice$16706.D[0]
41342 FDCE_ZINI $auto$ff.cc:266:slice$15263.D[0]
41343 FDCE_ZINI $auto$ff.cc:266:slice$15264.D[0]
41344 FDCE_ZINI $auto$ff.cc:266:slice$15265.D[0]
41345 FDCE_ZINI $auto$ff.cc:266:slice$13635.CE[0]
41346 FDCE_ZINI $auto$ff.cc:266:slice$13636.CE[0]
41347 FDCE_ZINI $auto$ff.cc:266:slice$13637.CE[0]
41348 FDCE_ZINI $auto$ff.cc:266:slice$13638.CE[0]
41349 FDCE_ZINI $auto$ff.cc:266:slice$13639.CE[0]
41350 FDCE_ZINI $auto$ff.cc:266:slice$13640.CE[0]
41351 FDCE_ZINI $auto$ff.cc:266:slice$13641.CE[0]
41352 FDCE_ZINI $auto$ff.cc:266:slice$13642.CE[0]
41353 FDCE_ZINI $auto$ff.cc:266:slice$13650.CE[0]
41354 FDCE_ZINI $auto$ff.cc:266:slice$13651.CE[0]
41355 FDCE_ZINI $auto$ff.cc:266:slice$13652.CE[0]
41356 FDCE_ZINI $auto$ff.cc:266:slice$13653.CE[0]
41357 FDCE_ZINI $auto$ff.cc:266:slice$13654.CE[0]
41358 FDCE_ZINI $auto$ff.cc:266:slice$13655.CE[0]
41359 FDCE_ZINI $auto$ff.cc:266:slice$13656.CE[0]
41360 FDCE_ZINI $auto$ff.cc:266:slice$13657.CE[0]
41361 FDCE_ZINI $auto$ff.cc:266:slice$13665.CE[0]
41362 FDCE_ZINI $auto$ff.cc:266:slice$13666.CE[0]
41363 FDCE_ZINI $auto$ff.cc:266:slice$13667.CE[0]
41364 FDCE_ZINI $auto$ff.cc:266:slice$13668.CE[0]
41365 FDCE_ZINI $auto$ff.cc:266:slice$13669.CE[0]
41366 FDCE_ZINI $auto$ff.cc:266:slice$13670.CE[0]
41367 FDCE_ZINI $auto$ff.cc:266:slice$13671.CE[0]
41368 FDCE_ZINI $auto$ff.cc:266:slice$13672.CE[0]
41369 FDCE_ZINI $auto$ff.cc:266:slice$15309.CE[0]
41370 FDCE_ZINI $auto$ff.cc:266:slice$15310.CE[0]
41371 FDCE_ZINI $auto$ff.cc:266:slice$15311.CE[0]
41372 FDCE_ZINI $auto$ff.cc:266:slice$15312.CE[0]
41373 FDCE_ZINI $auto$ff.cc:266:slice$15313.CE[0]
41374 FDCE_ZINI $auto$ff.cc:266:slice$15314.CE[0]
41375 FDCE_ZINI $auto$ff.cc:266:slice$15315.CE[0]
41376 FDCE_ZINI $auto$ff.cc:266:slice$15316.CE[0]
41377 FDCE_ZINI $auto$ff.cc:266:slice$13085.CE[0]
41378 FDCE_ZINI $auto$ff.cc:266:slice$13086.CE[0]
41379 FDCE_ZINI $auto$ff.cc:266:slice$13087.CE[0]
41380 FDCE_ZINI $auto$ff.cc:266:slice$13088.CE[0]
41381 FDCE_ZINI $auto$ff.cc:266:slice$13089.CE[0]
41382 FDPE_ZINI $auto$ff.cc:266:slice$13090.CE[0]
41383 FDPE_ZINI $auto$ff.cc:266:slice$13091.CE[0]
41384 FDPE_ZINI $auto$ff.cc:266:slice$13092.CE[0]
41385 FDPE_ZINI $auto$ff.cc:266:slice$13691.CE[0]
41386 FDCE_ZINI $auto$ff.cc:266:slice$13692.CE[0]
41387 FDCE_ZINI $auto$ff.cc:266:slice$13693.CE[0]
41388 FDCE_ZINI $auto$ff.cc:266:slice$13694.CE[0]
41389 FDCE_ZINI $auto$ff.cc:266:slice$13695.CE[0]
41390 FDCE_ZINI $auto$ff.cc:266:slice$13696.CE[0]
41391 FDCE_ZINI $auto$ff.cc:266:slice$13697.CE[0]
41392 FDCE_ZINI $auto$ff.cc:266:slice$13698.CE[0]
41393 FDCE_ZINI $auto$ff.cc:266:slice$14905.CE[0]
41394 FDPE_ZINI $auto$ff.cc:266:slice$14906.CE[0]
41395 FDCE_ZINI $auto$ff.cc:266:slice$14907.CE[0]
41396 FDCE_ZINI $auto$ff.cc:266:slice$14908.CE[0]
41397 FDCE_ZINI $auto$ff.cc:266:slice$14909.CE[0]
41398 FDCE_ZINI $auto$ff.cc:266:slice$14910.CE[0]
41399 FDCE_ZINI $auto$ff.cc:266:slice$14911.CE[0]
41400 FDCE_ZINI $auto$ff.cc:266:slice$14912.CE[0]
41401 FDCE_ZINI $auto$ff.cc:266:slice$15317.CE[0]
41402 FDCE_ZINI $auto$ff.cc:266:slice$15318.CE[0]
41403 FDCE_ZINI $auto$ff.cc:266:slice$15319.CE[0]
41404 FDCE_ZINI $auto$ff.cc:266:slice$15320.CE[0]
41405 FDCE_ZINI $auto$ff.cc:266:slice$15321.CE[0]
41406 FDCE_ZINI $auto$ff.cc:266:slice$15322.CE[0]
41407 FDCE_ZINI $auto$ff.cc:266:slice$15323.CE[0]
41408 FDPE_ZINI $auto$ff.cc:266:slice$15324.CE[0]
41409 FDCE_ZINI $auto$ff.cc:266:slice$17217.D[0]
41410 FDCE_ZINI $auto$ff.cc:266:slice$17388.CE[0]
41411 FDCE_ZINI $auto$ff.cc:266:slice$17422.CE[0]
41412 FDCE_ZINI $auto$ff.cc:266:slice$24016.CE[0]
41413 FDRE_ZINI $auto$ff.cc:266:slice$12311.D[0]
41414 FDRE_ZINI $auto$ff.cc:266:slice$12310.D[0]
41415 FDRE_ZINI $auto$ff.cc:266:slice$12309.D[0]
41416 FDRE_ZINI $auto$ff.cc:266:slice$12308.D[0]
41417 FDCE_ZINI $auto$ff.cc:266:slice$15260.D[0]
41418 FDCE_ZINI $auto$ff.cc:266:slice$15261.D[0]
41419 FDCE_ZINI $auto$ff.cc:266:slice$13844.D[0]
41420 FDCE_ZINI $auto$ff.cc:266:slice$15257.D[0]
41421 FDCE_ZINI $auto$ff.cc:266:slice$15256.D[0]
41422 FDCE_ZINI $auto$ff.cc:266:slice$15258.D[0]
41423 FDCE_ZINI $auto$ff.cc:266:slice$12977.D[0]
41424 FDCE_ZINI $auto$ff.cc:266:slice$13099.D[0]
41425 FDCE_ZINI $auto$ff.cc:266:slice$13100.D[0]
41426 FDCE_ZINI $auto$ff.cc:266:slice$17146.D[0]
41427 FDCE_ZINI $auto$ff.cc:266:slice$17147.CE[0]
41428 FDCE_ZINI $auto$ff.cc:266:slice$17148.CE[0]
41429 FDCE_ZINI $auto$ff.cc:266:slice$17457.CE[0]
41430 FDCE_ZINI $auto$ff.cc:266:slice$17458.CE[0]
41431 FDCE_ZINI $auto$ff.cc:266:slice$17459.D[0]
41432 FDRE_ZINI $auto$ff.cc:266:slice$13396.D[0]
41433 FDCE_ZINI $auto$ff.cc:266:slice$15256.CE[0]
41434 FDCE_ZINI $auto$ff.cc:266:slice$15257.CE[0]
41435 FDCE_ZINI $auto$ff.cc:266:slice$15258.CE[0]
41436 FDCE_ZINI $auto$ff.cc:266:slice$15260.CE[0]
41437 FDCE_ZINI $auto$ff.cc:266:slice$15261.CE[0]
41438 FDCE_ZINI $auto$ff.cc:266:slice$15263.CE[0]
41439 FDCE_ZINI $auto$ff.cc:266:slice$15264.CE[0]
41440 FDCE_ZINI $auto$ff.cc:266:slice$15265.CE[0]
41441 FDCE_ZINI $auto$ff.cc:266:slice$15266.CE[0]
41442 FDCE_ZINI $auto$ff.cc:266:slice$15267.CE[0]
41443 FDCE_ZINI $auto$ff.cc:266:slice$15268.CE[0]
41444 FDCE_ZINI $auto$ff.cc:266:slice$15269.CE[0]
41445 FDCE_ZINI $auto$ff.cc:266:slice$15270.CE[0]
41446 FDCE_ZINI $auto$ff.cc:266:slice$15271.CE[0]
41447 FDCE_ZINI $auto$ff.cc:266:slice$15272.CE[0]
41448 FDCE_ZINI $auto$ff.cc:266:slice$15273.CE[0]
41449 FDCE_ZINI $auto$ff.cc:266:slice$15274.CE[0]
41450 FDCE_ZINI $auto$ff.cc:266:slice$15275.CE[0]
41451 FDCE_ZINI $auto$ff.cc:266:slice$15276.CE[0]
41452 FDCE_ZINI $auto$ff.cc:266:slice$15277.CE[0]
41453 FDCE_ZINI $auto$ff.cc:266:slice$15278.CE[0]
41454 FDCE_ZINI $auto$ff.cc:266:slice$15279.CE[0]
41455 FDCE_ZINI $auto$ff.cc:266:slice$15280.CE[0]
41456 FDCE_ZINI $auto$ff.cc:266:slice$15281.CE[0]
41457 FDCE_ZINI $auto$ff.cc:266:slice$15282.CE[0]
41458 FDCE_ZINI $auto$ff.cc:266:slice$15283.CE[0]
41459 FDCE_ZINI $auto$ff.cc:266:slice$15284.CE[0]
41460 FDCE_ZINI $auto$ff.cc:266:slice$15285.CE[0]
41461 FDCE_ZINI $auto$ff.cc:266:slice$15286.CE[0]
41462 FDCE_ZINI $auto$ff.cc:266:slice$15287.CE[0]
41463 FDCE_ZINI $auto$ff.cc:266:slice$13845.D[0]
41464 FDCE_ZINI $auto$ff.cc:266:slice$15288.CE[0]
41465 DPRAM64 u_soc_top.u_data_memory.memory.0.0.dram_a.WE[0]
41466 DPRAM64 u_soc_top.u_data_memory.memory.0.0.dram_b.WE[0]
41467 DPRAM64 u_soc_top.u_data_memory.memory.0.0.dram_c.WE[0]
41468 DPRAM64 u_soc_top.u_data_memory.memory.0.0.dram_d.WE[0]
41469 DPRAM64 u_soc_top.u_data_memory.memory.0.1.dram_a.WE[0]
41470 DPRAM64 u_soc_top.u_data_memory.memory.0.1.dram_b.WE[0]
41471 DPRAM64 u_soc_top.u_data_memory.memory.0.1.dram_c.WE[0]
41472 DPRAM64 u_soc_top.u_data_memory.memory.0.1.dram_d.WE[0]
41473 DPRAM64 u_soc_top.u_data_memory.memory.0.10.dram_a.WE[0]
41474 DPRAM64 u_soc_top.u_data_memory.memory.0.10.dram_b.WE[0]
41475 DPRAM64 u_soc_top.u_data_memory.memory.0.10.dram_c.WE[0]
41476 DPRAM64 u_soc_top.u_data_memory.memory.0.10.dram_d.WE[0]
41477 DPRAM64 u_soc_top.u_data_memory.memory.0.11.dram_a.WE[0]
41478 DPRAM64 u_soc_top.u_data_memory.memory.0.11.dram_b.WE[0]
41479 DPRAM64 u_soc_top.u_data_memory.memory.0.11.dram_c.WE[0]
41480 DPRAM64 u_soc_top.u_data_memory.memory.0.11.dram_d.WE[0]
41481 DPRAM64 u_soc_top.u_data_memory.memory.0.2.dram_a.WE[0]
41482 DPRAM64 u_soc_top.u_data_memory.memory.0.2.dram_b.WE[0]
41483 DPRAM64 u_soc_top.u_data_memory.memory.0.2.dram_c.WE[0]
41484 DPRAM64 u_soc_top.u_data_memory.memory.0.2.dram_d.WE[0]
41485 DPRAM64 u_soc_top.u_data_memory.memory.0.3.dram_a.WE[0]
41486 DPRAM64 u_soc_top.u_data_memory.memory.0.3.dram_b.WE[0]
41487 DPRAM64 u_soc_top.u_data_memory.memory.0.3.dram_c.WE[0]
41488 DPRAM64 u_soc_top.u_data_memory.memory.0.3.dram_d.WE[0]
41489 DPRAM64 u_soc_top.u_data_memory.memory.0.4.dram_a.WE[0]
41490 DPRAM64 u_soc_top.u_data_memory.memory.0.4.dram_b.WE[0]
41491 DPRAM64 u_soc_top.u_data_memory.memory.0.4.dram_c.WE[0]
41492 DPRAM64 u_soc_top.u_data_memory.memory.0.4.dram_d.WE[0]
41493 DPRAM64 u_soc_top.u_data_memory.memory.0.5.dram_a.WE[0]
41494 DPRAM64 u_soc_top.u_data_memory.memory.0.5.dram_b.WE[0]
41495 DPRAM64 u_soc_top.u_data_memory.memory.0.5.dram_c.WE[0]
41496 DPRAM64 u_soc_top.u_data_memory.memory.0.5.dram_d.WE[0]
41497 DPRAM64 u_soc_top.u_data_memory.memory.0.6.dram_a.WE[0]
41498 DPRAM64 u_soc_top.u_data_memory.memory.0.6.dram_b.WE[0]
41499 DPRAM64 u_soc_top.u_data_memory.memory.0.6.dram_c.WE[0]
41500 DPRAM64 u_soc_top.u_data_memory.memory.0.6.dram_d.WE[0]
41501 DPRAM64 u_soc_top.u_data_memory.memory.0.7.dram_a.WE[0]
41502 DPRAM64 u_soc_top.u_data_memory.memory.0.7.dram_b.WE[0]
41503 DPRAM64 u_soc_top.u_data_memory.memory.0.7.dram_c.WE[0]
41504 DPRAM64 u_soc_top.u_data_memory.memory.0.7.dram_d.WE[0]
41505 DPRAM64 u_soc_top.u_data_memory.memory.0.8.dram_a.WE[0]
41506 DPRAM64 u_soc_top.u_data_memory.memory.0.8.dram_b.WE[0]
41507 DPRAM64 u_soc_top.u_data_memory.memory.0.8.dram_c.WE[0]
41508 DPRAM64 u_soc_top.u_data_memory.memory.0.8.dram_d.WE[0]
41509 DPRAM64 u_soc_top.u_data_memory.memory.0.9.dram_a.WE[0]
41510 DPRAM64 u_soc_top.u_data_memory.memory.0.9.dram_b.WE[0]
41511 DPRAM64 u_soc_top.u_data_memory.memory.0.9.dram_c.WE[0]
41512 DPRAM64 u_soc_top.u_data_memory.memory.0.9.dram_d.WE[0]
41513 FDCE_ZINI $auto$ff.cc:266:slice$16819.D[0]
41514 FDCE_ZINI $auto$ff.cc:266:slice$16678.CE[0]
41515 FDCE_ZINI $auto$ff.cc:266:slice$13101.D[0]
41516 FDCE_ZINI $auto$ff.cc:266:slice$17216.D[0]
41517 FDRE_ZINI $auto$ff.cc:266:slice$23867.CE[0]
41518 FDRE_ZINI $auto$ff.cc:266:slice$23868.CE[0]
41519 FDRE_ZINI $auto$ff.cc:266:slice$23869.CE[0]
41520 FDRE_ZINI $auto$ff.cc:266:slice$23870.CE[0]
41521 FDRE_ZINI $auto$ff.cc:266:slice$23871.CE[0]
41522 FDRE_ZINI $auto$ff.cc:266:slice$23872.CE[0]
41523 FDRE_ZINI $auto$ff.cc:266:slice$23873.CE[0]
41524 FDRE_ZINI $auto$ff.cc:266:slice$23874.CE[0]
41525 FDRE_ZINI $auto$ff.cc:266:slice$23875.CE[0]
41526 FDRE_ZINI $auto$ff.cc:266:slice$23876.CE[0]
41527 FDRE_ZINI $auto$ff.cc:266:slice$23877.CE[0]
41528 FDRE_ZINI $auto$ff.cc:266:slice$23878.CE[0]
41529 FDRE_ZINI $auto$ff.cc:266:slice$23879.CE[0]
41530 FDRE_ZINI $auto$ff.cc:266:slice$23880.CE[0]
41531 FDRE_ZINI $auto$ff.cc:266:slice$23881.CE[0]
41532 FDRE_ZINI $auto$ff.cc:266:slice$23882.CE[0]
41533 FDRE_ZINI $auto$ff.cc:266:slice$23883.CE[0]
41534 FDRE_ZINI $auto$ff.cc:266:slice$23884.CE[0]
41535 FDRE_ZINI $auto$ff.cc:266:slice$23885.CE[0]
41536 FDRE_ZINI $auto$ff.cc:266:slice$23886.CE[0]
41537 FDRE_ZINI $auto$ff.cc:266:slice$23887.CE[0]
41538 FDRE_ZINI $auto$ff.cc:266:slice$23888.CE[0]
41539 FDRE_ZINI $auto$ff.cc:266:slice$23889.CE[0]
41540 FDRE_ZINI $auto$ff.cc:266:slice$23890.CE[0]
41541 FDRE_ZINI $auto$ff.cc:266:slice$23891.CE[0]
41542 FDRE_ZINI $auto$ff.cc:266:slice$23892.CE[0]
41543 FDRE_ZINI $auto$ff.cc:266:slice$23893.CE[0]
41544 FDRE_ZINI $auto$ff.cc:266:slice$23894.CE[0]
41545 FDRE_ZINI $auto$ff.cc:266:slice$23895.CE[0]
41546 FDRE_ZINI $auto$ff.cc:266:slice$23896.CE[0]
41547 .output out:led[1].outpad[0]
41549 FDCE_ZINI $auto$ff.cc:266:slice$17408.D[0]
41550 FDCE_ZINI $auto$ff.cc:266:slice$17403.D[0]
41551 FDCE_ZINI $auto$ff.cc:266:slice$17392.D[0]
41552 FDCE_ZINI $auto$ff.cc:266:slice$17405.D[0]
41553 FDCE_ZINI $auto$ff.cc:266:slice$17414.D[0]
41554 FDCE_ZINI $auto$ff.cc:266:slice$17409.D[0]
41555 FDCE_ZINI $auto$ff.cc:266:slice$17399.D[0]
41556 FDCE_ZINI $auto$ff.cc:266:slice$17398.D[0]
41557 FDCE_ZINI $auto$ff.cc:266:slice$17391.D[0]
41558 FDCE_ZINI $auto$ff.cc:266:slice$17396.D[0]
41559 FDCE_ZINI $auto$ff.cc:266:slice$17390.D[0]
41560 FDCE_ZINI $auto$ff.cc:266:slice$17418.D[0]
41561 FDCE_ZINI $auto$ff.cc:266:slice$17397.D[0]
41562 FDCE_ZINI $auto$ff.cc:266:slice$17416.D[0]
41563 FDCE_ZINI $auto$ff.cc:266:slice$17417.D[0]
41564 FDCE_ZINI $auto$ff.cc:266:slice$17415.D[0]
41565 FDCE_ZINI $auto$ff.cc:266:slice$17393.D[0]
41566 FDCE_ZINI $auto$ff.cc:266:slice$17413.D[0]
41567 FDCE_ZINI $auto$ff.cc:266:slice$17412.D[0]
41568 FDCE_ZINI $auto$ff.cc:266:slice$17401.D[0]
41569 FDRE_ZINI $auto$ff.cc:266:slice$12315.D[0]
41570 FDRE_ZINI $auto$ff.cc:266:slice$12314.D[0]
41571 FDRE_ZINI $auto$ff.cc:266:slice$12313.D[0]
41572 FDRE_ZINI $auto$ff.cc:266:slice$12312.D[0]
41573 FDCE_ZINI $auto$ff.cc:266:slice$15259.D[0]
41574 FDCE_ZINI $auto$ff.cc:266:slice$15262.D[0]
41575 FDCE_ZINI $auto$ff.cc:266:slice$16818.D[0]
41576 FDCE_ZINI $auto$ff.cc:266:slice$12976.D[0]
41577 FDCE_ZINI $auto$ff.cc:266:slice$17219.CE[0]
41578 FDCE_ZINI $auto$ff.cc:266:slice$17220.CE[0]
41581 FDCE_ZINI $auto$ff.cc:266:slice$17420.D[0]
41582 FDCE_ZINI $auto$ff.cc:266:slice$17400.D[0]
41583 FDCE_ZINI $auto$ff.cc:266:slice$17404.D[0]
41584 FDCE_ZINI $auto$ff.cc:266:slice$17402.D[0]
41585 FDCE_ZINI $auto$ff.cc:266:slice$17419.D[0]
41586 FDCE_ZINI $auto$ff.cc:266:slice$17406.D[0]
41587 FDCE_ZINI $auto$ff.cc:266:slice$17395.D[0]
41588 FDCE_ZINI $auto$ff.cc:266:slice$17394.D[0]
41589 FDCE_ZINI $auto$ff.cc:266:slice$17407.D[0]
41590 FDCE_ZINI $auto$ff.cc:266:slice$17389.D[0]
41591 FDCE_ZINI $auto$ff.cc:266:slice$17411.D[0]
41592 FDCE_ZINI $auto$ff.cc:266:slice$17410.D[0]
41593 RAMB36E1_PRIM u_soc_top.u_framebuffer_sram.memory.0.1.WEAL[0]
41594 RAMB36E1_PRIM u_soc_top.u_framebuffer_sram.memory.0.1.WEAL[1]
41595 RAMB36E1_PRIM u_soc_top.u_framebuffer_sram.memory.0.1.WEAL[2]
41596 RAMB36E1_PRIM u_soc_top.u_framebuffer_sram.memory.0.1.WEAL[3]
41597 RAMB36E1_PRIM u_soc_top.u_framebuffer_sram.memory.0.1.WEAU[0]
41598 RAMB36E1_PRIM u_soc_top.u_framebuffer_sram.memory.0.1.WEAU[1]
41599 RAMB36E1_PRIM u_soc_top.u_framebuffer_sram.memory.0.1.WEAU[2]
41600 RAMB36E1_PRIM u_soc_top.u_framebuffer_sram.memory.0.1.WEAU[3]
41601 RAMB36E1_PRIM u_soc_top.u_framebuffer_sram.memory.0.2.WEAL[0]
41602 RAMB36E1_PRIM u_soc_top.u_framebuffer_sram.memory.0.2.WEAL[1]
41603 RAMB36E1_PRIM u_soc_top.u_framebuffer_sram.memory.0.2.WEAL[2]
41604 RAMB36E1_PRIM u_soc_top.u_framebuffer_sram.memory.0.2.WEAL[3]
41605 RAMB36E1_PRIM u_soc_top.u_framebuffer_sram.memory.0.2.WEAU[0]
41606 RAMB36E1_PRIM u_soc_top.u_framebuffer_sram.memory.0.2.WEAU[1]
41607 RAMB36E1_PRIM u_soc_top.u_framebuffer_sram.memory.0.2.WEAU[2]
41608 RAMB36E1_PRIM u_soc_top.u_framebuffer_sram.memory.0.2.WEAU[3]
41609 RAMB36E1_PRIM u_soc_top.u_framebuffer_sram.memory.0.0.WEAL[0]
41610 RAMB36E1_PRIM u_soc_top.u_framebuffer_sram.memory.0.0.WEAL[1]
41611 RAMB36E1_PRIM u_soc_top.u_framebuffer_sram.memory.0.0.WEAL[2]
41612 RAMB36E1_PRIM u_soc_top.u_framebuffer_sram.memory.0.0.WEAL[3]
41613 RAMB36E1_PRIM u_soc_top.u_framebuffer_sram.memory.0.0.WEAU[0]
41614 RAMB36E1_PRIM u_soc_top.u_framebuffer_sram.memory.0.0.WEAU[1]
41615 RAMB36E1_PRIM u_soc_top.u_framebuffer_sram.memory.0.0.WEAU[2]
41616 RAMB36E1_PRIM u_soc_top.u_framebuffer_sram.memory.0.0.WEAU[3]
41617 RAMB36E1_PRIM u_soc_top.u_framebuffer_sram.memory.0.3.WEAL[0]
41618 RAMB36E1_PRIM u_soc_top.u_framebuffer_sram.memory.0.3.WEAL[1]
41619 RAMB36E1_PRIM u_soc_top.u_framebuffer_sram.memory.0.3.WEAL[2]
41620 RAMB36E1_PRIM u_soc_top.u_framebuffer_sram.memory.0.3.WEAL[3]
41621 RAMB36E1_PRIM u_soc_top.u_framebuffer_sram.memory.0.3.WEAU[0]
41622 RAMB36E1_PRIM u_soc_top.u_framebuffer_sram.memory.0.3.WEAU[1]
41623 RAMB36E1_PRIM u_soc_top.u_framebuffer_sram.memory.0.3.WEAU[2]
41624 RAMB36E1_PRIM u_soc_top.u_framebuffer_sram.memory.0.3.WEAU[3]
41625 RAMB36E1_PRIM u_soc_top.u_framebuffer_sram.memory.0.6.WEAL[0]
41626 RAMB36E1_PRIM u_soc_top.u_framebuffer_sram.memory.0.6.WEAL[1]
41627 RAMB36E1_PRIM u_soc_top.u_framebuffer_sram.memory.0.6.WEAL[2]
41628 RAMB36E1_PRIM u_soc_top.u_framebuffer_sram.memory.0.6.WEAL[3]
41629 RAMB36E1_PRIM u_soc_top.u_framebuffer_sram.memory.0.6.WEAU[0]
41630 RAMB36E1_PRIM u_soc_top.u_framebuffer_sram.memory.0.6.WEAU[1]
41631 RAMB36E1_PRIM u_soc_top.u_framebuffer_sram.memory.0.6.WEAU[2]
41632 RAMB36E1_PRIM u_soc_top.u_framebuffer_sram.memory.0.6.WEAU[3]
41633 RAMB36E1_PRIM u_soc_top.u_framebuffer_sram.memory.0.4.WEAL[0]
41634 RAMB36E1_PRIM u_soc_top.u_framebuffer_sram.memory.0.4.WEAL[1]
41635 RAMB36E1_PRIM u_soc_top.u_framebuffer_sram.memory.0.4.WEAL[2]
41636 RAMB36E1_PRIM u_soc_top.u_framebuffer_sram.memory.0.4.WEAL[3]
41637 RAMB36E1_PRIM u_soc_top.u_framebuffer_sram.memory.0.4.WEAU[0]
41638 RAMB36E1_PRIM u_soc_top.u_framebuffer_sram.memory.0.4.WEAU[1]
41639 RAMB36E1_PRIM u_soc_top.u_framebuffer_sram.memory.0.4.WEAU[2]
41640 RAMB36E1_PRIM u_soc_top.u_framebuffer_sram.memory.0.4.WEAU[3]
41641 RAMB36E1_PRIM u_soc_top.u_framebuffer_sram.memory.0.7.WEAL[0]
41642 RAMB36E1_PRIM u_soc_top.u_framebuffer_sram.memory.0.7.WEAL[1]
41643 RAMB36E1_PRIM u_soc_top.u_framebuffer_sram.memory.0.7.WEAL[2]
41644 RAMB36E1_PRIM u_soc_top.u_framebuffer_sram.memory.0.7.WEAL[3]
41645 RAMB36E1_PRIM u_soc_top.u_framebuffer_sram.memory.0.7.WEAU[0]
41646 RAMB36E1_PRIM u_soc_top.u_framebuffer_sram.memory.0.7.WEAU[1]
41647 RAMB36E1_PRIM u_soc_top.u_framebuffer_sram.memory.0.7.WEAU[2]
41648 RAMB36E1_PRIM u_soc_top.u_framebuffer_sram.memory.0.7.WEAU[3]
41649 RAMB36E1_PRIM u_soc_top.u_framebuffer_sram.memory.0.5.WEAL[0]
41650 RAMB36E1_PRIM u_soc_top.u_framebuffer_sram.memory.0.5.WEAL[1]
41651 RAMB36E1_PRIM u_soc_top.u_framebuffer_sram.memory.0.5.WEAL[2]
41652 RAMB36E1_PRIM u_soc_top.u_framebuffer_sram.memory.0.5.WEAL[3]
41653 RAMB36E1_PRIM u_soc_top.u_framebuffer_sram.memory.0.5.WEAU[0]
41654 RAMB36E1_PRIM u_soc_top.u_framebuffer_sram.memory.0.5.WEAU[1]
41655 RAMB36E1_PRIM u_soc_top.u_framebuffer_sram.memory.0.5.WEAU[2]
41656 RAMB36E1_PRIM u_soc_top.u_framebuffer_sram.memory.0.5.WEAU[3]
41657 RAMB36E1_PRIM u_soc_top.u_framebuffer_sram.memory.0.16.WEAL[0]
41658 RAMB36E1_PRIM u_soc_top.u_framebuffer_sram.memory.0.16.WEAL[1]
41659 RAMB36E1_PRIM u_soc_top.u_framebuffer_sram.memory.0.16.WEAL[2]
41660 RAMB36E1_PRIM u_soc_top.u_framebuffer_sram.memory.0.16.WEAL[3]
41661 RAMB36E1_PRIM u_soc_top.u_framebuffer_sram.memory.0.16.WEAU[0]
41662 RAMB36E1_PRIM u_soc_top.u_framebuffer_sram.memory.0.16.WEAU[1]
41663 RAMB36E1_PRIM u_soc_top.u_framebuffer_sram.memory.0.16.WEAU[2]
41664 RAMB36E1_PRIM u_soc_top.u_framebuffer_sram.memory.0.16.WEAU[3]
41665 RAMB36E1_PRIM u_soc_top.u_framebuffer_sram.memory.0.17.WEAL[0]
41666 RAMB36E1_PRIM u_soc_top.u_framebuffer_sram.memory.0.17.WEAL[1]
41667 RAMB36E1_PRIM u_soc_top.u_framebuffer_sram.memory.0.17.WEAL[2]
41668 RAMB36E1_PRIM u_soc_top.u_framebuffer_sram.memory.0.17.WEAL[3]
41669 RAMB36E1_PRIM u_soc_top.u_framebuffer_sram.memory.0.17.WEAU[0]
41670 RAMB36E1_PRIM u_soc_top.u_framebuffer_sram.memory.0.17.WEAU[1]
41671 RAMB36E1_PRIM u_soc_top.u_framebuffer_sram.memory.0.17.WEAU[2]
41672 RAMB36E1_PRIM u_soc_top.u_framebuffer_sram.memory.0.17.WEAU[3]
41673 RAMB36E1_PRIM u_soc_top.u_framebuffer_sram.memory.0.18.WEAL[0]
41674 RAMB36E1_PRIM u_soc_top.u_framebuffer_sram.memory.0.18.WEAL[1]
41675 RAMB36E1_PRIM u_soc_top.u_framebuffer_sram.memory.0.18.WEAL[2]
41676 RAMB36E1_PRIM u_soc_top.u_framebuffer_sram.memory.0.18.WEAL[3]
41677 RAMB36E1_PRIM u_soc_top.u_framebuffer_sram.memory.0.18.WEAU[0]
41678 RAMB36E1_PRIM u_soc_top.u_framebuffer_sram.memory.0.18.WEAU[1]
41679 RAMB36E1_PRIM u_soc_top.u_framebuffer_sram.memory.0.18.WEAU[2]
41680 RAMB36E1_PRIM u_soc_top.u_framebuffer_sram.memory.0.18.WEAU[3]
41681 FDCE_ZINI $auto$ff.cc:266:slice$13793.D[0]
41682 FDCE_ZINI $auto$ff.cc:266:slice$13792.D[0]
41683 FDCE_ZINI $auto$ff.cc:266:slice$17221.CE[0]
41684 FDCE_ZINI $auto$ff.cc:266:slice$17222.CE[0]
41685 FDCE_ZINI $auto$ff.cc:266:slice$16820.D[0]
41686 RAMB36E1_PRIM u_soc_top.u_framebuffer_sram.memory.0.11.WEAL[0]
41687 RAMB36E1_PRIM u_soc_top.u_framebuffer_sram.memory.0.11.WEAL[1]
41688 RAMB36E1_PRIM u_soc_top.u_framebuffer_sram.memory.0.11.WEAL[2]
41689 RAMB36E1_PRIM u_soc_top.u_framebuffer_sram.memory.0.11.WEAL[3]
41690 RAMB36E1_PRIM u_soc_top.u_framebuffer_sram.memory.0.11.WEAU[0]
41691 RAMB36E1_PRIM u_soc_top.u_framebuffer_sram.memory.0.11.WEAU[1]
41692 RAMB36E1_PRIM u_soc_top.u_framebuffer_sram.memory.0.11.WEAU[2]
41693 RAMB36E1_PRIM u_soc_top.u_framebuffer_sram.memory.0.11.WEAU[3]
41694 RAMB36E1_PRIM u_soc_top.u_framebuffer_sram.memory.0.8.WEAL[0]
41695 RAMB36E1_PRIM u_soc_top.u_framebuffer_sram.memory.0.8.WEAL[1]
41696 RAMB36E1_PRIM u_soc_top.u_framebuffer_sram.memory.0.8.WEAL[2]
41697 RAMB36E1_PRIM u_soc_top.u_framebuffer_sram.memory.0.8.WEAL[3]
41698 RAMB36E1_PRIM u_soc_top.u_framebuffer_sram.memory.0.8.WEAU[0]
41699 RAMB36E1_PRIM u_soc_top.u_framebuffer_sram.memory.0.8.WEAU[1]
41700 RAMB36E1_PRIM u_soc_top.u_framebuffer_sram.memory.0.8.WEAU[2]
41701 RAMB36E1_PRIM u_soc_top.u_framebuffer_sram.memory.0.8.WEAU[3]
41702 RAMB36E1_PRIM u_soc_top.u_framebuffer_sram.memory.0.9.WEAL[0]
41703 RAMB36E1_PRIM u_soc_top.u_framebuffer_sram.memory.0.9.WEAL[1]
41704 RAMB36E1_PRIM u_soc_top.u_framebuffer_sram.memory.0.9.WEAL[2]
41705 RAMB36E1_PRIM u_soc_top.u_framebuffer_sram.memory.0.9.WEAL[3]
41706 RAMB36E1_PRIM u_soc_top.u_framebuffer_sram.memory.0.9.WEAU[0]
41707 RAMB36E1_PRIM u_soc_top.u_framebuffer_sram.memory.0.9.WEAU[1]
41708 RAMB36E1_PRIM u_soc_top.u_framebuffer_sram.memory.0.9.WEAU[2]
41709 RAMB36E1_PRIM u_soc_top.u_framebuffer_sram.memory.0.9.WEAU[3]
41710 RAMB36E1_PRIM u_soc_top.u_framebuffer_sram.memory.0.10.WEAL[0]
41711 RAMB36E1_PRIM u_soc_top.u_framebuffer_sram.memory.0.10.WEAL[1]
41712 RAMB36E1_PRIM u_soc_top.u_framebuffer_sram.memory.0.10.WEAL[2]
41713 RAMB36E1_PRIM u_soc_top.u_framebuffer_sram.memory.0.10.WEAL[3]
41714 RAMB36E1_PRIM u_soc_top.u_framebuffer_sram.memory.0.10.WEAU[0]
41715 RAMB36E1_PRIM u_soc_top.u_framebuffer_sram.memory.0.10.WEAU[1]
41716 RAMB36E1_PRIM u_soc_top.u_framebuffer_sram.memory.0.10.WEAU[2]
41717 RAMB36E1_PRIM u_soc_top.u_framebuffer_sram.memory.0.10.WEAU[3]
41718 RAMB36E1_PRIM u_soc_top.u_framebuffer_sram.memory.0.12.WEAL[0]
41719 RAMB36E1_PRIM u_soc_top.u_framebuffer_sram.memory.0.12.WEAL[1]
41720 RAMB36E1_PRIM u_soc_top.u_framebuffer_sram.memory.0.12.WEAL[2]
41721 RAMB36E1_PRIM u_soc_top.u_framebuffer_sram.memory.0.12.WEAL[3]
41722 RAMB36E1_PRIM u_soc_top.u_framebuffer_sram.memory.0.12.WEAU[0]
41723 RAMB36E1_PRIM u_soc_top.u_framebuffer_sram.memory.0.12.WEAU[1]
41724 RAMB36E1_PRIM u_soc_top.u_framebuffer_sram.memory.0.12.WEAU[2]
41725 RAMB36E1_PRIM u_soc_top.u_framebuffer_sram.memory.0.12.WEAU[3]
41726 RAMB36E1_PRIM u_soc_top.u_framebuffer_sram.memory.0.13.WEAL[0]
41727 RAMB36E1_PRIM u_soc_top.u_framebuffer_sram.memory.0.13.WEAL[1]
41728 RAMB36E1_PRIM u_soc_top.u_framebuffer_sram.memory.0.13.WEAL[2]
41729 RAMB36E1_PRIM u_soc_top.u_framebuffer_sram.memory.0.13.WEAL[3]
41730 RAMB36E1_PRIM u_soc_top.u_framebuffer_sram.memory.0.13.WEAU[0]
41731 RAMB36E1_PRIM u_soc_top.u_framebuffer_sram.memory.0.13.WEAU[1]
41732 RAMB36E1_PRIM u_soc_top.u_framebuffer_sram.memory.0.13.WEAU[2]
41733 RAMB36E1_PRIM u_soc_top.u_framebuffer_sram.memory.0.13.WEAU[3]
41734 RAMB36E1_PRIM u_soc_top.u_framebuffer_sram.memory.0.14.WEAL[0]
41735 RAMB36E1_PRIM u_soc_top.u_framebuffer_sram.memory.0.14.WEAL[1]
41736 RAMB36E1_PRIM u_soc_top.u_framebuffer_sram.memory.0.14.WEAL[2]
41737 RAMB36E1_PRIM u_soc_top.u_framebuffer_sram.memory.0.14.WEAL[3]
41738 RAMB36E1_PRIM u_soc_top.u_framebuffer_sram.memory.0.14.WEAU[0]
41739 RAMB36E1_PRIM u_soc_top.u_framebuffer_sram.memory.0.14.WEAU[1]
41740 RAMB36E1_PRIM u_soc_top.u_framebuffer_sram.memory.0.14.WEAU[2]
41741 RAMB36E1_PRIM u_soc_top.u_framebuffer_sram.memory.0.14.WEAU[3]
41742 RAMB36E1_PRIM u_soc_top.u_framebuffer_sram.memory.0.15.WEAL[0]
41743 RAMB36E1_PRIM u_soc_top.u_framebuffer_sram.memory.0.15.WEAL[1]
41744 RAMB36E1_PRIM u_soc_top.u_framebuffer_sram.memory.0.15.WEAL[2]
41745 RAMB36E1_PRIM u_soc_top.u_framebuffer_sram.memory.0.15.WEAL[3]
41746 RAMB36E1_PRIM u_soc_top.u_framebuffer_sram.memory.0.15.WEAU[0]
41747 RAMB36E1_PRIM u_soc_top.u_framebuffer_sram.memory.0.15.WEAU[1]
41748 RAMB36E1_PRIM u_soc_top.u_framebuffer_sram.memory.0.15.WEAU[2]
41749 RAMB36E1_PRIM u_soc_top.u_framebuffer_sram.memory.0.15.WEAU[3]
41750 FDRE_ZINI $auto$ff.cc:266:slice$19287.CE[0]
41751 FDRE_ZINI $auto$ff.cc:266:slice$19288.CE[0]
41752 FDRE_ZINI $auto$ff.cc:266:slice$19289.CE[0]
41753 FDRE_ZINI $auto$ff.cc:266:slice$19290.CE[0]
41754 FDRE_ZINI $auto$ff.cc:266:slice$19291.CE[0]
41755 FDRE_ZINI $auto$ff.cc:266:slice$19292.CE[0]
41756 FDRE_ZINI $auto$ff.cc:266:slice$19293.CE[0]
41757 FDRE_ZINI $auto$ff.cc:266:slice$19294.CE[0]
41758 FDRE_ZINI $auto$ff.cc:266:slice$19295.CE[0]
41759 FDRE_ZINI $auto$ff.cc:266:slice$19296.CE[0]
41760 FDRE_ZINI $auto$ff.cc:266:slice$19297.CE[0]
41761 FDRE_ZINI $auto$ff.cc:266:slice$19298.CE[0]
41762 FDRE_ZINI $auto$ff.cc:266:slice$19299.CE[0]
41763 FDRE_ZINI $auto$ff.cc:266:slice$19300.CE[0]
41764 FDRE_ZINI $auto$ff.cc:266:slice$19301.CE[0]
41765 FDRE_ZINI $auto$ff.cc:266:slice$19302.CE[0]
41766 FDRE_ZINI $auto$ff.cc:266:slice$19303.CE[0]
41767 FDRE_ZINI $auto$ff.cc:266:slice$19304.CE[0]
41768 FDRE_ZINI $auto$ff.cc:266:slice$19305.CE[0]
41769 FDRE_ZINI $auto$ff.cc:266:slice$19306.CE[0]
41770 FDRE_ZINI $auto$ff.cc:266:slice$19307.CE[0]
41771 FDRE_ZINI $auto$ff.cc:266:slice$19308.CE[0]
41772 FDRE_ZINI $auto$ff.cc:266:slice$19309.CE[0]
41773 FDRE_ZINI $auto$ff.cc:266:slice$19310.CE[0]
41774 FDRE_ZINI $auto$ff.cc:266:slice$19311.CE[0]
41775 FDRE_ZINI $auto$ff.cc:266:slice$19312.CE[0]
41776 FDRE_ZINI $auto$ff.cc:266:slice$19313.CE[0]
41777 FDRE_ZINI $auto$ff.cc:266:slice$19314.CE[0]
41778 FDRE_ZINI $auto$ff.cc:266:slice$19315.CE[0]
41779 FDRE_ZINI $auto$ff.cc:266:slice$19316.CE[0]
41780 FDRE_ZINI $auto$ff.cc:266:slice$19317.CE[0]
41781 FDRE_ZINI $auto$ff.cc:266:slice$19318.CE[0]
41782 FDRE_ZINI $auto$ff.cc:266:slice$19255.CE[0]
41783 FDRE_ZINI $auto$ff.cc:266:slice$19256.CE[0]
41784 FDRE_ZINI $auto$ff.cc:266:slice$19257.CE[0]
41785 FDRE_ZINI $auto$ff.cc:266:slice$19258.CE[0]
41786 FDRE_ZINI $auto$ff.cc:266:slice$19259.CE[0]
41787 FDRE_ZINI $auto$ff.cc:266:slice$19260.CE[0]
41788 FDRE_ZINI $auto$ff.cc:266:slice$19261.CE[0]
41789 FDRE_ZINI $auto$ff.cc:266:slice$19262.CE[0]
41790 FDRE_ZINI $auto$ff.cc:266:slice$19263.CE[0]
41791 FDRE_ZINI $auto$ff.cc:266:slice$19264.CE[0]
41792 FDRE_ZINI $auto$ff.cc:266:slice$19265.CE[0]
41793 FDRE_ZINI $auto$ff.cc:266:slice$19266.CE[0]
41794 FDRE_ZINI $auto$ff.cc:266:slice$19267.CE[0]
41795 FDRE_ZINI $auto$ff.cc:266:slice$19268.CE[0]
41796 FDRE_ZINI $auto$ff.cc:266:slice$19269.CE[0]
41797 FDRE_ZINI $auto$ff.cc:266:slice$19270.CE[0]
41798 FDRE_ZINI $auto$ff.cc:266:slice$19271.CE[0]
41799 FDRE_ZINI $auto$ff.cc:266:slice$19272.CE[0]
41800 FDRE_ZINI $auto$ff.cc:266:slice$19273.CE[0]
41801 FDRE_ZINI $auto$ff.cc:266:slice$19274.CE[0]
41802 FDRE_ZINI $auto$ff.cc:266:slice$19275.CE[0]
41803 FDRE_ZINI $auto$ff.cc:266:slice$19276.CE[0]
41804 FDRE_ZINI $auto$ff.cc:266:slice$19277.CE[0]
41805 FDRE_ZINI $auto$ff.cc:266:slice$19278.CE[0]
41806 FDRE_ZINI $auto$ff.cc:266:slice$19279.CE[0]
41807 FDRE_ZINI $auto$ff.cc:266:slice$19280.CE[0]
41808 FDRE_ZINI $auto$ff.cc:266:slice$19281.CE[0]
41809 FDRE_ZINI $auto$ff.cc:266:slice$19282.CE[0]
41810 FDRE_ZINI $auto$ff.cc:266:slice$19283.CE[0]
41811 FDRE_ZINI $auto$ff.cc:266:slice$19284.CE[0]
41812 FDRE_ZINI $auto$ff.cc:266:slice$19285.CE[0]
41813 FDRE_ZINI $auto$ff.cc:266:slice$19286.CE[0]
41814 FDRE_ZINI $auto$ff.cc:266:slice$19223.CE[0]
41815 FDRE_ZINI $auto$ff.cc:266:slice$19224.CE[0]
41816 FDRE_ZINI $auto$ff.cc:266:slice$19225.CE[0]
41817 FDRE_ZINI $auto$ff.cc:266:slice$19226.CE[0]
41818 FDRE_ZINI $auto$ff.cc:266:slice$19227.CE[0]
41819 FDRE_ZINI $auto$ff.cc:266:slice$19228.CE[0]
41820 FDRE_ZINI $auto$ff.cc:266:slice$19229.CE[0]
41821 FDRE_ZINI $auto$ff.cc:266:slice$19230.CE[0]
41822 FDRE_ZINI $auto$ff.cc:266:slice$19231.CE[0]
41823 FDRE_ZINI $auto$ff.cc:266:slice$19232.CE[0]
41824 FDRE_ZINI $auto$ff.cc:266:slice$19233.CE[0]
41825 FDRE_ZINI $auto$ff.cc:266:slice$19234.CE[0]
41826 FDRE_ZINI $auto$ff.cc:266:slice$19235.CE[0]
41827 FDRE_ZINI $auto$ff.cc:266:slice$19236.CE[0]
41828 FDRE_ZINI $auto$ff.cc:266:slice$19237.CE[0]
41829 FDRE_ZINI $auto$ff.cc:266:slice$19238.CE[0]
41830 FDRE_ZINI $auto$ff.cc:266:slice$19239.CE[0]
41831 FDRE_ZINI $auto$ff.cc:266:slice$19240.CE[0]
41832 FDRE_ZINI $auto$ff.cc:266:slice$19241.CE[0]
41833 FDRE_ZINI $auto$ff.cc:266:slice$19242.CE[0]
41834 FDRE_ZINI $auto$ff.cc:266:slice$19243.CE[0]
41835 FDRE_ZINI $auto$ff.cc:266:slice$19244.CE[0]
41836 FDRE_ZINI $auto$ff.cc:266:slice$19245.CE[0]
41837 FDRE_ZINI $auto$ff.cc:266:slice$19246.CE[0]
41838 FDRE_ZINI $auto$ff.cc:266:slice$19247.CE[0]
41839 FDRE_ZINI $auto$ff.cc:266:slice$19248.CE[0]
41840 FDRE_ZINI $auto$ff.cc:266:slice$19249.CE[0]
41841 FDRE_ZINI $auto$ff.cc:266:slice$19250.CE[0]
41842 FDRE_ZINI $auto$ff.cc:266:slice$19251.CE[0]
41843 FDRE_ZINI $auto$ff.cc:266:slice$19252.CE[0]
41844 FDRE_ZINI $auto$ff.cc:266:slice$19253.CE[0]
41845 FDRE_ZINI $auto$ff.cc:266:slice$19254.CE[0]
41846 FDRE_ZINI $auto$ff.cc:266:slice$18807.CE[0]
41847 FDRE_ZINI $auto$ff.cc:266:slice$18808.CE[0]
41848 FDRE_ZINI $auto$ff.cc:266:slice$18809.CE[0]
41849 FDRE_ZINI $auto$ff.cc:266:slice$18810.CE[0]
41850 FDRE_ZINI $auto$ff.cc:266:slice$18811.CE[0]
41851 FDRE_ZINI $auto$ff.cc:266:slice$18812.CE[0]
41852 FDRE_ZINI $auto$ff.cc:266:slice$18813.CE[0]
41853 FDRE_ZINI $auto$ff.cc:266:slice$18814.CE[0]
41854 FDRE_ZINI $auto$ff.cc:266:slice$18815.CE[0]
41855 FDRE_ZINI $auto$ff.cc:266:slice$18816.CE[0]
41856 FDRE_ZINI $auto$ff.cc:266:slice$18817.CE[0]
41857 FDRE_ZINI $auto$ff.cc:266:slice$18818.CE[0]
41858 FDRE_ZINI $auto$ff.cc:266:slice$18819.CE[0]
41859 FDRE_ZINI $auto$ff.cc:266:slice$18820.CE[0]
41860 FDRE_ZINI $auto$ff.cc:266:slice$18821.CE[0]
41861 FDRE_ZINI $auto$ff.cc:266:slice$18822.CE[0]
41862 FDRE_ZINI $auto$ff.cc:266:slice$18823.CE[0]
41863 FDRE_ZINI $auto$ff.cc:266:slice$18824.CE[0]
41864 FDRE_ZINI $auto$ff.cc:266:slice$18825.CE[0]
41865 FDRE_ZINI $auto$ff.cc:266:slice$18826.CE[0]
41866 FDRE_ZINI $auto$ff.cc:266:slice$18827.CE[0]
41867 FDRE_ZINI $auto$ff.cc:266:slice$18828.CE[0]
41868 FDRE_ZINI $auto$ff.cc:266:slice$18829.CE[0]
41869 FDRE_ZINI $auto$ff.cc:266:slice$18830.CE[0]
41870 FDRE_ZINI $auto$ff.cc:266:slice$18831.CE[0]
41871 FDRE_ZINI $auto$ff.cc:266:slice$18832.CE[0]
41872 FDRE_ZINI $auto$ff.cc:266:slice$18833.CE[0]
41873 FDRE_ZINI $auto$ff.cc:266:slice$18834.CE[0]
41874 FDRE_ZINI $auto$ff.cc:266:slice$18835.CE[0]
41875 FDRE_ZINI $auto$ff.cc:266:slice$18836.CE[0]
41876 FDRE_ZINI $auto$ff.cc:266:slice$18837.CE[0]
41877 FDRE_ZINI $auto$ff.cc:266:slice$18838.CE[0]
41878 FDRE_ZINI $auto$ff.cc:266:slice$18775.CE[0]
41879 FDRE_ZINI $auto$ff.cc:266:slice$18776.CE[0]
41880 FDRE_ZINI $auto$ff.cc:266:slice$18777.CE[0]
41881 FDRE_ZINI $auto$ff.cc:266:slice$18778.CE[0]
41882 FDRE_ZINI $auto$ff.cc:266:slice$18779.CE[0]
41883 FDRE_ZINI $auto$ff.cc:266:slice$18780.CE[0]
41884 FDRE_ZINI $auto$ff.cc:266:slice$18781.CE[0]
41885 FDRE_ZINI $auto$ff.cc:266:slice$18782.CE[0]
41886 FDRE_ZINI $auto$ff.cc:266:slice$18783.CE[0]
41887 FDRE_ZINI $auto$ff.cc:266:slice$18784.CE[0]
41888 FDRE_ZINI $auto$ff.cc:266:slice$18785.CE[0]
41889 FDRE_ZINI $auto$ff.cc:266:slice$18786.CE[0]
41890 FDRE_ZINI $auto$ff.cc:266:slice$18787.CE[0]
41891 FDRE_ZINI $auto$ff.cc:266:slice$18788.CE[0]
41892 FDRE_ZINI $auto$ff.cc:266:slice$18789.CE[0]
41893 FDRE_ZINI $auto$ff.cc:266:slice$18790.CE[0]
41894 FDRE_ZINI $auto$ff.cc:266:slice$18791.CE[0]
41895 FDRE_ZINI $auto$ff.cc:266:slice$18792.CE[0]
41896 FDRE_ZINI $auto$ff.cc:266:slice$18793.CE[0]
41897 FDRE_ZINI $auto$ff.cc:266:slice$18794.CE[0]
41898 FDRE_ZINI $auto$ff.cc:266:slice$18795.CE[0]
41899 FDRE_ZINI $auto$ff.cc:266:slice$18796.CE[0]
41900 FDRE_ZINI $auto$ff.cc:266:slice$18797.CE[0]
41901 FDRE_ZINI $auto$ff.cc:266:slice$18798.CE[0]
41902 FDRE_ZINI $auto$ff.cc:266:slice$18799.CE[0]
41903 FDRE_ZINI $auto$ff.cc:266:slice$18800.CE[0]
41904 FDRE_ZINI $auto$ff.cc:266:slice$18801.CE[0]
41905 FDRE_ZINI $auto$ff.cc:266:slice$18802.CE[0]
41906 FDRE_ZINI $auto$ff.cc:266:slice$18803.CE[0]
41907 FDRE_ZINI $auto$ff.cc:266:slice$18804.CE[0]
41908 FDRE_ZINI $auto$ff.cc:266:slice$18805.CE[0]
41909 FDRE_ZINI $auto$ff.cc:266:slice$18806.CE[0]
41910 FDRE_ZINI $auto$ff.cc:266:slice$18743.CE[0]
41911 FDRE_ZINI $auto$ff.cc:266:slice$18744.CE[0]
41912 FDRE_ZINI $auto$ff.cc:266:slice$18745.CE[0]
41913 FDRE_ZINI $auto$ff.cc:266:slice$18746.CE[0]
41914 FDRE_ZINI $auto$ff.cc:266:slice$18747.CE[0]
41915 FDRE_ZINI $auto$ff.cc:266:slice$18748.CE[0]
41916 FDRE_ZINI $auto$ff.cc:266:slice$18749.CE[0]
41917 FDRE_ZINI $auto$ff.cc:266:slice$18750.CE[0]
41918 FDRE_ZINI $auto$ff.cc:266:slice$18751.CE[0]
41919 FDRE_ZINI $auto$ff.cc:266:slice$18752.CE[0]
41920 FDRE_ZINI $auto$ff.cc:266:slice$18753.CE[0]
41921 FDRE_ZINI $auto$ff.cc:266:slice$18754.CE[0]
41922 FDRE_ZINI $auto$ff.cc:266:slice$18755.CE[0]
41923 FDRE_ZINI $auto$ff.cc:266:slice$18756.CE[0]
41924 FDRE_ZINI $auto$ff.cc:266:slice$18757.CE[0]
41925 FDRE_ZINI $auto$ff.cc:266:slice$18758.CE[0]
41926 FDRE_ZINI $auto$ff.cc:266:slice$18759.CE[0]
41927 FDRE_ZINI $auto$ff.cc:266:slice$18760.CE[0]
41928 FDRE_ZINI $auto$ff.cc:266:slice$18761.CE[0]
41929 FDRE_ZINI $auto$ff.cc:266:slice$18762.CE[0]
41930 FDRE_ZINI $auto$ff.cc:266:slice$18763.CE[0]
41931 FDRE_ZINI $auto$ff.cc:266:slice$18764.CE[0]
41932 FDRE_ZINI $auto$ff.cc:266:slice$18765.CE[0]
41933 FDRE_ZINI $auto$ff.cc:266:slice$18766.CE[0]
41934 FDRE_ZINI $auto$ff.cc:266:slice$18767.CE[0]
41935 FDRE_ZINI $auto$ff.cc:266:slice$18768.CE[0]
41936 FDRE_ZINI $auto$ff.cc:266:slice$18769.CE[0]
41937 FDRE_ZINI $auto$ff.cc:266:slice$18770.CE[0]
41938 FDRE_ZINI $auto$ff.cc:266:slice$18771.CE[0]
41939 FDRE_ZINI $auto$ff.cc:266:slice$18772.CE[0]
41940 FDRE_ZINI $auto$ff.cc:266:slice$18773.CE[0]
41941 FDRE_ZINI $auto$ff.cc:266:slice$18774.CE[0]
41942 FDRE_ZINI $auto$ff.cc:266:slice$18711.CE[0]
41943 FDRE_ZINI $auto$ff.cc:266:slice$18712.CE[0]
41944 FDRE_ZINI $auto$ff.cc:266:slice$18713.CE[0]
41945 FDRE_ZINI $auto$ff.cc:266:slice$18714.CE[0]
41946 FDRE_ZINI $auto$ff.cc:266:slice$18715.CE[0]
41947 FDRE_ZINI $auto$ff.cc:266:slice$18716.CE[0]
41948 FDRE_ZINI $auto$ff.cc:266:slice$18717.CE[0]
41949 FDRE_ZINI $auto$ff.cc:266:slice$18718.CE[0]
41950 FDRE_ZINI $auto$ff.cc:266:slice$18719.CE[0]
41951 FDRE_ZINI $auto$ff.cc:266:slice$18720.CE[0]
41952 FDRE_ZINI $auto$ff.cc:266:slice$18721.CE[0]
41953 FDRE_ZINI $auto$ff.cc:266:slice$18722.CE[0]
41954 FDRE_ZINI $auto$ff.cc:266:slice$18723.CE[0]
41955 FDRE_ZINI $auto$ff.cc:266:slice$18724.CE[0]
41956 FDRE_ZINI $auto$ff.cc:266:slice$18725.CE[0]
41957 FDRE_ZINI $auto$ff.cc:266:slice$18726.CE[0]
41958 FDRE_ZINI $auto$ff.cc:266:slice$18727.CE[0]
41959 FDRE_ZINI $auto$ff.cc:266:slice$18728.CE[0]
41960 FDRE_ZINI $auto$ff.cc:266:slice$18729.CE[0]
41961 FDRE_ZINI $auto$ff.cc:266:slice$18730.CE[0]
41962 FDRE_ZINI $auto$ff.cc:266:slice$18731.CE[0]
41963 FDRE_ZINI $auto$ff.cc:266:slice$18732.CE[0]
41964 FDRE_ZINI $auto$ff.cc:266:slice$18733.CE[0]
41965 FDRE_ZINI $auto$ff.cc:266:slice$18734.CE[0]
41966 FDRE_ZINI $auto$ff.cc:266:slice$18735.CE[0]
41967 FDRE_ZINI $auto$ff.cc:266:slice$18736.CE[0]
41968 FDRE_ZINI $auto$ff.cc:266:slice$18737.CE[0]
41969 FDRE_ZINI $auto$ff.cc:266:slice$18738.CE[0]
41970 FDRE_ZINI $auto$ff.cc:266:slice$18739.CE[0]
41971 FDRE_ZINI $auto$ff.cc:266:slice$18740.CE[0]
41972 FDRE_ZINI $auto$ff.cc:266:slice$18741.CE[0]
41973 FDRE_ZINI $auto$ff.cc:266:slice$18742.CE[0]
41974 FDRE_ZINI $auto$ff.cc:266:slice$19159.CE[0]
41975 FDRE_ZINI $auto$ff.cc:266:slice$19160.CE[0]
41976 FDRE_ZINI $auto$ff.cc:266:slice$19161.CE[0]
41977 FDRE_ZINI $auto$ff.cc:266:slice$19162.CE[0]
41978 FDRE_ZINI $auto$ff.cc:266:slice$19163.CE[0]
41979 FDRE_ZINI $auto$ff.cc:266:slice$19164.CE[0]
41980 FDRE_ZINI $auto$ff.cc:266:slice$19165.CE[0]
41981 FDRE_ZINI $auto$ff.cc:266:slice$19166.CE[0]
41982 FDRE_ZINI $auto$ff.cc:266:slice$19167.CE[0]
41983 FDRE_ZINI $auto$ff.cc:266:slice$19168.CE[0]
41984 FDRE_ZINI $auto$ff.cc:266:slice$19169.CE[0]
41985 FDRE_ZINI $auto$ff.cc:266:slice$19170.CE[0]
41986 FDRE_ZINI $auto$ff.cc:266:slice$19171.CE[0]
41987 FDRE_ZINI $auto$ff.cc:266:slice$19172.CE[0]
41988 FDRE_ZINI $auto$ff.cc:266:slice$19173.CE[0]
41989 FDRE_ZINI $auto$ff.cc:266:slice$19174.CE[0]
41990 FDRE_ZINI $auto$ff.cc:266:slice$19175.CE[0]
41991 FDRE_ZINI $auto$ff.cc:266:slice$19176.CE[0]
41992 FDRE_ZINI $auto$ff.cc:266:slice$19177.CE[0]
41993 FDRE_ZINI $auto$ff.cc:266:slice$19178.CE[0]
41994 FDRE_ZINI $auto$ff.cc:266:slice$19179.CE[0]
41995 FDRE_ZINI $auto$ff.cc:266:slice$19180.CE[0]
41996 FDRE_ZINI $auto$ff.cc:266:slice$19181.CE[0]
41997 FDRE_ZINI $auto$ff.cc:266:slice$19182.CE[0]
41998 FDRE_ZINI $auto$ff.cc:266:slice$19183.CE[0]
41999 FDRE_ZINI $auto$ff.cc:266:slice$19184.CE[0]
42000 FDRE_ZINI $auto$ff.cc:266:slice$19185.CE[0]
42001 FDRE_ZINI $auto$ff.cc:266:slice$19186.CE[0]
42002 FDRE_ZINI $auto$ff.cc:266:slice$19187.CE[0]
42003 FDRE_ZINI $auto$ff.cc:266:slice$19188.CE[0]
42004 FDRE_ZINI $auto$ff.cc:266:slice$19189.CE[0]
42005 FDRE_ZINI $auto$ff.cc:266:slice$19190.CE[0]
42006 FDRE_ZINI $auto$ff.cc:266:slice$18647.CE[0]
42007 FDRE_ZINI $auto$ff.cc:266:slice$18648.CE[0]
42008 FDRE_ZINI $auto$ff.cc:266:slice$18649.CE[0]
42009 FDRE_ZINI $auto$ff.cc:266:slice$18650.CE[0]
42010 FDRE_ZINI $auto$ff.cc:266:slice$18651.CE[0]
42011 FDRE_ZINI $auto$ff.cc:266:slice$18652.CE[0]
42012 FDRE_ZINI $auto$ff.cc:266:slice$18653.CE[0]
42013 FDRE_ZINI $auto$ff.cc:266:slice$18654.CE[0]
42014 FDRE_ZINI $auto$ff.cc:266:slice$18655.CE[0]
42015 FDRE_ZINI $auto$ff.cc:266:slice$18656.CE[0]
42016 FDRE_ZINI $auto$ff.cc:266:slice$18657.CE[0]
42017 FDRE_ZINI $auto$ff.cc:266:slice$18658.CE[0]
42018 FDRE_ZINI $auto$ff.cc:266:slice$18659.CE[0]
42019 FDRE_ZINI $auto$ff.cc:266:slice$18660.CE[0]
42020 FDRE_ZINI $auto$ff.cc:266:slice$18661.CE[0]
42021 FDRE_ZINI $auto$ff.cc:266:slice$18662.CE[0]
42022 FDRE_ZINI $auto$ff.cc:266:slice$18663.CE[0]
42023 FDRE_ZINI $auto$ff.cc:266:slice$18664.CE[0]
42024 FDRE_ZINI $auto$ff.cc:266:slice$18665.CE[0]
42025 FDRE_ZINI $auto$ff.cc:266:slice$18666.CE[0]
42026 FDRE_ZINI $auto$ff.cc:266:slice$18667.CE[0]
42027 FDRE_ZINI $auto$ff.cc:266:slice$18668.CE[0]
42028 FDRE_ZINI $auto$ff.cc:266:slice$18669.CE[0]
42029 FDRE_ZINI $auto$ff.cc:266:slice$18670.CE[0]
42030 FDRE_ZINI $auto$ff.cc:266:slice$18671.CE[0]
42031 FDRE_ZINI $auto$ff.cc:266:slice$18672.CE[0]
42032 FDRE_ZINI $auto$ff.cc:266:slice$18673.CE[0]
42033 FDRE_ZINI $auto$ff.cc:266:slice$18674.CE[0]
42034 FDRE_ZINI $auto$ff.cc:266:slice$18675.CE[0]
42035 FDRE_ZINI $auto$ff.cc:266:slice$18676.CE[0]
42036 FDRE_ZINI $auto$ff.cc:266:slice$18677.CE[0]
42037 FDRE_ZINI $auto$ff.cc:266:slice$18678.CE[0]
42038 FDRE_ZINI $auto$ff.cc:266:slice$19031.CE[0]
42039 FDRE_ZINI $auto$ff.cc:266:slice$19032.CE[0]
42040 FDRE_ZINI $auto$ff.cc:266:slice$19033.CE[0]
42041 FDRE_ZINI $auto$ff.cc:266:slice$19034.CE[0]
42042 FDRE_ZINI $auto$ff.cc:266:slice$19035.CE[0]
42043 FDRE_ZINI $auto$ff.cc:266:slice$19036.CE[0]
42044 FDRE_ZINI $auto$ff.cc:266:slice$19037.CE[0]
42045 FDRE_ZINI $auto$ff.cc:266:slice$19038.CE[0]
42046 FDRE_ZINI $auto$ff.cc:266:slice$19039.CE[0]
42047 FDRE_ZINI $auto$ff.cc:266:slice$19040.CE[0]
42048 FDRE_ZINI $auto$ff.cc:266:slice$19041.CE[0]
42049 FDRE_ZINI $auto$ff.cc:266:slice$19042.CE[0]
42050 FDRE_ZINI $auto$ff.cc:266:slice$19043.CE[0]
42051 FDRE_ZINI $auto$ff.cc:266:slice$19044.CE[0]
42052 FDRE_ZINI $auto$ff.cc:266:slice$19045.CE[0]
42053 FDRE_ZINI $auto$ff.cc:266:slice$19046.CE[0]
42054 FDRE_ZINI $auto$ff.cc:266:slice$19047.CE[0]
42055 FDRE_ZINI $auto$ff.cc:266:slice$19048.CE[0]
42056 FDRE_ZINI $auto$ff.cc:266:slice$19049.CE[0]
42057 FDRE_ZINI $auto$ff.cc:266:slice$19050.CE[0]
42058 FDRE_ZINI $auto$ff.cc:266:slice$19051.CE[0]
42059 FDRE_ZINI $auto$ff.cc:266:slice$19052.CE[0]
42060 FDRE_ZINI $auto$ff.cc:266:slice$19053.CE[0]
42061 FDRE_ZINI $auto$ff.cc:266:slice$19054.CE[0]
42062 FDRE_ZINI $auto$ff.cc:266:slice$19055.CE[0]
42063 FDRE_ZINI $auto$ff.cc:266:slice$19056.CE[0]
42064 FDRE_ZINI $auto$ff.cc:266:slice$19057.CE[0]
42065 FDRE_ZINI $auto$ff.cc:266:slice$19058.CE[0]
42066 FDRE_ZINI $auto$ff.cc:266:slice$19059.CE[0]
42067 FDRE_ZINI $auto$ff.cc:266:slice$19060.CE[0]
42068 FDRE_ZINI $auto$ff.cc:266:slice$19061.CE[0]
42069 FDRE_ZINI $auto$ff.cc:266:slice$19062.CE[0]
42070 FDRE_ZINI $auto$ff.cc:266:slice$18519.CE[0]
42071 FDRE_ZINI $auto$ff.cc:266:slice$18520.CE[0]
42072 FDRE_ZINI $auto$ff.cc:266:slice$18521.CE[0]
42073 FDRE_ZINI $auto$ff.cc:266:slice$18522.CE[0]
42074 FDRE_ZINI $auto$ff.cc:266:slice$18523.CE[0]
42075 FDRE_ZINI $auto$ff.cc:266:slice$18524.CE[0]
42076 FDRE_ZINI $auto$ff.cc:266:slice$18525.CE[0]
42077 FDRE_ZINI $auto$ff.cc:266:slice$18526.CE[0]
42078 FDRE_ZINI $auto$ff.cc:266:slice$18527.CE[0]
42079 FDRE_ZINI $auto$ff.cc:266:slice$18528.CE[0]
42080 FDRE_ZINI $auto$ff.cc:266:slice$18529.CE[0]
42081 FDRE_ZINI $auto$ff.cc:266:slice$18530.CE[0]
42082 FDRE_ZINI $auto$ff.cc:266:slice$18531.CE[0]
42083 FDRE_ZINI $auto$ff.cc:266:slice$18532.CE[0]
42084 FDRE_ZINI $auto$ff.cc:266:slice$18533.CE[0]
42085 FDRE_ZINI $auto$ff.cc:266:slice$18534.CE[0]
42086 FDRE_ZINI $auto$ff.cc:266:slice$18535.CE[0]
42087 FDRE_ZINI $auto$ff.cc:266:slice$18536.CE[0]
42088 FDRE_ZINI $auto$ff.cc:266:slice$18537.CE[0]
42089 FDRE_ZINI $auto$ff.cc:266:slice$18538.CE[0]
42090 FDRE_ZINI $auto$ff.cc:266:slice$18539.CE[0]
42091 FDRE_ZINI $auto$ff.cc:266:slice$18540.CE[0]
42092 FDRE_ZINI $auto$ff.cc:266:slice$18541.CE[0]
42093 FDRE_ZINI $auto$ff.cc:266:slice$18542.CE[0]
42094 FDRE_ZINI $auto$ff.cc:266:slice$18543.CE[0]
42095 FDRE_ZINI $auto$ff.cc:266:slice$18544.CE[0]
42096 FDRE_ZINI $auto$ff.cc:266:slice$18545.CE[0]
42097 FDRE_ZINI $auto$ff.cc:266:slice$18546.CE[0]
42098 FDRE_ZINI $auto$ff.cc:266:slice$18547.CE[0]
42099 FDRE_ZINI $auto$ff.cc:266:slice$18548.CE[0]
42100 FDRE_ZINI $auto$ff.cc:266:slice$18549.CE[0]
42101 FDRE_ZINI $auto$ff.cc:266:slice$18550.CE[0]
42102 FDRE_ZINI $auto$ff.cc:266:slice$18903.CE[0]
42103 FDRE_ZINI $auto$ff.cc:266:slice$18904.CE[0]
42104 FDRE_ZINI $auto$ff.cc:266:slice$18905.CE[0]
42105 FDRE_ZINI $auto$ff.cc:266:slice$18906.CE[0]
42106 FDRE_ZINI $auto$ff.cc:266:slice$18907.CE[0]
42107 FDRE_ZINI $auto$ff.cc:266:slice$18908.CE[0]
42108 FDRE_ZINI $auto$ff.cc:266:slice$18909.CE[0]
42109 FDRE_ZINI $auto$ff.cc:266:slice$18910.CE[0]
42110 FDRE_ZINI $auto$ff.cc:266:slice$18911.CE[0]
42111 FDRE_ZINI $auto$ff.cc:266:slice$18912.CE[0]
42112 FDRE_ZINI $auto$ff.cc:266:slice$18913.CE[0]
42113 FDRE_ZINI $auto$ff.cc:266:slice$18914.CE[0]
42114 FDRE_ZINI $auto$ff.cc:266:slice$18915.CE[0]
42115 FDRE_ZINI $auto$ff.cc:266:slice$18916.CE[0]
42116 FDRE_ZINI $auto$ff.cc:266:slice$18917.CE[0]
42117 FDRE_ZINI $auto$ff.cc:266:slice$18918.CE[0]
42118 FDRE_ZINI $auto$ff.cc:266:slice$18919.CE[0]
42119 FDRE_ZINI $auto$ff.cc:266:slice$18920.CE[0]
42120 FDRE_ZINI $auto$ff.cc:266:slice$18921.CE[0]
42121 FDRE_ZINI $auto$ff.cc:266:slice$18922.CE[0]
42122 FDRE_ZINI $auto$ff.cc:266:slice$18923.CE[0]
42123 FDRE_ZINI $auto$ff.cc:266:slice$18924.CE[0]
42124 FDRE_ZINI $auto$ff.cc:266:slice$18925.CE[0]
42125 FDRE_ZINI $auto$ff.cc:266:slice$18926.CE[0]
42126 FDRE_ZINI $auto$ff.cc:266:slice$18927.CE[0]
42127 FDRE_ZINI $auto$ff.cc:266:slice$18928.CE[0]
42128 FDRE_ZINI $auto$ff.cc:266:slice$18929.CE[0]
42129 FDRE_ZINI $auto$ff.cc:266:slice$18930.CE[0]
42130 FDRE_ZINI $auto$ff.cc:266:slice$18931.CE[0]
42131 FDRE_ZINI $auto$ff.cc:266:slice$18932.CE[0]
42132 FDRE_ZINI $auto$ff.cc:266:slice$18933.CE[0]
42133 FDRE_ZINI $auto$ff.cc:266:slice$18934.CE[0]
42134 FDRE_ZINI $auto$ff.cc:266:slice$18391.CE[0]
42135 FDRE_ZINI $auto$ff.cc:266:slice$18392.CE[0]
42136 FDRE_ZINI $auto$ff.cc:266:slice$18393.CE[0]
42137 FDRE_ZINI $auto$ff.cc:266:slice$18394.CE[0]
42138 FDRE_ZINI $auto$ff.cc:266:slice$18395.CE[0]
42139 FDRE_ZINI $auto$ff.cc:266:slice$18396.CE[0]
42140 FDRE_ZINI $auto$ff.cc:266:slice$18397.CE[0]
42141 FDRE_ZINI $auto$ff.cc:266:slice$18398.CE[0]
42142 FDRE_ZINI $auto$ff.cc:266:slice$18399.CE[0]
42143 FDRE_ZINI $auto$ff.cc:266:slice$18400.CE[0]
42144 FDRE_ZINI $auto$ff.cc:266:slice$18401.CE[0]
42145 FDRE_ZINI $auto$ff.cc:266:slice$18402.CE[0]
42146 FDRE_ZINI $auto$ff.cc:266:slice$18403.CE[0]
42147 FDRE_ZINI $auto$ff.cc:266:slice$18404.CE[0]
42148 FDRE_ZINI $auto$ff.cc:266:slice$18405.CE[0]
42149 FDRE_ZINI $auto$ff.cc:266:slice$18406.CE[0]
42150 FDRE_ZINI $auto$ff.cc:266:slice$18407.CE[0]
42151 FDRE_ZINI $auto$ff.cc:266:slice$18408.CE[0]
42152 FDRE_ZINI $auto$ff.cc:266:slice$18409.CE[0]
42153 FDRE_ZINI $auto$ff.cc:266:slice$18410.CE[0]
42154 FDRE_ZINI $auto$ff.cc:266:slice$18411.CE[0]
42155 FDRE_ZINI $auto$ff.cc:266:slice$18412.CE[0]
42156 FDRE_ZINI $auto$ff.cc:266:slice$18413.CE[0]
42157 FDRE_ZINI $auto$ff.cc:266:slice$18414.CE[0]
42158 FDRE_ZINI $auto$ff.cc:266:slice$18415.CE[0]
42159 FDRE_ZINI $auto$ff.cc:266:slice$18416.CE[0]
42160 FDRE_ZINI $auto$ff.cc:266:slice$18417.CE[0]
42161 FDRE_ZINI $auto$ff.cc:266:slice$18418.CE[0]
42162 FDRE_ZINI $auto$ff.cc:266:slice$18419.CE[0]
42163 FDRE_ZINI $auto$ff.cc:266:slice$18420.CE[0]
42164 FDRE_ZINI $auto$ff.cc:266:slice$18421.CE[0]
42165 FDRE_ZINI $auto$ff.cc:266:slice$18422.CE[0]
42166 FDRE_ZINI $auto$ff.cc:266:slice$19095.CE[0]
42167 FDRE_ZINI $auto$ff.cc:266:slice$19096.CE[0]
42168 FDRE_ZINI $auto$ff.cc:266:slice$19097.CE[0]
42169 FDRE_ZINI $auto$ff.cc:266:slice$19098.CE[0]
42170 FDRE_ZINI $auto$ff.cc:266:slice$19099.CE[0]
42171 FDRE_ZINI $auto$ff.cc:266:slice$19100.CE[0]
42172 FDRE_ZINI $auto$ff.cc:266:slice$19101.CE[0]
42173 FDRE_ZINI $auto$ff.cc:266:slice$19102.CE[0]
42174 FDRE_ZINI $auto$ff.cc:266:slice$19103.CE[0]
42175 FDRE_ZINI $auto$ff.cc:266:slice$19104.CE[0]
42176 FDRE_ZINI $auto$ff.cc:266:slice$19105.CE[0]
42177 FDRE_ZINI $auto$ff.cc:266:slice$19106.CE[0]
42178 FDRE_ZINI $auto$ff.cc:266:slice$19107.CE[0]
42179 FDRE_ZINI $auto$ff.cc:266:slice$19108.CE[0]
42180 FDRE_ZINI $auto$ff.cc:266:slice$19109.CE[0]
42181 FDRE_ZINI $auto$ff.cc:266:slice$19110.CE[0]
42182 FDRE_ZINI $auto$ff.cc:266:slice$19111.CE[0]
42183 FDRE_ZINI $auto$ff.cc:266:slice$19112.CE[0]
42184 FDRE_ZINI $auto$ff.cc:266:slice$19113.CE[0]
42185 FDRE_ZINI $auto$ff.cc:266:slice$19114.CE[0]
42186 FDRE_ZINI $auto$ff.cc:266:slice$19115.CE[0]
42187 FDRE_ZINI $auto$ff.cc:266:slice$19116.CE[0]
42188 FDRE_ZINI $auto$ff.cc:266:slice$19117.CE[0]
42189 FDRE_ZINI $auto$ff.cc:266:slice$19118.CE[0]
42190 FDRE_ZINI $auto$ff.cc:266:slice$19119.CE[0]
42191 FDRE_ZINI $auto$ff.cc:266:slice$19120.CE[0]
42192 FDRE_ZINI $auto$ff.cc:266:slice$19121.CE[0]
42193 FDRE_ZINI $auto$ff.cc:266:slice$19122.CE[0]
42194 FDRE_ZINI $auto$ff.cc:266:slice$19123.CE[0]
42195 FDRE_ZINI $auto$ff.cc:266:slice$19124.CE[0]
42196 FDRE_ZINI $auto$ff.cc:266:slice$19125.CE[0]
42197 FDRE_ZINI $auto$ff.cc:266:slice$19126.CE[0]
42198 FDRE_ZINI $auto$ff.cc:266:slice$18583.CE[0]
42199 FDRE_ZINI $auto$ff.cc:266:slice$18584.CE[0]
42200 FDRE_ZINI $auto$ff.cc:266:slice$18585.CE[0]
42201 FDRE_ZINI $auto$ff.cc:266:slice$18586.CE[0]
42202 FDRE_ZINI $auto$ff.cc:266:slice$18587.CE[0]
42203 FDRE_ZINI $auto$ff.cc:266:slice$18588.CE[0]
42204 FDRE_ZINI $auto$ff.cc:266:slice$18589.CE[0]
42205 FDRE_ZINI $auto$ff.cc:266:slice$18590.CE[0]
42206 FDRE_ZINI $auto$ff.cc:266:slice$18591.CE[0]
42207 FDRE_ZINI $auto$ff.cc:266:slice$18592.CE[0]
42208 FDRE_ZINI $auto$ff.cc:266:slice$18593.CE[0]
42209 FDRE_ZINI $auto$ff.cc:266:slice$18594.CE[0]
42210 FDRE_ZINI $auto$ff.cc:266:slice$18595.CE[0]
42211 FDRE_ZINI $auto$ff.cc:266:slice$18596.CE[0]
42212 FDRE_ZINI $auto$ff.cc:266:slice$18597.CE[0]
42213 FDRE_ZINI $auto$ff.cc:266:slice$18598.CE[0]
42214 FDRE_ZINI $auto$ff.cc:266:slice$18599.CE[0]
42215 FDRE_ZINI $auto$ff.cc:266:slice$18600.CE[0]
42216 FDRE_ZINI $auto$ff.cc:266:slice$18601.CE[0]
42217 FDRE_ZINI $auto$ff.cc:266:slice$18602.CE[0]
42218 FDRE_ZINI $auto$ff.cc:266:slice$18603.CE[0]
42219 FDRE_ZINI $auto$ff.cc:266:slice$18604.CE[0]
42220 FDRE_ZINI $auto$ff.cc:266:slice$18605.CE[0]
42221 FDRE_ZINI $auto$ff.cc:266:slice$18606.CE[0]
42222 FDRE_ZINI $auto$ff.cc:266:slice$18607.CE[0]
42223 FDRE_ZINI $auto$ff.cc:266:slice$18608.CE[0]
42224 FDRE_ZINI $auto$ff.cc:266:slice$18609.CE[0]
42225 FDRE_ZINI $auto$ff.cc:266:slice$18610.CE[0]
42226 FDRE_ZINI $auto$ff.cc:266:slice$18611.CE[0]
42227 FDRE_ZINI $auto$ff.cc:266:slice$18612.CE[0]
42228 FDRE_ZINI $auto$ff.cc:266:slice$18613.CE[0]
42229 FDRE_ZINI $auto$ff.cc:266:slice$18614.CE[0]
42230 FDRE_ZINI $auto$ff.cc:266:slice$18967.CE[0]
42231 FDRE_ZINI $auto$ff.cc:266:slice$18968.CE[0]
42232 FDRE_ZINI $auto$ff.cc:266:slice$18969.CE[0]
42233 FDRE_ZINI $auto$ff.cc:266:slice$18970.CE[0]
42234 FDRE_ZINI $auto$ff.cc:266:slice$18971.CE[0]
42235 FDRE_ZINI $auto$ff.cc:266:slice$18972.CE[0]
42236 FDRE_ZINI $auto$ff.cc:266:slice$18973.CE[0]
42237 FDRE_ZINI $auto$ff.cc:266:slice$18974.CE[0]
42238 FDRE_ZINI $auto$ff.cc:266:slice$18975.CE[0]
42239 FDRE_ZINI $auto$ff.cc:266:slice$18976.CE[0]
42240 FDRE_ZINI $auto$ff.cc:266:slice$18977.CE[0]
42241 FDRE_ZINI $auto$ff.cc:266:slice$18978.CE[0]
42242 FDRE_ZINI $auto$ff.cc:266:slice$18979.CE[0]
42243 FDRE_ZINI $auto$ff.cc:266:slice$18980.CE[0]
42244 FDRE_ZINI $auto$ff.cc:266:slice$18981.CE[0]
42245 FDRE_ZINI $auto$ff.cc:266:slice$18982.CE[0]
42246 FDRE_ZINI $auto$ff.cc:266:slice$18983.CE[0]
42247 FDRE_ZINI $auto$ff.cc:266:slice$18984.CE[0]
42248 FDRE_ZINI $auto$ff.cc:266:slice$18985.CE[0]
42249 FDRE_ZINI $auto$ff.cc:266:slice$18986.CE[0]
42250 FDRE_ZINI $auto$ff.cc:266:slice$18987.CE[0]
42251 FDRE_ZINI $auto$ff.cc:266:slice$18988.CE[0]
42252 FDRE_ZINI $auto$ff.cc:266:slice$18989.CE[0]
42253 FDRE_ZINI $auto$ff.cc:266:slice$18990.CE[0]
42254 FDRE_ZINI $auto$ff.cc:266:slice$18991.CE[0]
42255 FDRE_ZINI $auto$ff.cc:266:slice$18992.CE[0]
42256 FDRE_ZINI $auto$ff.cc:266:slice$18993.CE[0]
42257 FDRE_ZINI $auto$ff.cc:266:slice$18994.CE[0]
42258 FDRE_ZINI $auto$ff.cc:266:slice$18995.CE[0]
42259 FDRE_ZINI $auto$ff.cc:266:slice$18996.CE[0]
42260 FDRE_ZINI $auto$ff.cc:266:slice$18997.CE[0]
42261 FDRE_ZINI $auto$ff.cc:266:slice$18998.CE[0]
42262 FDRE_ZINI $auto$ff.cc:266:slice$18455.CE[0]
42263 FDRE_ZINI $auto$ff.cc:266:slice$18456.CE[0]
42264 FDRE_ZINI $auto$ff.cc:266:slice$18457.CE[0]
42265 FDRE_ZINI $auto$ff.cc:266:slice$18458.CE[0]
42266 FDRE_ZINI $auto$ff.cc:266:slice$18459.CE[0]
42267 FDRE_ZINI $auto$ff.cc:266:slice$18460.CE[0]
42268 FDRE_ZINI $auto$ff.cc:266:slice$18461.CE[0]
42269 FDRE_ZINI $auto$ff.cc:266:slice$18462.CE[0]
42270 FDRE_ZINI $auto$ff.cc:266:slice$18463.CE[0]
42271 FDRE_ZINI $auto$ff.cc:266:slice$18464.CE[0]
42272 FDRE_ZINI $auto$ff.cc:266:slice$18465.CE[0]
42273 FDRE_ZINI $auto$ff.cc:266:slice$18466.CE[0]
42274 FDRE_ZINI $auto$ff.cc:266:slice$18467.CE[0]
42275 FDRE_ZINI $auto$ff.cc:266:slice$18468.CE[0]
42276 FDRE_ZINI $auto$ff.cc:266:slice$18469.CE[0]
42277 FDRE_ZINI $auto$ff.cc:266:slice$18470.CE[0]
42278 FDRE_ZINI $auto$ff.cc:266:slice$18471.CE[0]
42279 FDRE_ZINI $auto$ff.cc:266:slice$18472.CE[0]
42280 FDRE_ZINI $auto$ff.cc:266:slice$18473.CE[0]
42281 FDRE_ZINI $auto$ff.cc:266:slice$18474.CE[0]
42282 FDRE_ZINI $auto$ff.cc:266:slice$18475.CE[0]
42283 FDRE_ZINI $auto$ff.cc:266:slice$18476.CE[0]
42284 FDRE_ZINI $auto$ff.cc:266:slice$18477.CE[0]
42285 FDRE_ZINI $auto$ff.cc:266:slice$18478.CE[0]
42286 FDRE_ZINI $auto$ff.cc:266:slice$18479.CE[0]
42287 FDRE_ZINI $auto$ff.cc:266:slice$18480.CE[0]
42288 FDRE_ZINI $auto$ff.cc:266:slice$18481.CE[0]
42289 FDRE_ZINI $auto$ff.cc:266:slice$18482.CE[0]
42290 FDRE_ZINI $auto$ff.cc:266:slice$18483.CE[0]
42291 FDRE_ZINI $auto$ff.cc:266:slice$18484.CE[0]
42292 FDRE_ZINI $auto$ff.cc:266:slice$18485.CE[0]
42293 FDRE_ZINI $auto$ff.cc:266:slice$18486.CE[0]
42294 FDRE_ZINI $auto$ff.cc:266:slice$18839.CE[0]
42295 FDRE_ZINI $auto$ff.cc:266:slice$18840.CE[0]
42296 FDRE_ZINI $auto$ff.cc:266:slice$18841.CE[0]
42297 FDRE_ZINI $auto$ff.cc:266:slice$18842.CE[0]
42298 FDRE_ZINI $auto$ff.cc:266:slice$18843.CE[0]
42299 FDRE_ZINI $auto$ff.cc:266:slice$18844.CE[0]
42300 FDRE_ZINI $auto$ff.cc:266:slice$18845.CE[0]
42301 FDRE_ZINI $auto$ff.cc:266:slice$18846.CE[0]
42302 FDRE_ZINI $auto$ff.cc:266:slice$18847.CE[0]
42303 FDRE_ZINI $auto$ff.cc:266:slice$18848.CE[0]
42304 FDRE_ZINI $auto$ff.cc:266:slice$18849.CE[0]
42305 FDRE_ZINI $auto$ff.cc:266:slice$18850.CE[0]
42306 FDRE_ZINI $auto$ff.cc:266:slice$18851.CE[0]
42307 FDRE_ZINI $auto$ff.cc:266:slice$18852.CE[0]
42308 FDRE_ZINI $auto$ff.cc:266:slice$18853.CE[0]
42309 FDRE_ZINI $auto$ff.cc:266:slice$18854.CE[0]
42310 FDRE_ZINI $auto$ff.cc:266:slice$18855.CE[0]
42311 FDRE_ZINI $auto$ff.cc:266:slice$18856.CE[0]
42312 FDRE_ZINI $auto$ff.cc:266:slice$18857.CE[0]
42313 FDRE_ZINI $auto$ff.cc:266:slice$18858.CE[0]
42314 FDRE_ZINI $auto$ff.cc:266:slice$18859.CE[0]
42315 FDRE_ZINI $auto$ff.cc:266:slice$18860.CE[0]
42316 FDRE_ZINI $auto$ff.cc:266:slice$18861.CE[0]
42317 FDRE_ZINI $auto$ff.cc:266:slice$18862.CE[0]
42318 FDRE_ZINI $auto$ff.cc:266:slice$18863.CE[0]
42319 FDRE_ZINI $auto$ff.cc:266:slice$18864.CE[0]
42320 FDRE_ZINI $auto$ff.cc:266:slice$18865.CE[0]
42321 FDRE_ZINI $auto$ff.cc:266:slice$18866.CE[0]
42322 FDRE_ZINI $auto$ff.cc:266:slice$18867.CE[0]
42323 FDRE_ZINI $auto$ff.cc:266:slice$18868.CE[0]
42324 FDRE_ZINI $auto$ff.cc:266:slice$18869.CE[0]
42325 FDRE_ZINI $auto$ff.cc:266:slice$18870.CE[0]
42326 FDRE_ZINI $auto$ff.cc:266:slice$18327.CE[0]
42327 FDRE_ZINI $auto$ff.cc:266:slice$18328.CE[0]
42328 FDRE_ZINI $auto$ff.cc:266:slice$18329.CE[0]
42329 FDRE_ZINI $auto$ff.cc:266:slice$18330.CE[0]
42330 FDRE_ZINI $auto$ff.cc:266:slice$18331.CE[0]
42331 FDRE_ZINI $auto$ff.cc:266:slice$18332.CE[0]
42332 FDRE_ZINI $auto$ff.cc:266:slice$18333.CE[0]
42333 FDRE_ZINI $auto$ff.cc:266:slice$18334.CE[0]
42334 FDRE_ZINI $auto$ff.cc:266:slice$18335.CE[0]
42335 FDRE_ZINI $auto$ff.cc:266:slice$18336.CE[0]
42336 FDRE_ZINI $auto$ff.cc:266:slice$18337.CE[0]
42337 FDRE_ZINI $auto$ff.cc:266:slice$18338.CE[0]
42338 FDRE_ZINI $auto$ff.cc:266:slice$18339.CE[0]
42339 FDRE_ZINI $auto$ff.cc:266:slice$18340.CE[0]
42340 FDRE_ZINI $auto$ff.cc:266:slice$18341.CE[0]
42341 FDRE_ZINI $auto$ff.cc:266:slice$18342.CE[0]
42342 FDRE_ZINI $auto$ff.cc:266:slice$18343.CE[0]
42343 FDRE_ZINI $auto$ff.cc:266:slice$18344.CE[0]
42344 FDRE_ZINI $auto$ff.cc:266:slice$18345.CE[0]
42345 FDRE_ZINI $auto$ff.cc:266:slice$18346.CE[0]
42346 FDRE_ZINI $auto$ff.cc:266:slice$18347.CE[0]
42347 FDRE_ZINI $auto$ff.cc:266:slice$18348.CE[0]
42348 FDRE_ZINI $auto$ff.cc:266:slice$18349.CE[0]
42349 FDRE_ZINI $auto$ff.cc:266:slice$18350.CE[0]
42350 FDRE_ZINI $auto$ff.cc:266:slice$18351.CE[0]
42351 FDRE_ZINI $auto$ff.cc:266:slice$18352.CE[0]
42352 FDRE_ZINI $auto$ff.cc:266:slice$18353.CE[0]
42353 FDRE_ZINI $auto$ff.cc:266:slice$18354.CE[0]
42354 FDRE_ZINI $auto$ff.cc:266:slice$18355.CE[0]
42355 FDRE_ZINI $auto$ff.cc:266:slice$18356.CE[0]
42356 FDRE_ZINI $auto$ff.cc:266:slice$18357.CE[0]
42357 FDRE_ZINI $auto$ff.cc:266:slice$18358.CE[0]
42358 FDRE_ZINI $auto$ff.cc:266:slice$19127.CE[0]
42359 FDRE_ZINI $auto$ff.cc:266:slice$19128.CE[0]
42360 FDRE_ZINI $auto$ff.cc:266:slice$19129.CE[0]
42361 FDRE_ZINI $auto$ff.cc:266:slice$19130.CE[0]
42362 FDRE_ZINI $auto$ff.cc:266:slice$19131.CE[0]
42363 FDRE_ZINI $auto$ff.cc:266:slice$19132.CE[0]
42364 FDRE_ZINI $auto$ff.cc:266:slice$19133.CE[0]
42365 FDRE_ZINI $auto$ff.cc:266:slice$19134.CE[0]
42366 FDRE_ZINI $auto$ff.cc:266:slice$19135.CE[0]
42367 FDRE_ZINI $auto$ff.cc:266:slice$19136.CE[0]
42368 FDRE_ZINI $auto$ff.cc:266:slice$19137.CE[0]
42369 FDRE_ZINI $auto$ff.cc:266:slice$19138.CE[0]
42370 FDRE_ZINI $auto$ff.cc:266:slice$19139.CE[0]
42371 FDRE_ZINI $auto$ff.cc:266:slice$19140.CE[0]
42372 FDRE_ZINI $auto$ff.cc:266:slice$19141.CE[0]
42373 FDRE_ZINI $auto$ff.cc:266:slice$19142.CE[0]
42374 FDRE_ZINI $auto$ff.cc:266:slice$19143.CE[0]
42375 FDRE_ZINI $auto$ff.cc:266:slice$19144.CE[0]
42376 FDRE_ZINI $auto$ff.cc:266:slice$19145.CE[0]
42377 FDRE_ZINI $auto$ff.cc:266:slice$19146.CE[0]
42378 FDRE_ZINI $auto$ff.cc:266:slice$19147.CE[0]
42379 FDRE_ZINI $auto$ff.cc:266:slice$19148.CE[0]
42380 FDRE_ZINI $auto$ff.cc:266:slice$19149.CE[0]
42381 FDRE_ZINI $auto$ff.cc:266:slice$19150.CE[0]
42382 FDRE_ZINI $auto$ff.cc:266:slice$19151.CE[0]
42383 FDRE_ZINI $auto$ff.cc:266:slice$19152.CE[0]
42384 FDRE_ZINI $auto$ff.cc:266:slice$19153.CE[0]
42385 FDRE_ZINI $auto$ff.cc:266:slice$19154.CE[0]
42386 FDRE_ZINI $auto$ff.cc:266:slice$19155.CE[0]
42387 FDRE_ZINI $auto$ff.cc:266:slice$19156.CE[0]
42388 FDRE_ZINI $auto$ff.cc:266:slice$19157.CE[0]
42389 FDRE_ZINI $auto$ff.cc:266:slice$19158.CE[0]
42390 FDRE_ZINI $auto$ff.cc:266:slice$18615.CE[0]
42391 FDRE_ZINI $auto$ff.cc:266:slice$18616.CE[0]
42392 FDRE_ZINI $auto$ff.cc:266:slice$18617.CE[0]
42393 FDRE_ZINI $auto$ff.cc:266:slice$18618.CE[0]
42394 FDRE_ZINI $auto$ff.cc:266:slice$18619.CE[0]
42395 FDRE_ZINI $auto$ff.cc:266:slice$18620.CE[0]
42396 FDRE_ZINI $auto$ff.cc:266:slice$18621.CE[0]
42397 FDRE_ZINI $auto$ff.cc:266:slice$18622.CE[0]
42398 FDRE_ZINI $auto$ff.cc:266:slice$18623.CE[0]
42399 FDRE_ZINI $auto$ff.cc:266:slice$18624.CE[0]
42400 FDRE_ZINI $auto$ff.cc:266:slice$18625.CE[0]
42401 FDRE_ZINI $auto$ff.cc:266:slice$18626.CE[0]
42402 FDRE_ZINI $auto$ff.cc:266:slice$18627.CE[0]
42403 FDRE_ZINI $auto$ff.cc:266:slice$18628.CE[0]
42404 FDRE_ZINI $auto$ff.cc:266:slice$18629.CE[0]
42405 FDRE_ZINI $auto$ff.cc:266:slice$18630.CE[0]
42406 FDRE_ZINI $auto$ff.cc:266:slice$18631.CE[0]
42407 FDRE_ZINI $auto$ff.cc:266:slice$18632.CE[0]
42408 FDRE_ZINI $auto$ff.cc:266:slice$18633.CE[0]
42409 FDRE_ZINI $auto$ff.cc:266:slice$18634.CE[0]
42410 FDRE_ZINI $auto$ff.cc:266:slice$18635.CE[0]
42411 FDRE_ZINI $auto$ff.cc:266:slice$18636.CE[0]
42412 FDRE_ZINI $auto$ff.cc:266:slice$18637.CE[0]
42413 FDRE_ZINI $auto$ff.cc:266:slice$18638.CE[0]
42414 FDRE_ZINI $auto$ff.cc:266:slice$18639.CE[0]
42415 FDRE_ZINI $auto$ff.cc:266:slice$18640.CE[0]
42416 FDRE_ZINI $auto$ff.cc:266:slice$18641.CE[0]
42417 FDRE_ZINI $auto$ff.cc:266:slice$18642.CE[0]
42418 FDRE_ZINI $auto$ff.cc:266:slice$18643.CE[0]
42419 FDRE_ZINI $auto$ff.cc:266:slice$18644.CE[0]
42420 FDRE_ZINI $auto$ff.cc:266:slice$18645.CE[0]
42421 FDRE_ZINI $auto$ff.cc:266:slice$18646.CE[0]
42422 FDRE_ZINI $auto$ff.cc:266:slice$18999.CE[0]
42423 FDRE_ZINI $auto$ff.cc:266:slice$19000.CE[0]
42424 FDRE_ZINI $auto$ff.cc:266:slice$19001.CE[0]
42425 FDRE_ZINI $auto$ff.cc:266:slice$19002.CE[0]
42426 FDRE_ZINI $auto$ff.cc:266:slice$19003.CE[0]
42427 FDRE_ZINI $auto$ff.cc:266:slice$19004.CE[0]
42428 FDRE_ZINI $auto$ff.cc:266:slice$19005.CE[0]
42429 FDRE_ZINI $auto$ff.cc:266:slice$19006.CE[0]
42430 FDRE_ZINI $auto$ff.cc:266:slice$19007.CE[0]
42431 FDRE_ZINI $auto$ff.cc:266:slice$19008.CE[0]
42432 FDRE_ZINI $auto$ff.cc:266:slice$19009.CE[0]
42433 FDRE_ZINI $auto$ff.cc:266:slice$19010.CE[0]
42434 FDRE_ZINI $auto$ff.cc:266:slice$19011.CE[0]
42435 FDRE_ZINI $auto$ff.cc:266:slice$19012.CE[0]
42436 FDRE_ZINI $auto$ff.cc:266:slice$19013.CE[0]
42437 FDRE_ZINI $auto$ff.cc:266:slice$19014.CE[0]
42438 FDRE_ZINI $auto$ff.cc:266:slice$19015.CE[0]
42439 FDRE_ZINI $auto$ff.cc:266:slice$19016.CE[0]
42440 FDRE_ZINI $auto$ff.cc:266:slice$19017.CE[0]
42441 FDRE_ZINI $auto$ff.cc:266:slice$19018.CE[0]
42442 FDRE_ZINI $auto$ff.cc:266:slice$19019.CE[0]
42443 FDRE_ZINI $auto$ff.cc:266:slice$19020.CE[0]
42444 FDRE_ZINI $auto$ff.cc:266:slice$19021.CE[0]
42445 FDRE_ZINI $auto$ff.cc:266:slice$19022.CE[0]
42446 FDRE_ZINI $auto$ff.cc:266:slice$19023.CE[0]
42447 FDRE_ZINI $auto$ff.cc:266:slice$19024.CE[0]
42448 FDRE_ZINI $auto$ff.cc:266:slice$19025.CE[0]
42449 FDRE_ZINI $auto$ff.cc:266:slice$19026.CE[0]
42450 FDRE_ZINI $auto$ff.cc:266:slice$19027.CE[0]
42451 FDRE_ZINI $auto$ff.cc:266:slice$19028.CE[0]
42452 FDRE_ZINI $auto$ff.cc:266:slice$19029.CE[0]
42453 FDRE_ZINI $auto$ff.cc:266:slice$19030.CE[0]
42454 FDRE_ZINI $auto$ff.cc:266:slice$18487.CE[0]
42455 FDRE_ZINI $auto$ff.cc:266:slice$18488.CE[0]
42456 FDRE_ZINI $auto$ff.cc:266:slice$18489.CE[0]
42457 FDRE_ZINI $auto$ff.cc:266:slice$18490.CE[0]
42458 FDRE_ZINI $auto$ff.cc:266:slice$18491.CE[0]
42459 FDRE_ZINI $auto$ff.cc:266:slice$18492.CE[0]
42460 FDRE_ZINI $auto$ff.cc:266:slice$18493.CE[0]
42461 FDRE_ZINI $auto$ff.cc:266:slice$18494.CE[0]
42462 FDRE_ZINI $auto$ff.cc:266:slice$18495.CE[0]
42463 FDRE_ZINI $auto$ff.cc:266:slice$18496.CE[0]
42464 FDRE_ZINI $auto$ff.cc:266:slice$18497.CE[0]
42465 FDRE_ZINI $auto$ff.cc:266:slice$18498.CE[0]
42466 FDRE_ZINI $auto$ff.cc:266:slice$18499.CE[0]
42467 FDRE_ZINI $auto$ff.cc:266:slice$18500.CE[0]
42468 FDRE_ZINI $auto$ff.cc:266:slice$18501.CE[0]
42469 FDRE_ZINI $auto$ff.cc:266:slice$18502.CE[0]
42470 FDRE_ZINI $auto$ff.cc:266:slice$18503.CE[0]
42471 FDRE_ZINI $auto$ff.cc:266:slice$18504.CE[0]
42472 FDRE_ZINI $auto$ff.cc:266:slice$18505.CE[0]
42473 FDRE_ZINI $auto$ff.cc:266:slice$18506.CE[0]
42474 FDRE_ZINI $auto$ff.cc:266:slice$18507.CE[0]
42475 FDRE_ZINI $auto$ff.cc:266:slice$18508.CE[0]
42476 FDRE_ZINI $auto$ff.cc:266:slice$18509.CE[0]
42477 FDRE_ZINI $auto$ff.cc:266:slice$18510.CE[0]
42478 FDRE_ZINI $auto$ff.cc:266:slice$18511.CE[0]
42479 FDRE_ZINI $auto$ff.cc:266:slice$18512.CE[0]
42480 FDRE_ZINI $auto$ff.cc:266:slice$18513.CE[0]
42481 FDRE_ZINI $auto$ff.cc:266:slice$18514.CE[0]
42482 FDRE_ZINI $auto$ff.cc:266:slice$18515.CE[0]
42483 FDRE_ZINI $auto$ff.cc:266:slice$18516.CE[0]
42484 FDRE_ZINI $auto$ff.cc:266:slice$18517.CE[0]
42485 FDRE_ZINI $auto$ff.cc:266:slice$18518.CE[0]
42486 FDRE_ZINI $auto$ff.cc:266:slice$18871.CE[0]
42487 FDRE_ZINI $auto$ff.cc:266:slice$18872.CE[0]
42488 FDRE_ZINI $auto$ff.cc:266:slice$18873.CE[0]
42489 FDRE_ZINI $auto$ff.cc:266:slice$18874.CE[0]
42490 FDRE_ZINI $auto$ff.cc:266:slice$18875.CE[0]
42491 FDRE_ZINI $auto$ff.cc:266:slice$18876.CE[0]
42492 FDRE_ZINI $auto$ff.cc:266:slice$18877.CE[0]
42493 FDRE_ZINI $auto$ff.cc:266:slice$18878.CE[0]
42494 FDRE_ZINI $auto$ff.cc:266:slice$18879.CE[0]
42495 FDRE_ZINI $auto$ff.cc:266:slice$18880.CE[0]
42496 FDRE_ZINI $auto$ff.cc:266:slice$18881.CE[0]
42497 FDRE_ZINI $auto$ff.cc:266:slice$18882.CE[0]
42498 FDRE_ZINI $auto$ff.cc:266:slice$18883.CE[0]
42499 FDRE_ZINI $auto$ff.cc:266:slice$18884.CE[0]
42500 FDRE_ZINI $auto$ff.cc:266:slice$18885.CE[0]
42501 FDRE_ZINI $auto$ff.cc:266:slice$18886.CE[0]
42502 FDRE_ZINI $auto$ff.cc:266:slice$18887.CE[0]
42503 FDRE_ZINI $auto$ff.cc:266:slice$18888.CE[0]
42504 FDRE_ZINI $auto$ff.cc:266:slice$18889.CE[0]
42505 FDRE_ZINI $auto$ff.cc:266:slice$18890.CE[0]
42506 FDRE_ZINI $auto$ff.cc:266:slice$18891.CE[0]
42507 FDRE_ZINI $auto$ff.cc:266:slice$18892.CE[0]
42508 FDRE_ZINI $auto$ff.cc:266:slice$18893.CE[0]
42509 FDRE_ZINI $auto$ff.cc:266:slice$18894.CE[0]
42510 FDRE_ZINI $auto$ff.cc:266:slice$18895.CE[0]
42511 FDRE_ZINI $auto$ff.cc:266:slice$18896.CE[0]
42512 FDRE_ZINI $auto$ff.cc:266:slice$18897.CE[0]
42513 FDRE_ZINI $auto$ff.cc:266:slice$18898.CE[0]
42514 FDRE_ZINI $auto$ff.cc:266:slice$18899.CE[0]
42515 FDRE_ZINI $auto$ff.cc:266:slice$18900.CE[0]
42516 FDRE_ZINI $auto$ff.cc:266:slice$18901.CE[0]
42517 FDRE_ZINI $auto$ff.cc:266:slice$18902.CE[0]
42518 FDRE_ZINI $auto$ff.cc:266:slice$18359.CE[0]
42519 FDRE_ZINI $auto$ff.cc:266:slice$18360.CE[0]
42520 FDRE_ZINI $auto$ff.cc:266:slice$18361.CE[0]
42521 FDRE_ZINI $auto$ff.cc:266:slice$18362.CE[0]
42522 FDRE_ZINI $auto$ff.cc:266:slice$18363.CE[0]
42523 FDRE_ZINI $auto$ff.cc:266:slice$18364.CE[0]
42524 FDRE_ZINI $auto$ff.cc:266:slice$18365.CE[0]
42525 FDRE_ZINI $auto$ff.cc:266:slice$18366.CE[0]
42526 FDRE_ZINI $auto$ff.cc:266:slice$18367.CE[0]
42527 FDRE_ZINI $auto$ff.cc:266:slice$18368.CE[0]
42528 FDRE_ZINI $auto$ff.cc:266:slice$18369.CE[0]
42529 FDRE_ZINI $auto$ff.cc:266:slice$18370.CE[0]
42530 FDRE_ZINI $auto$ff.cc:266:slice$18371.CE[0]
42531 FDRE_ZINI $auto$ff.cc:266:slice$18372.CE[0]
42532 FDRE_ZINI $auto$ff.cc:266:slice$18373.CE[0]
42533 FDRE_ZINI $auto$ff.cc:266:slice$18374.CE[0]
42534 FDRE_ZINI $auto$ff.cc:266:slice$18375.CE[0]
42535 FDRE_ZINI $auto$ff.cc:266:slice$18376.CE[0]
42536 FDRE_ZINI $auto$ff.cc:266:slice$18377.CE[0]
42537 FDRE_ZINI $auto$ff.cc:266:slice$18378.CE[0]
42538 FDRE_ZINI $auto$ff.cc:266:slice$18379.CE[0]
42539 FDRE_ZINI $auto$ff.cc:266:slice$18380.CE[0]
42540 FDRE_ZINI $auto$ff.cc:266:slice$18381.CE[0]
42541 FDRE_ZINI $auto$ff.cc:266:slice$18382.CE[0]
42542 FDRE_ZINI $auto$ff.cc:266:slice$18383.CE[0]
42543 FDRE_ZINI $auto$ff.cc:266:slice$18384.CE[0]
42544 FDRE_ZINI $auto$ff.cc:266:slice$18385.CE[0]
42545 FDRE_ZINI $auto$ff.cc:266:slice$18386.CE[0]
42546 FDRE_ZINI $auto$ff.cc:266:slice$18387.CE[0]
42547 FDRE_ZINI $auto$ff.cc:266:slice$18388.CE[0]
42548 FDRE_ZINI $auto$ff.cc:266:slice$18389.CE[0]
42549 FDRE_ZINI $auto$ff.cc:266:slice$18390.CE[0]
42550 FDRE_ZINI $auto$ff.cc:266:slice$19191.CE[0]
42551 FDRE_ZINI $auto$ff.cc:266:slice$19192.CE[0]
42552 FDRE_ZINI $auto$ff.cc:266:slice$19193.CE[0]
42553 FDRE_ZINI $auto$ff.cc:266:slice$19194.CE[0]
42554 FDRE_ZINI $auto$ff.cc:266:slice$19195.CE[0]
42555 FDRE_ZINI $auto$ff.cc:266:slice$19196.CE[0]
42556 FDRE_ZINI $auto$ff.cc:266:slice$19197.CE[0]
42557 FDRE_ZINI $auto$ff.cc:266:slice$19198.CE[0]
42558 FDRE_ZINI $auto$ff.cc:266:slice$19199.CE[0]
42559 FDRE_ZINI $auto$ff.cc:266:slice$19200.CE[0]
42560 FDRE_ZINI $auto$ff.cc:266:slice$19201.CE[0]
42561 FDRE_ZINI $auto$ff.cc:266:slice$19202.CE[0]
42562 FDRE_ZINI $auto$ff.cc:266:slice$19203.CE[0]
42563 FDRE_ZINI $auto$ff.cc:266:slice$19204.CE[0]
42564 FDRE_ZINI $auto$ff.cc:266:slice$19205.CE[0]
42565 FDRE_ZINI $auto$ff.cc:266:slice$19206.CE[0]
42566 FDRE_ZINI $auto$ff.cc:266:slice$19207.CE[0]
42567 FDRE_ZINI $auto$ff.cc:266:slice$19208.CE[0]
42568 FDRE_ZINI $auto$ff.cc:266:slice$19209.CE[0]
42569 FDRE_ZINI $auto$ff.cc:266:slice$19210.CE[0]
42570 FDRE_ZINI $auto$ff.cc:266:slice$19211.CE[0]
42571 FDRE_ZINI $auto$ff.cc:266:slice$19212.CE[0]
42572 FDRE_ZINI $auto$ff.cc:266:slice$19213.CE[0]
42573 FDRE_ZINI $auto$ff.cc:266:slice$19214.CE[0]
42574 FDRE_ZINI $auto$ff.cc:266:slice$19215.CE[0]
42575 FDRE_ZINI $auto$ff.cc:266:slice$19216.CE[0]
42576 FDRE_ZINI $auto$ff.cc:266:slice$19217.CE[0]
42577 FDRE_ZINI $auto$ff.cc:266:slice$19218.CE[0]
42578 FDRE_ZINI $auto$ff.cc:266:slice$19219.CE[0]
42579 FDRE_ZINI $auto$ff.cc:266:slice$19220.CE[0]
42580 FDRE_ZINI $auto$ff.cc:266:slice$19221.CE[0]
42581 FDRE_ZINI $auto$ff.cc:266:slice$19222.CE[0]
42582 FDRE_ZINI $auto$ff.cc:266:slice$18679.CE[0]
42583 FDRE_ZINI $auto$ff.cc:266:slice$18680.CE[0]
42584 FDRE_ZINI $auto$ff.cc:266:slice$18681.CE[0]
42585 FDRE_ZINI $auto$ff.cc:266:slice$18682.CE[0]
42586 FDRE_ZINI $auto$ff.cc:266:slice$18683.CE[0]
42587 FDRE_ZINI $auto$ff.cc:266:slice$18684.CE[0]
42588 FDRE_ZINI $auto$ff.cc:266:slice$18685.CE[0]
42589 FDRE_ZINI $auto$ff.cc:266:slice$18686.CE[0]
42590 FDRE_ZINI $auto$ff.cc:266:slice$18687.CE[0]
42591 FDRE_ZINI $auto$ff.cc:266:slice$18688.CE[0]
42592 FDRE_ZINI $auto$ff.cc:266:slice$18689.CE[0]
42593 FDRE_ZINI $auto$ff.cc:266:slice$18690.CE[0]
42594 FDRE_ZINI $auto$ff.cc:266:slice$18691.CE[0]
42595 FDRE_ZINI $auto$ff.cc:266:slice$18692.CE[0]
42596 FDRE_ZINI $auto$ff.cc:266:slice$18693.CE[0]
42597 FDRE_ZINI $auto$ff.cc:266:slice$18694.CE[0]
42598 FDRE_ZINI $auto$ff.cc:266:slice$18695.CE[0]
42599 FDRE_ZINI $auto$ff.cc:266:slice$18696.CE[0]
42600 FDRE_ZINI $auto$ff.cc:266:slice$18697.CE[0]
42601 FDRE_ZINI $auto$ff.cc:266:slice$18698.CE[0]
42602 FDRE_ZINI $auto$ff.cc:266:slice$18699.CE[0]
42603 FDRE_ZINI $auto$ff.cc:266:slice$18700.CE[0]
42604 FDRE_ZINI $auto$ff.cc:266:slice$18701.CE[0]
42605 FDRE_ZINI $auto$ff.cc:266:slice$18702.CE[0]
42606 FDRE_ZINI $auto$ff.cc:266:slice$18703.CE[0]
42607 FDRE_ZINI $auto$ff.cc:266:slice$18704.CE[0]
42608 FDRE_ZINI $auto$ff.cc:266:slice$18705.CE[0]
42609 FDRE_ZINI $auto$ff.cc:266:slice$18706.CE[0]
42610 FDRE_ZINI $auto$ff.cc:266:slice$18707.CE[0]
42611 FDRE_ZINI $auto$ff.cc:266:slice$18708.CE[0]
42612 FDRE_ZINI $auto$ff.cc:266:slice$18709.CE[0]
42613 FDRE_ZINI $auto$ff.cc:266:slice$18710.CE[0]
42614 FDRE_ZINI $auto$ff.cc:266:slice$19063.CE[0]
42615 FDRE_ZINI $auto$ff.cc:266:slice$19064.CE[0]
42616 FDRE_ZINI $auto$ff.cc:266:slice$19065.CE[0]
42617 FDRE_ZINI $auto$ff.cc:266:slice$19066.CE[0]
42618 FDRE_ZINI $auto$ff.cc:266:slice$19067.CE[0]
42619 FDRE_ZINI $auto$ff.cc:266:slice$19068.CE[0]
42620 FDRE_ZINI $auto$ff.cc:266:slice$19069.CE[0]
42621 FDRE_ZINI $auto$ff.cc:266:slice$19070.CE[0]
42622 FDRE_ZINI $auto$ff.cc:266:slice$19071.CE[0]
42623 FDRE_ZINI $auto$ff.cc:266:slice$19072.CE[0]
42624 FDRE_ZINI $auto$ff.cc:266:slice$19073.CE[0]
42625 FDRE_ZINI $auto$ff.cc:266:slice$19074.CE[0]
42626 FDRE_ZINI $auto$ff.cc:266:slice$19075.CE[0]
42627 FDRE_ZINI $auto$ff.cc:266:slice$19076.CE[0]
42628 FDRE_ZINI $auto$ff.cc:266:slice$19077.CE[0]
42629 FDRE_ZINI $auto$ff.cc:266:slice$19078.CE[0]
42630 FDRE_ZINI $auto$ff.cc:266:slice$19079.CE[0]
42631 FDRE_ZINI $auto$ff.cc:266:slice$19080.CE[0]
42632 FDRE_ZINI $auto$ff.cc:266:slice$19081.CE[0]
42633 FDRE_ZINI $auto$ff.cc:266:slice$19082.CE[0]
42634 FDRE_ZINI $auto$ff.cc:266:slice$19083.CE[0]
42635 FDRE_ZINI $auto$ff.cc:266:slice$19084.CE[0]
42636 FDRE_ZINI $auto$ff.cc:266:slice$19085.CE[0]
42637 FDRE_ZINI $auto$ff.cc:266:slice$19086.CE[0]
42638 FDRE_ZINI $auto$ff.cc:266:slice$19087.CE[0]
42639 FDRE_ZINI $auto$ff.cc:266:slice$19088.CE[0]
42640 FDRE_ZINI $auto$ff.cc:266:slice$19089.CE[0]
42641 FDRE_ZINI $auto$ff.cc:266:slice$19090.CE[0]
42642 FDRE_ZINI $auto$ff.cc:266:slice$19091.CE[0]
42643 FDRE_ZINI $auto$ff.cc:266:slice$19092.CE[0]
42644 FDRE_ZINI $auto$ff.cc:266:slice$19093.CE[0]
42645 FDRE_ZINI $auto$ff.cc:266:slice$19094.CE[0]
42646 FDRE_ZINI $auto$ff.cc:266:slice$18551.CE[0]
42647 FDRE_ZINI $auto$ff.cc:266:slice$18552.CE[0]
42648 FDRE_ZINI $auto$ff.cc:266:slice$18553.CE[0]
42649 FDRE_ZINI $auto$ff.cc:266:slice$18554.CE[0]
42650 FDRE_ZINI $auto$ff.cc:266:slice$18555.CE[0]
42651 FDRE_ZINI $auto$ff.cc:266:slice$18556.CE[0]
42652 FDRE_ZINI $auto$ff.cc:266:slice$18557.CE[0]
42653 FDRE_ZINI $auto$ff.cc:266:slice$18558.CE[0]
42654 FDRE_ZINI $auto$ff.cc:266:slice$18559.CE[0]
42655 FDRE_ZINI $auto$ff.cc:266:slice$18560.CE[0]
42656 FDRE_ZINI $auto$ff.cc:266:slice$18561.CE[0]
42657 FDRE_ZINI $auto$ff.cc:266:slice$18562.CE[0]
42658 FDRE_ZINI $auto$ff.cc:266:slice$18563.CE[0]
42659 FDRE_ZINI $auto$ff.cc:266:slice$18564.CE[0]
42660 FDRE_ZINI $auto$ff.cc:266:slice$18565.CE[0]
42661 FDRE_ZINI $auto$ff.cc:266:slice$18566.CE[0]
42662 FDRE_ZINI $auto$ff.cc:266:slice$18567.CE[0]
42663 FDRE_ZINI $auto$ff.cc:266:slice$18568.CE[0]
42664 FDRE_ZINI $auto$ff.cc:266:slice$18569.CE[0]
42665 FDRE_ZINI $auto$ff.cc:266:slice$18570.CE[0]
42666 FDRE_ZINI $auto$ff.cc:266:slice$18571.CE[0]
42667 FDRE_ZINI $auto$ff.cc:266:slice$18572.CE[0]
42668 FDRE_ZINI $auto$ff.cc:266:slice$18573.CE[0]
42669 FDRE_ZINI $auto$ff.cc:266:slice$18574.CE[0]
42670 FDRE_ZINI $auto$ff.cc:266:slice$18575.CE[0]
42671 FDRE_ZINI $auto$ff.cc:266:slice$18576.CE[0]
42672 FDRE_ZINI $auto$ff.cc:266:slice$18577.CE[0]
42673 FDRE_ZINI $auto$ff.cc:266:slice$18578.CE[0]
42674 FDRE_ZINI $auto$ff.cc:266:slice$18579.CE[0]
42675 FDRE_ZINI $auto$ff.cc:266:slice$18580.CE[0]
42676 FDRE_ZINI $auto$ff.cc:266:slice$18581.CE[0]
42677 FDRE_ZINI $auto$ff.cc:266:slice$18582.CE[0]
42678 FDRE_ZINI $auto$ff.cc:266:slice$18935.CE[0]
42679 FDRE_ZINI $auto$ff.cc:266:slice$18936.CE[0]
42680 FDRE_ZINI $auto$ff.cc:266:slice$18937.CE[0]
42681 FDRE_ZINI $auto$ff.cc:266:slice$18938.CE[0]
42682 FDRE_ZINI $auto$ff.cc:266:slice$18939.CE[0]
42683 FDRE_ZINI $auto$ff.cc:266:slice$18940.CE[0]
42684 FDRE_ZINI $auto$ff.cc:266:slice$18941.CE[0]
42685 FDRE_ZINI $auto$ff.cc:266:slice$18942.CE[0]
42686 FDRE_ZINI $auto$ff.cc:266:slice$18943.CE[0]
42687 FDRE_ZINI $auto$ff.cc:266:slice$18944.CE[0]
42688 FDRE_ZINI $auto$ff.cc:266:slice$18945.CE[0]
42689 FDRE_ZINI $auto$ff.cc:266:slice$18946.CE[0]
42690 FDRE_ZINI $auto$ff.cc:266:slice$18947.CE[0]
42691 FDRE_ZINI $auto$ff.cc:266:slice$18948.CE[0]
42692 FDRE_ZINI $auto$ff.cc:266:slice$18949.CE[0]
42693 FDRE_ZINI $auto$ff.cc:266:slice$18950.CE[0]
42694 FDRE_ZINI $auto$ff.cc:266:slice$18951.CE[0]
42695 FDRE_ZINI $auto$ff.cc:266:slice$18952.CE[0]
42696 FDRE_ZINI $auto$ff.cc:266:slice$18953.CE[0]
42697 FDRE_ZINI $auto$ff.cc:266:slice$18954.CE[0]
42698 FDRE_ZINI $auto$ff.cc:266:slice$18955.CE[0]
42699 FDRE_ZINI $auto$ff.cc:266:slice$18956.CE[0]
42700 FDRE_ZINI $auto$ff.cc:266:slice$18957.CE[0]
42701 FDRE_ZINI $auto$ff.cc:266:slice$18958.CE[0]
42702 FDRE_ZINI $auto$ff.cc:266:slice$18959.CE[0]
42703 FDRE_ZINI $auto$ff.cc:266:slice$18960.CE[0]
42704 FDRE_ZINI $auto$ff.cc:266:slice$18961.CE[0]
42705 FDRE_ZINI $auto$ff.cc:266:slice$18962.CE[0]
42706 FDRE_ZINI $auto$ff.cc:266:slice$18963.CE[0]
42707 FDRE_ZINI $auto$ff.cc:266:slice$18964.CE[0]
42708 FDRE_ZINI $auto$ff.cc:266:slice$18965.CE[0]
42709 FDRE_ZINI $auto$ff.cc:266:slice$18966.CE[0]
42710 FDRE_ZINI $auto$ff.cc:266:slice$18423.CE[0]
42711 FDRE_ZINI $auto$ff.cc:266:slice$18424.CE[0]
42712 FDRE_ZINI $auto$ff.cc:266:slice$18425.CE[0]
42713 FDRE_ZINI $auto$ff.cc:266:slice$18426.CE[0]
42714 FDRE_ZINI $auto$ff.cc:266:slice$18427.CE[0]
42715 FDRE_ZINI $auto$ff.cc:266:slice$18428.CE[0]
42716 FDRE_ZINI $auto$ff.cc:266:slice$18429.CE[0]
42717 FDRE_ZINI $auto$ff.cc:266:slice$18430.CE[0]
42718 FDRE_ZINI $auto$ff.cc:266:slice$18431.CE[0]
42719 FDRE_ZINI $auto$ff.cc:266:slice$18432.CE[0]
42720 FDRE_ZINI $auto$ff.cc:266:slice$18433.CE[0]
42721 FDRE_ZINI $auto$ff.cc:266:slice$18434.CE[0]
42722 FDRE_ZINI $auto$ff.cc:266:slice$18435.CE[0]
42723 FDRE_ZINI $auto$ff.cc:266:slice$18436.CE[0]
42724 FDRE_ZINI $auto$ff.cc:266:slice$18437.CE[0]
42725 FDRE_ZINI $auto$ff.cc:266:slice$18438.CE[0]
42726 FDRE_ZINI $auto$ff.cc:266:slice$18439.CE[0]
42727 FDRE_ZINI $auto$ff.cc:266:slice$18440.CE[0]
42728 FDRE_ZINI $auto$ff.cc:266:slice$18441.CE[0]
42729 FDRE_ZINI $auto$ff.cc:266:slice$18442.CE[0]
42730 FDRE_ZINI $auto$ff.cc:266:slice$18443.CE[0]
42731 FDRE_ZINI $auto$ff.cc:266:slice$18444.CE[0]
42732 FDRE_ZINI $auto$ff.cc:266:slice$18445.CE[0]
42733 FDRE_ZINI $auto$ff.cc:266:slice$18446.CE[0]
42734 FDRE_ZINI $auto$ff.cc:266:slice$18447.CE[0]
42735 FDRE_ZINI $auto$ff.cc:266:slice$18448.CE[0]
42736 FDRE_ZINI $auto$ff.cc:266:slice$18449.CE[0]
42737 FDRE_ZINI $auto$ff.cc:266:slice$18450.CE[0]
42738 FDRE_ZINI $auto$ff.cc:266:slice$18451.CE[0]
42739 FDRE_ZINI $auto$ff.cc:266:slice$18452.CE[0]
42740 FDRE_ZINI $auto$ff.cc:266:slice$18453.CE[0]
42741 FDRE_ZINI $auto$ff.cc:266:slice$18454.CE[0]
42742 FDCE_ZINI $auto$ff.cc:266:slice$15308.CE[0]
42743 FDRE_ZINI $auto$ff.cc:266:slice$24122.D[0]
42744 FDCE_ZINI $auto$ff.cc:266:slice$17358.D[0]
42745 FDCE_ZINI $auto$ff.cc:266:slice$17425.D[0]
42746 FDCE_ZINI $auto$ff.cc:266:slice$17359.D[0]
42747 FDCE_ZINI $auto$ff.cc:266:slice$17426.D[0]
42748 FDRE_ZINI $auto$ff.cc:266:slice$18330.D[0]
42749 FDRE_ZINI $auto$ff.cc:266:slice$18362.D[0]
42750 FDRE_ZINI $auto$ff.cc:266:slice$18394.D[0]
42751 FDRE_ZINI $auto$ff.cc:266:slice$18426.D[0]
42752 FDRE_ZINI $auto$ff.cc:266:slice$18458.D[0]
42753 FDRE_ZINI $auto$ff.cc:266:slice$18490.D[0]
42754 FDRE_ZINI $auto$ff.cc:266:slice$18522.D[0]
42755 FDRE_ZINI $auto$ff.cc:266:slice$18554.D[0]
42756 FDRE_ZINI $auto$ff.cc:266:slice$18586.D[0]
42757 FDRE_ZINI $auto$ff.cc:266:slice$18618.D[0]
42758 FDRE_ZINI $auto$ff.cc:266:slice$18650.D[0]
42759 FDRE_ZINI $auto$ff.cc:266:slice$18682.D[0]
42760 FDRE_ZINI $auto$ff.cc:266:slice$18714.D[0]
42761 FDRE_ZINI $auto$ff.cc:266:slice$18746.D[0]
42762 FDRE_ZINI $auto$ff.cc:266:slice$18778.D[0]
42763 FDRE_ZINI $auto$ff.cc:266:slice$18810.D[0]
42764 FDRE_ZINI $auto$ff.cc:266:slice$18842.D[0]
42765 FDRE_ZINI $auto$ff.cc:266:slice$18874.D[0]
42766 FDRE_ZINI $auto$ff.cc:266:slice$18906.D[0]
42767 FDRE_ZINI $auto$ff.cc:266:slice$18938.D[0]
42768 FDRE_ZINI $auto$ff.cc:266:slice$18970.D[0]
42769 FDRE_ZINI $auto$ff.cc:266:slice$19002.D[0]
42770 FDRE_ZINI $auto$ff.cc:266:slice$19034.D[0]
42771 FDRE_ZINI $auto$ff.cc:266:slice$19066.D[0]
42772 FDRE_ZINI $auto$ff.cc:266:slice$19098.D[0]
42773 FDRE_ZINI $auto$ff.cc:266:slice$19130.D[0]
42774 FDRE_ZINI $auto$ff.cc:266:slice$19162.D[0]
42775 FDRE_ZINI $auto$ff.cc:266:slice$19194.D[0]
42776 FDRE_ZINI $auto$ff.cc:266:slice$19226.D[0]
42777 FDRE_ZINI $auto$ff.cc:266:slice$19258.D[0]
42778 FDRE_ZINI $auto$ff.cc:266:slice$19290.D[0]
42779 FDCE_ZINI $auto$ff.cc:266:slice$17357.D[0]
42780 FDCE_ZINI $auto$ff.cc:266:slice$17424.D[0]
42781 FDCE_ZINI $auto$ff.cc:266:slice$17360.D[0]
42782 FDCE_ZINI $auto$ff.cc:266:slice$17427.D[0]
42783 FDRE_ZINI $auto$ff.cc:266:slice$18329.D[0]
42784 FDRE_ZINI $auto$ff.cc:266:slice$18361.D[0]
42785 FDRE_ZINI $auto$ff.cc:266:slice$18393.D[0]
42786 FDRE_ZINI $auto$ff.cc:266:slice$18425.D[0]
42787 FDRE_ZINI $auto$ff.cc:266:slice$18457.D[0]
42788 FDRE_ZINI $auto$ff.cc:266:slice$18489.D[0]
42789 FDRE_ZINI $auto$ff.cc:266:slice$18521.D[0]
42790 FDRE_ZINI $auto$ff.cc:266:slice$18553.D[0]
42791 FDRE_ZINI $auto$ff.cc:266:slice$18585.D[0]
42792 FDRE_ZINI $auto$ff.cc:266:slice$18617.D[0]
42793 FDRE_ZINI $auto$ff.cc:266:slice$18649.D[0]
42794 FDRE_ZINI $auto$ff.cc:266:slice$18681.D[0]
42795 FDRE_ZINI $auto$ff.cc:266:slice$18713.D[0]
42796 FDRE_ZINI $auto$ff.cc:266:slice$18745.D[0]
42797 FDRE_ZINI $auto$ff.cc:266:slice$18777.D[0]
42798 FDRE_ZINI $auto$ff.cc:266:slice$18809.D[0]
42799 FDRE_ZINI $auto$ff.cc:266:slice$18841.D[0]
42800 FDRE_ZINI $auto$ff.cc:266:slice$18873.D[0]
42801 FDRE_ZINI $auto$ff.cc:266:slice$18905.D[0]
42802 FDRE_ZINI $auto$ff.cc:266:slice$18937.D[0]
42803 FDRE_ZINI $auto$ff.cc:266:slice$18969.D[0]
42804 FDRE_ZINI $auto$ff.cc:266:slice$19001.D[0]
42805 FDRE_ZINI $auto$ff.cc:266:slice$19033.D[0]
42806 FDRE_ZINI $auto$ff.cc:266:slice$19065.D[0]
42807 FDRE_ZINI $auto$ff.cc:266:slice$19097.D[0]
42808 FDRE_ZINI $auto$ff.cc:266:slice$19129.D[0]
42809 FDRE_ZINI $auto$ff.cc:266:slice$19161.D[0]
42810 FDRE_ZINI $auto$ff.cc:266:slice$19193.D[0]
42811 FDRE_ZINI $auto$ff.cc:266:slice$19225.D[0]
42812 FDRE_ZINI $auto$ff.cc:266:slice$19257.D[0]
42813 FDRE_ZINI $auto$ff.cc:266:slice$19289.D[0]
42814 FDRE_ZINI $auto$ff.cc:266:slice$18328.D[0]
42815 FDRE_ZINI $auto$ff.cc:266:slice$18360.D[0]
42816 FDRE_ZINI $auto$ff.cc:266:slice$18392.D[0]
42817 FDRE_ZINI $auto$ff.cc:266:slice$18424.D[0]
42818 FDRE_ZINI $auto$ff.cc:266:slice$18456.D[0]
42819 FDRE_ZINI $auto$ff.cc:266:slice$18488.D[0]
42820 FDRE_ZINI $auto$ff.cc:266:slice$18520.D[0]
42821 FDRE_ZINI $auto$ff.cc:266:slice$18552.D[0]
42822 FDRE_ZINI $auto$ff.cc:266:slice$18584.D[0]
42823 FDRE_ZINI $auto$ff.cc:266:slice$18616.D[0]
42824 FDRE_ZINI $auto$ff.cc:266:slice$18648.D[0]
42825 FDRE_ZINI $auto$ff.cc:266:slice$18680.D[0]
42826 FDRE_ZINI $auto$ff.cc:266:slice$18712.D[0]
42827 FDRE_ZINI $auto$ff.cc:266:slice$18744.D[0]
42828 FDRE_ZINI $auto$ff.cc:266:slice$18776.D[0]
42829 FDRE_ZINI $auto$ff.cc:266:slice$18808.D[0]
42830 FDRE_ZINI $auto$ff.cc:266:slice$18840.D[0]
42831 FDRE_ZINI $auto$ff.cc:266:slice$18872.D[0]
42832 FDRE_ZINI $auto$ff.cc:266:slice$18904.D[0]
42833 FDRE_ZINI $auto$ff.cc:266:slice$18936.D[0]
42834 FDRE_ZINI $auto$ff.cc:266:slice$18968.D[0]
42835 FDRE_ZINI $auto$ff.cc:266:slice$19000.D[0]
42836 FDRE_ZINI $auto$ff.cc:266:slice$19032.D[0]
42837 FDRE_ZINI $auto$ff.cc:266:slice$19064.D[0]
42838 FDRE_ZINI $auto$ff.cc:266:slice$19096.D[0]
42839 FDRE_ZINI $auto$ff.cc:266:slice$19128.D[0]
42840 FDRE_ZINI $auto$ff.cc:266:slice$19160.D[0]
42841 FDRE_ZINI $auto$ff.cc:266:slice$19192.D[0]
42842 FDRE_ZINI $auto$ff.cc:266:slice$19224.D[0]
42843 FDRE_ZINI $auto$ff.cc:266:slice$19256.D[0]
42844 FDRE_ZINI $auto$ff.cc:266:slice$19288.D[0]
42845 FDCE_ZINI $auto$ff.cc:266:slice$17363.D[0]
42846 FDCE_ZINI $auto$ff.cc:266:slice$17430.D[0]
42847 FDCE_ZINI $auto$ff.cc:266:slice$17362.D[0]
42848 FDCE_ZINI $auto$ff.cc:266:slice$17429.D[0]
42849 FDCE_ZINI $auto$ff.cc:266:slice$17361.D[0]
42850 FDCE_ZINI $auto$ff.cc:266:slice$17428.D[0]
42851 FDRE_ZINI $auto$ff.cc:266:slice$18331.D[0]
42852 FDRE_ZINI $auto$ff.cc:266:slice$18363.D[0]
42853 FDRE_ZINI $auto$ff.cc:266:slice$18395.D[0]
42854 FDRE_ZINI $auto$ff.cc:266:slice$18427.D[0]
42855 FDRE_ZINI $auto$ff.cc:266:slice$18459.D[0]
42856 FDRE_ZINI $auto$ff.cc:266:slice$18491.D[0]
42857 FDRE_ZINI $auto$ff.cc:266:slice$18523.D[0]
42858 FDRE_ZINI $auto$ff.cc:266:slice$18555.D[0]
42859 FDRE_ZINI $auto$ff.cc:266:slice$18587.D[0]
42860 FDRE_ZINI $auto$ff.cc:266:slice$18619.D[0]
42861 FDRE_ZINI $auto$ff.cc:266:slice$18651.D[0]
42862 FDRE_ZINI $auto$ff.cc:266:slice$18683.D[0]
42863 FDRE_ZINI $auto$ff.cc:266:slice$18715.D[0]
42864 FDRE_ZINI $auto$ff.cc:266:slice$18747.D[0]
42865 FDRE_ZINI $auto$ff.cc:266:slice$18779.D[0]
42866 FDRE_ZINI $auto$ff.cc:266:slice$18811.D[0]
42867 FDRE_ZINI $auto$ff.cc:266:slice$18843.D[0]
42868 FDRE_ZINI $auto$ff.cc:266:slice$18875.D[0]
42869 FDRE_ZINI $auto$ff.cc:266:slice$18907.D[0]
42870 FDRE_ZINI $auto$ff.cc:266:slice$18939.D[0]
42871 FDRE_ZINI $auto$ff.cc:266:slice$18971.D[0]
42872 FDRE_ZINI $auto$ff.cc:266:slice$19003.D[0]
42873 FDRE_ZINI $auto$ff.cc:266:slice$19035.D[0]
42874 FDRE_ZINI $auto$ff.cc:266:slice$19067.D[0]
42875 FDRE_ZINI $auto$ff.cc:266:slice$19099.D[0]
42876 FDRE_ZINI $auto$ff.cc:266:slice$19131.D[0]
42877 FDRE_ZINI $auto$ff.cc:266:slice$19163.D[0]
42878 FDRE_ZINI $auto$ff.cc:266:slice$19195.D[0]
42879 FDRE_ZINI $auto$ff.cc:266:slice$19227.D[0]
42880 FDRE_ZINI $auto$ff.cc:266:slice$19259.D[0]
42881 FDRE_ZINI $auto$ff.cc:266:slice$19291.D[0]
42882 FDCE_ZINI $auto$ff.cc:266:slice$17367.D[0]
42883 FDCE_ZINI $auto$ff.cc:266:slice$17434.D[0]
42884 FDCE_ZINI $auto$ff.cc:266:slice$17366.D[0]
42885 FDCE_ZINI $auto$ff.cc:266:slice$17433.D[0]
42886 FDCE_ZINI $auto$ff.cc:266:slice$17365.D[0]
42887 FDCE_ZINI $auto$ff.cc:266:slice$17432.D[0]
42888 FDCE_ZINI $auto$ff.cc:266:slice$17364.D[0]
42889 FDCE_ZINI $auto$ff.cc:266:slice$17431.D[0]
42890 FDRE_ZINI $auto$ff.cc:266:slice$18334.D[0]
42891 FDRE_ZINI $auto$ff.cc:266:slice$18366.D[0]
42892 FDRE_ZINI $auto$ff.cc:266:slice$18398.D[0]
42893 FDRE_ZINI $auto$ff.cc:266:slice$18430.D[0]
42894 FDRE_ZINI $auto$ff.cc:266:slice$18462.D[0]
42895 FDRE_ZINI $auto$ff.cc:266:slice$18494.D[0]
42896 FDRE_ZINI $auto$ff.cc:266:slice$18526.D[0]
42897 FDRE_ZINI $auto$ff.cc:266:slice$18558.D[0]
42898 FDRE_ZINI $auto$ff.cc:266:slice$18590.D[0]
42899 FDRE_ZINI $auto$ff.cc:266:slice$18622.D[0]
42900 FDRE_ZINI $auto$ff.cc:266:slice$18654.D[0]
42901 FDRE_ZINI $auto$ff.cc:266:slice$18686.D[0]
42902 FDRE_ZINI $auto$ff.cc:266:slice$18718.D[0]
42903 FDRE_ZINI $auto$ff.cc:266:slice$18750.D[0]
42904 FDRE_ZINI $auto$ff.cc:266:slice$18782.D[0]
42905 FDRE_ZINI $auto$ff.cc:266:slice$18814.D[0]
42906 FDRE_ZINI $auto$ff.cc:266:slice$18846.D[0]
42907 FDRE_ZINI $auto$ff.cc:266:slice$18878.D[0]
42908 FDRE_ZINI $auto$ff.cc:266:slice$18910.D[0]
42909 FDRE_ZINI $auto$ff.cc:266:slice$18942.D[0]
42910 FDRE_ZINI $auto$ff.cc:266:slice$18974.D[0]
42911 FDRE_ZINI $auto$ff.cc:266:slice$19006.D[0]
42912 FDRE_ZINI $auto$ff.cc:266:slice$19038.D[0]
42913 FDRE_ZINI $auto$ff.cc:266:slice$19070.D[0]
42914 FDRE_ZINI $auto$ff.cc:266:slice$19102.D[0]
42915 FDRE_ZINI $auto$ff.cc:266:slice$19134.D[0]
42916 FDRE_ZINI $auto$ff.cc:266:slice$19166.D[0]
42917 FDRE_ZINI $auto$ff.cc:266:slice$19198.D[0]
42918 FDRE_ZINI $auto$ff.cc:266:slice$19230.D[0]
42919 FDRE_ZINI $auto$ff.cc:266:slice$19262.D[0]
42920 FDRE_ZINI $auto$ff.cc:266:slice$19294.D[0]
42921 FDRE_ZINI $auto$ff.cc:266:slice$18333.D[0]
42922 FDRE_ZINI $auto$ff.cc:266:slice$18365.D[0]
42923 FDRE_ZINI $auto$ff.cc:266:slice$18397.D[0]
42924 FDRE_ZINI $auto$ff.cc:266:slice$18429.D[0]
42925 FDRE_ZINI $auto$ff.cc:266:slice$18461.D[0]
42926 FDRE_ZINI $auto$ff.cc:266:slice$18493.D[0]
42927 FDRE_ZINI $auto$ff.cc:266:slice$18525.D[0]
42928 FDRE_ZINI $auto$ff.cc:266:slice$18557.D[0]
42929 FDRE_ZINI $auto$ff.cc:266:slice$18589.D[0]
42930 FDRE_ZINI $auto$ff.cc:266:slice$18621.D[0]
42931 FDRE_ZINI $auto$ff.cc:266:slice$18653.D[0]
42932 FDRE_ZINI $auto$ff.cc:266:slice$18685.D[0]
42933 FDRE_ZINI $auto$ff.cc:266:slice$18717.D[0]
42934 FDRE_ZINI $auto$ff.cc:266:slice$18749.D[0]
42935 FDRE_ZINI $auto$ff.cc:266:slice$18781.D[0]
42936 FDRE_ZINI $auto$ff.cc:266:slice$18813.D[0]
42937 FDRE_ZINI $auto$ff.cc:266:slice$18845.D[0]
42938 FDRE_ZINI $auto$ff.cc:266:slice$18877.D[0]
42939 FDRE_ZINI $auto$ff.cc:266:slice$18909.D[0]
42940 FDRE_ZINI $auto$ff.cc:266:slice$18941.D[0]
42941 FDRE_ZINI $auto$ff.cc:266:slice$18973.D[0]
42942 FDRE_ZINI $auto$ff.cc:266:slice$19005.D[0]
42943 FDRE_ZINI $auto$ff.cc:266:slice$19037.D[0]
42944 FDRE_ZINI $auto$ff.cc:266:slice$19069.D[0]
42945 FDRE_ZINI $auto$ff.cc:266:slice$19101.D[0]
42946 FDRE_ZINI $auto$ff.cc:266:slice$19133.D[0]
42947 FDRE_ZINI $auto$ff.cc:266:slice$19165.D[0]
42948 FDRE_ZINI $auto$ff.cc:266:slice$19197.D[0]
42949 FDRE_ZINI $auto$ff.cc:266:slice$19229.D[0]
42950 FDRE_ZINI $auto$ff.cc:266:slice$19261.D[0]
42951 FDRE_ZINI $auto$ff.cc:266:slice$19293.D[0]
42952 FDRE_ZINI $auto$ff.cc:266:slice$18332.D[0]
42953 FDRE_ZINI $auto$ff.cc:266:slice$18364.D[0]
42954 FDRE_ZINI $auto$ff.cc:266:slice$18396.D[0]
42955 FDRE_ZINI $auto$ff.cc:266:slice$18428.D[0]
42956 FDRE_ZINI $auto$ff.cc:266:slice$18460.D[0]
42957 FDRE_ZINI $auto$ff.cc:266:slice$18492.D[0]
42958 FDRE_ZINI $auto$ff.cc:266:slice$18524.D[0]
42959 FDRE_ZINI $auto$ff.cc:266:slice$18556.D[0]
42960 FDRE_ZINI $auto$ff.cc:266:slice$18588.D[0]
42961 FDRE_ZINI $auto$ff.cc:266:slice$18620.D[0]
42962 FDRE_ZINI $auto$ff.cc:266:slice$18652.D[0]
42963 FDRE_ZINI $auto$ff.cc:266:slice$18684.D[0]
42964 FDRE_ZINI $auto$ff.cc:266:slice$18716.D[0]
42965 FDRE_ZINI $auto$ff.cc:266:slice$18748.D[0]
42966 FDRE_ZINI $auto$ff.cc:266:slice$18780.D[0]
42967 FDRE_ZINI $auto$ff.cc:266:slice$18812.D[0]
42968 FDRE_ZINI $auto$ff.cc:266:slice$18844.D[0]
42969 FDRE_ZINI $auto$ff.cc:266:slice$18876.D[0]
42970 FDRE_ZINI $auto$ff.cc:266:slice$18908.D[0]
42971 FDRE_ZINI $auto$ff.cc:266:slice$18940.D[0]
42972 FDRE_ZINI $auto$ff.cc:266:slice$18972.D[0]
42973 FDRE_ZINI $auto$ff.cc:266:slice$19004.D[0]
42974 FDRE_ZINI $auto$ff.cc:266:slice$19036.D[0]
42975 FDRE_ZINI $auto$ff.cc:266:slice$19068.D[0]
42976 FDRE_ZINI $auto$ff.cc:266:slice$19100.D[0]
42977 FDRE_ZINI $auto$ff.cc:266:slice$19132.D[0]
42978 FDRE_ZINI $auto$ff.cc:266:slice$19164.D[0]
42979 FDRE_ZINI $auto$ff.cc:266:slice$19196.D[0]
42980 FDRE_ZINI $auto$ff.cc:266:slice$19228.D[0]
42981 FDRE_ZINI $auto$ff.cc:266:slice$19260.D[0]
42982 FDRE_ZINI $auto$ff.cc:266:slice$19292.D[0]
42983 FDRE_ZINI $auto$ff.cc:266:slice$18338.D[0]
42984 FDRE_ZINI $auto$ff.cc:266:slice$18370.D[0]
42985 FDRE_ZINI $auto$ff.cc:266:slice$18402.D[0]
42986 FDRE_ZINI $auto$ff.cc:266:slice$18434.D[0]
42987 FDRE_ZINI $auto$ff.cc:266:slice$18466.D[0]
42988 FDRE_ZINI $auto$ff.cc:266:slice$18498.D[0]
42989 FDRE_ZINI $auto$ff.cc:266:slice$18530.D[0]
42990 FDRE_ZINI $auto$ff.cc:266:slice$18562.D[0]
42991 FDRE_ZINI $auto$ff.cc:266:slice$18594.D[0]
42992 FDRE_ZINI $auto$ff.cc:266:slice$18626.D[0]
42993 FDRE_ZINI $auto$ff.cc:266:slice$18658.D[0]
42994 FDRE_ZINI $auto$ff.cc:266:slice$18690.D[0]
42995 FDRE_ZINI $auto$ff.cc:266:slice$18722.D[0]
42996 FDRE_ZINI $auto$ff.cc:266:slice$18754.D[0]
42997 FDRE_ZINI $auto$ff.cc:266:slice$18786.D[0]
42998 FDRE_ZINI $auto$ff.cc:266:slice$18818.D[0]
42999 FDRE_ZINI $auto$ff.cc:266:slice$18850.D[0]
43000 FDRE_ZINI $auto$ff.cc:266:slice$18882.D[0]
43001 FDRE_ZINI $auto$ff.cc:266:slice$18914.D[0]
43002 FDRE_ZINI $auto$ff.cc:266:slice$18946.D[0]
43003 FDRE_ZINI $auto$ff.cc:266:slice$18978.D[0]
43004 FDRE_ZINI $auto$ff.cc:266:slice$19010.D[0]
43005 FDRE_ZINI $auto$ff.cc:266:slice$19042.D[0]
43006 FDRE_ZINI $auto$ff.cc:266:slice$19074.D[0]
43007 FDRE_ZINI $auto$ff.cc:266:slice$19106.D[0]
43008 FDRE_ZINI $auto$ff.cc:266:slice$19138.D[0]
43009 FDRE_ZINI $auto$ff.cc:266:slice$19170.D[0]
43010 FDRE_ZINI $auto$ff.cc:266:slice$19202.D[0]
43011 FDRE_ZINI $auto$ff.cc:266:slice$19234.D[0]
43012 FDRE_ZINI $auto$ff.cc:266:slice$19266.D[0]
43013 FDRE_ZINI $auto$ff.cc:266:slice$19298.D[0]
43014 FDRE_ZINI $auto$ff.cc:266:slice$18337.D[0]
43015 FDRE_ZINI $auto$ff.cc:266:slice$18369.D[0]
43016 FDRE_ZINI $auto$ff.cc:266:slice$18401.D[0]
43017 FDRE_ZINI $auto$ff.cc:266:slice$18433.D[0]
43018 FDRE_ZINI $auto$ff.cc:266:slice$18465.D[0]
43019 FDRE_ZINI $auto$ff.cc:266:slice$18497.D[0]
43020 FDRE_ZINI $auto$ff.cc:266:slice$18529.D[0]
43021 FDRE_ZINI $auto$ff.cc:266:slice$18561.D[0]
43022 FDRE_ZINI $auto$ff.cc:266:slice$18593.D[0]
43023 FDRE_ZINI $auto$ff.cc:266:slice$18625.D[0]
43024 FDRE_ZINI $auto$ff.cc:266:slice$18657.D[0]
43025 FDRE_ZINI $auto$ff.cc:266:slice$18689.D[0]
43026 FDRE_ZINI $auto$ff.cc:266:slice$18721.D[0]
43027 FDRE_ZINI $auto$ff.cc:266:slice$18753.D[0]
43028 FDRE_ZINI $auto$ff.cc:266:slice$18785.D[0]
43029 FDRE_ZINI $auto$ff.cc:266:slice$18817.D[0]
43030 FDRE_ZINI $auto$ff.cc:266:slice$18849.D[0]
43031 FDRE_ZINI $auto$ff.cc:266:slice$18881.D[0]
43032 FDRE_ZINI $auto$ff.cc:266:slice$18913.D[0]
43033 FDRE_ZINI $auto$ff.cc:266:slice$18945.D[0]
43034 FDRE_ZINI $auto$ff.cc:266:slice$18977.D[0]
43035 FDRE_ZINI $auto$ff.cc:266:slice$19009.D[0]
43036 FDRE_ZINI $auto$ff.cc:266:slice$19041.D[0]
43037 FDRE_ZINI $auto$ff.cc:266:slice$19073.D[0]
43038 FDRE_ZINI $auto$ff.cc:266:slice$19105.D[0]
43039 FDRE_ZINI $auto$ff.cc:266:slice$19137.D[0]
43040 FDRE_ZINI $auto$ff.cc:266:slice$19169.D[0]
43041 FDRE_ZINI $auto$ff.cc:266:slice$19201.D[0]
43042 FDRE_ZINI $auto$ff.cc:266:slice$19233.D[0]
43043 FDRE_ZINI $auto$ff.cc:266:slice$19265.D[0]
43044 FDRE_ZINI $auto$ff.cc:266:slice$19297.D[0]
43045 FDRE_ZINI $auto$ff.cc:266:slice$18336.D[0]
43046 FDRE_ZINI $auto$ff.cc:266:slice$18368.D[0]
43047 FDRE_ZINI $auto$ff.cc:266:slice$18400.D[0]
43048 FDRE_ZINI $auto$ff.cc:266:slice$18432.D[0]
43049 FDRE_ZINI $auto$ff.cc:266:slice$18464.D[0]
43050 FDRE_ZINI $auto$ff.cc:266:slice$18496.D[0]
43051 FDRE_ZINI $auto$ff.cc:266:slice$18528.D[0]
43052 FDRE_ZINI $auto$ff.cc:266:slice$18560.D[0]
43053 FDRE_ZINI $auto$ff.cc:266:slice$18592.D[0]
43054 FDRE_ZINI $auto$ff.cc:266:slice$18624.D[0]
43055 FDRE_ZINI $auto$ff.cc:266:slice$18656.D[0]
43056 FDRE_ZINI $auto$ff.cc:266:slice$18688.D[0]
43057 FDRE_ZINI $auto$ff.cc:266:slice$18720.D[0]
43058 FDRE_ZINI $auto$ff.cc:266:slice$18752.D[0]
43059 FDRE_ZINI $auto$ff.cc:266:slice$18784.D[0]
43060 FDRE_ZINI $auto$ff.cc:266:slice$18816.D[0]
43061 FDRE_ZINI $auto$ff.cc:266:slice$18848.D[0]
43062 FDRE_ZINI $auto$ff.cc:266:slice$18880.D[0]
43063 FDRE_ZINI $auto$ff.cc:266:slice$18912.D[0]
43064 FDRE_ZINI $auto$ff.cc:266:slice$18944.D[0]
43065 FDRE_ZINI $auto$ff.cc:266:slice$18976.D[0]
43066 FDRE_ZINI $auto$ff.cc:266:slice$19008.D[0]
43067 FDRE_ZINI $auto$ff.cc:266:slice$19040.D[0]
43068 FDRE_ZINI $auto$ff.cc:266:slice$19072.D[0]
43069 FDRE_ZINI $auto$ff.cc:266:slice$19104.D[0]
43070 FDRE_ZINI $auto$ff.cc:266:slice$19136.D[0]
43071 FDRE_ZINI $auto$ff.cc:266:slice$19168.D[0]
43072 FDRE_ZINI $auto$ff.cc:266:slice$19200.D[0]
43073 FDRE_ZINI $auto$ff.cc:266:slice$19232.D[0]
43074 FDRE_ZINI $auto$ff.cc:266:slice$19264.D[0]
43075 FDRE_ZINI $auto$ff.cc:266:slice$19296.D[0]
43076 FDRE_ZINI $auto$ff.cc:266:slice$18335.D[0]
43077 FDRE_ZINI $auto$ff.cc:266:slice$18367.D[0]
43078 FDRE_ZINI $auto$ff.cc:266:slice$18399.D[0]
43079 FDRE_ZINI $auto$ff.cc:266:slice$18431.D[0]
43080 FDRE_ZINI $auto$ff.cc:266:slice$18463.D[0]
43081 FDRE_ZINI $auto$ff.cc:266:slice$18495.D[0]
43082 FDRE_ZINI $auto$ff.cc:266:slice$18527.D[0]
43083 FDRE_ZINI $auto$ff.cc:266:slice$18559.D[0]
43084 FDRE_ZINI $auto$ff.cc:266:slice$18591.D[0]
43085 FDRE_ZINI $auto$ff.cc:266:slice$18623.D[0]
43086 FDRE_ZINI $auto$ff.cc:266:slice$18655.D[0]
43087 FDRE_ZINI $auto$ff.cc:266:slice$18687.D[0]
43088 FDRE_ZINI $auto$ff.cc:266:slice$18719.D[0]
43089 FDRE_ZINI $auto$ff.cc:266:slice$18751.D[0]
43090 FDRE_ZINI $auto$ff.cc:266:slice$18783.D[0]
43091 FDRE_ZINI $auto$ff.cc:266:slice$18815.D[0]
43092 FDRE_ZINI $auto$ff.cc:266:slice$18847.D[0]
43093 FDRE_ZINI $auto$ff.cc:266:slice$18879.D[0]
43094 FDRE_ZINI $auto$ff.cc:266:slice$18911.D[0]
43095 FDRE_ZINI $auto$ff.cc:266:slice$18943.D[0]
43096 FDRE_ZINI $auto$ff.cc:266:slice$18975.D[0]
43097 FDRE_ZINI $auto$ff.cc:266:slice$19007.D[0]
43098 FDRE_ZINI $auto$ff.cc:266:slice$19039.D[0]
43099 FDRE_ZINI $auto$ff.cc:266:slice$19071.D[0]
43100 FDRE_ZINI $auto$ff.cc:266:slice$19103.D[0]
43101 FDRE_ZINI $auto$ff.cc:266:slice$19135.D[0]
43102 FDRE_ZINI $auto$ff.cc:266:slice$19167.D[0]
43103 FDRE_ZINI $auto$ff.cc:266:slice$19199.D[0]
43104 FDRE_ZINI $auto$ff.cc:266:slice$19231.D[0]
43105 FDRE_ZINI $auto$ff.cc:266:slice$19263.D[0]
43106 FDRE_ZINI $auto$ff.cc:266:slice$19295.D[0]
43107 FDRE_ZINI $auto$ff.cc:266:slice$24122.CE[0]
43108 FDRE_ZINI $auto$ff.cc:266:slice$23867.D[0]
43109 FDRE_ZINI $auto$ff.cc:266:slice$23868.D[0]
43110 FDRE_ZINI $auto$ff.cc:266:slice$23869.D[0]
43111 FDRE_ZINI $auto$ff.cc:266:slice$23870.D[0]
43112 FDRE_ZINI $auto$ff.cc:266:slice$23871.D[0]
43113 FDRE_ZINI $auto$ff.cc:266:slice$23872.D[0]
43114 FDRE_ZINI $auto$ff.cc:266:slice$23873.D[0]
43115 FDRE_ZINI $auto$ff.cc:266:slice$23874.D[0]
43116 FDCE_ZINI $auto$ff.cc:266:slice$17356.D[0]
43117 FDCE_ZINI $auto$ff.cc:266:slice$17423.D[0]
43118 FDRE_ZINI $auto$ff.cc:266:slice$18327.D[0]
43119 FDRE_ZINI $auto$ff.cc:266:slice$18359.D[0]
43120 FDRE_ZINI $auto$ff.cc:266:slice$18391.D[0]
43121 FDRE_ZINI $auto$ff.cc:266:slice$18423.D[0]
43122 FDRE_ZINI $auto$ff.cc:266:slice$18455.D[0]
43123 FDRE_ZINI $auto$ff.cc:266:slice$18487.D[0]
43124 FDRE_ZINI $auto$ff.cc:266:slice$18519.D[0]
43125 FDRE_ZINI $auto$ff.cc:266:slice$18551.D[0]
43126 FDRE_ZINI $auto$ff.cc:266:slice$18583.D[0]
43127 FDRE_ZINI $auto$ff.cc:266:slice$18615.D[0]
43128 FDRE_ZINI $auto$ff.cc:266:slice$18647.D[0]
43129 FDRE_ZINI $auto$ff.cc:266:slice$18679.D[0]
43130 FDRE_ZINI $auto$ff.cc:266:slice$18711.D[0]
43131 FDRE_ZINI $auto$ff.cc:266:slice$18743.D[0]
43132 FDRE_ZINI $auto$ff.cc:266:slice$18775.D[0]
43133 FDRE_ZINI $auto$ff.cc:266:slice$18807.D[0]
43134 FDRE_ZINI $auto$ff.cc:266:slice$18839.D[0]
43135 FDRE_ZINI $auto$ff.cc:266:slice$18871.D[0]
43136 FDRE_ZINI $auto$ff.cc:266:slice$18903.D[0]
43137 FDRE_ZINI $auto$ff.cc:266:slice$18935.D[0]
43138 FDRE_ZINI $auto$ff.cc:266:slice$18967.D[0]
43139 FDRE_ZINI $auto$ff.cc:266:slice$18999.D[0]
43140 FDRE_ZINI $auto$ff.cc:266:slice$19031.D[0]
43141 FDRE_ZINI $auto$ff.cc:266:slice$19063.D[0]
43142 FDRE_ZINI $auto$ff.cc:266:slice$19095.D[0]
43143 FDRE_ZINI $auto$ff.cc:266:slice$19127.D[0]
43144 FDRE_ZINI $auto$ff.cc:266:slice$19159.D[0]
43145 FDRE_ZINI $auto$ff.cc:266:slice$19191.D[0]
43146 FDRE_ZINI $auto$ff.cc:266:slice$19223.D[0]
43147 FDRE_ZINI $auto$ff.cc:266:slice$19255.D[0]
43148 FDRE_ZINI $auto$ff.cc:266:slice$19287.D[0]
43149 FDCE_ZINI $auto$ff.cc:266:slice$17371.D[0]
43150 FDCE_ZINI $auto$ff.cc:266:slice$17438.D[0]
43151 FDCE_ZINI $auto$ff.cc:266:slice$17368.D[0]
43152 FDCE_ZINI $auto$ff.cc:266:slice$17435.D[0]
43153 FDRE_ZINI $auto$ff.cc:266:slice$23875.D[0]
43154 FDRE_ZINI $auto$ff.cc:266:slice$23876.D[0]
43155 FDRE_ZINI $auto$ff.cc:266:slice$23877.D[0]
43156 FDRE_ZINI $auto$ff.cc:266:slice$23878.D[0]
43157 FDRE_ZINI $auto$ff.cc:266:slice$23879.D[0]
43158 FDRE_ZINI $auto$ff.cc:266:slice$23880.D[0]
43159 FDRE_ZINI $auto$ff.cc:266:slice$23881.D[0]
43160 FDRE_ZINI $auto$ff.cc:266:slice$23882.D[0]
43161 FDRE_ZINI $auto$ff.cc:266:slice$23883.D[0]
43162 FDRE_ZINI $auto$ff.cc:266:slice$23884.D[0]
43163 FDRE_ZINI $auto$ff.cc:266:slice$24121.D[0]
43164 FDRE_ZINI $auto$ff.cc:266:slice$23888.D[0]
43165 FDRE_ZINI $auto$ff.cc:266:slice$23887.D[0]
43166 FDRE_ZINI $auto$ff.cc:266:slice$23886.D[0]
43167 FDRE_ZINI $auto$ff.cc:266:slice$23885.D[0]
43168 FDRE_ZINI $auto$ff.cc:266:slice$18342.D[0]
43169 FDRE_ZINI $auto$ff.cc:266:slice$18374.D[0]
43170 FDRE_ZINI $auto$ff.cc:266:slice$18406.D[0]
43171 FDRE_ZINI $auto$ff.cc:266:slice$18438.D[0]
43172 FDRE_ZINI $auto$ff.cc:266:slice$18470.D[0]
43173 FDRE_ZINI $auto$ff.cc:266:slice$18502.D[0]
43174 FDRE_ZINI $auto$ff.cc:266:slice$18534.D[0]
43175 FDRE_ZINI $auto$ff.cc:266:slice$18566.D[0]
43176 FDRE_ZINI $auto$ff.cc:266:slice$18598.D[0]
43177 FDRE_ZINI $auto$ff.cc:266:slice$18630.D[0]
43178 FDRE_ZINI $auto$ff.cc:266:slice$18662.D[0]
43179 FDRE_ZINI $auto$ff.cc:266:slice$18694.D[0]
43180 FDRE_ZINI $auto$ff.cc:266:slice$18726.D[0]
43181 FDRE_ZINI $auto$ff.cc:266:slice$18758.D[0]
43182 FDRE_ZINI $auto$ff.cc:266:slice$18790.D[0]
43183 FDRE_ZINI $auto$ff.cc:266:slice$18822.D[0]
43184 FDRE_ZINI $auto$ff.cc:266:slice$18854.D[0]
43185 FDRE_ZINI $auto$ff.cc:266:slice$18886.D[0]
43186 FDRE_ZINI $auto$ff.cc:266:slice$18918.D[0]
43187 FDRE_ZINI $auto$ff.cc:266:slice$18950.D[0]
43188 FDRE_ZINI $auto$ff.cc:266:slice$18982.D[0]
43189 FDRE_ZINI $auto$ff.cc:266:slice$19014.D[0]
43190 FDRE_ZINI $auto$ff.cc:266:slice$19046.D[0]
43191 FDRE_ZINI $auto$ff.cc:266:slice$19078.D[0]
43192 FDRE_ZINI $auto$ff.cc:266:slice$19110.D[0]
43193 FDRE_ZINI $auto$ff.cc:266:slice$19142.D[0]
43194 FDRE_ZINI $auto$ff.cc:266:slice$19174.D[0]
43195 FDRE_ZINI $auto$ff.cc:266:slice$19206.D[0]
43196 FDRE_ZINI $auto$ff.cc:266:slice$19238.D[0]
43197 FDRE_ZINI $auto$ff.cc:266:slice$19270.D[0]
43198 FDRE_ZINI $auto$ff.cc:266:slice$19302.D[0]
43199 FDCE_ZINI $auto$ff.cc:266:slice$17370.D[0]
43200 FDCE_ZINI $auto$ff.cc:266:slice$17437.D[0]
43201 FDCE_ZINI $auto$ff.cc:266:slice$17369.D[0]
43202 FDCE_ZINI $auto$ff.cc:266:slice$17436.D[0]
43203 FDRE_ZINI $auto$ff.cc:266:slice$18339.D[0]
43204 FDRE_ZINI $auto$ff.cc:266:slice$18371.D[0]
43205 FDRE_ZINI $auto$ff.cc:266:slice$18403.D[0]
43206 FDRE_ZINI $auto$ff.cc:266:slice$18435.D[0]
43207 FDRE_ZINI $auto$ff.cc:266:slice$18467.D[0]
43208 FDRE_ZINI $auto$ff.cc:266:slice$18499.D[0]
43209 FDRE_ZINI $auto$ff.cc:266:slice$18531.D[0]
43210 FDRE_ZINI $auto$ff.cc:266:slice$18563.D[0]
43211 FDRE_ZINI $auto$ff.cc:266:slice$18595.D[0]
43212 FDRE_ZINI $auto$ff.cc:266:slice$18627.D[0]
43213 FDRE_ZINI $auto$ff.cc:266:slice$18659.D[0]
43214 FDRE_ZINI $auto$ff.cc:266:slice$18691.D[0]
43215 FDRE_ZINI $auto$ff.cc:266:slice$18723.D[0]
43216 FDRE_ZINI $auto$ff.cc:266:slice$18755.D[0]
43217 FDRE_ZINI $auto$ff.cc:266:slice$18787.D[0]
43218 FDRE_ZINI $auto$ff.cc:266:slice$18819.D[0]
43219 FDRE_ZINI $auto$ff.cc:266:slice$18851.D[0]
43220 FDRE_ZINI $auto$ff.cc:266:slice$18883.D[0]
43221 FDRE_ZINI $auto$ff.cc:266:slice$18915.D[0]
43222 FDRE_ZINI $auto$ff.cc:266:slice$18947.D[0]
43223 FDRE_ZINI $auto$ff.cc:266:slice$18979.D[0]
43224 FDRE_ZINI $auto$ff.cc:266:slice$19011.D[0]
43225 FDRE_ZINI $auto$ff.cc:266:slice$19043.D[0]
43226 FDRE_ZINI $auto$ff.cc:266:slice$19075.D[0]
43227 FDRE_ZINI $auto$ff.cc:266:slice$19107.D[0]
43228 FDRE_ZINI $auto$ff.cc:266:slice$19139.D[0]
43229 FDRE_ZINI $auto$ff.cc:266:slice$19171.D[0]
43230 FDRE_ZINI $auto$ff.cc:266:slice$19203.D[0]
43231 FDRE_ZINI $auto$ff.cc:266:slice$19235.D[0]
43232 FDRE_ZINI $auto$ff.cc:266:slice$19267.D[0]
43233 FDRE_ZINI $auto$ff.cc:266:slice$19299.D[0]
43234 FDCE_ZINI $auto$ff.cc:266:slice$17372.D[0]
43235 FDCE_ZINI $auto$ff.cc:266:slice$17439.D[0]
43236 FDRE_ZINI $auto$ff.cc:266:slice$18341.D[0]
43237 FDRE_ZINI $auto$ff.cc:266:slice$18373.D[0]
43238 FDRE_ZINI $auto$ff.cc:266:slice$18405.D[0]
43239 FDRE_ZINI $auto$ff.cc:266:slice$18437.D[0]
43240 FDRE_ZINI $auto$ff.cc:266:slice$18469.D[0]
43241 FDRE_ZINI $auto$ff.cc:266:slice$18501.D[0]
43242 FDRE_ZINI $auto$ff.cc:266:slice$18533.D[0]
43243 FDRE_ZINI $auto$ff.cc:266:slice$18565.D[0]
43244 FDRE_ZINI $auto$ff.cc:266:slice$18597.D[0]
43245 FDRE_ZINI $auto$ff.cc:266:slice$18629.D[0]
43246 FDRE_ZINI $auto$ff.cc:266:slice$18661.D[0]
43247 FDRE_ZINI $auto$ff.cc:266:slice$18693.D[0]
43248 FDRE_ZINI $auto$ff.cc:266:slice$18725.D[0]
43249 FDRE_ZINI $auto$ff.cc:266:slice$18757.D[0]
43250 FDRE_ZINI $auto$ff.cc:266:slice$18789.D[0]
43251 FDRE_ZINI $auto$ff.cc:266:slice$18821.D[0]
43252 FDRE_ZINI $auto$ff.cc:266:slice$18853.D[0]
43253 FDRE_ZINI $auto$ff.cc:266:slice$18885.D[0]
43254 FDRE_ZINI $auto$ff.cc:266:slice$18917.D[0]
43255 FDRE_ZINI $auto$ff.cc:266:slice$18949.D[0]
43256 FDRE_ZINI $auto$ff.cc:266:slice$18981.D[0]
43257 FDRE_ZINI $auto$ff.cc:266:slice$19013.D[0]
43258 FDRE_ZINI $auto$ff.cc:266:slice$19045.D[0]
43259 FDRE_ZINI $auto$ff.cc:266:slice$19077.D[0]
43260 FDRE_ZINI $auto$ff.cc:266:slice$19109.D[0]
43261 FDRE_ZINI $auto$ff.cc:266:slice$19141.D[0]
43262 FDRE_ZINI $auto$ff.cc:266:slice$19173.D[0]
43263 FDRE_ZINI $auto$ff.cc:266:slice$19205.D[0]
43264 FDRE_ZINI $auto$ff.cc:266:slice$19237.D[0]
43265 FDRE_ZINI $auto$ff.cc:266:slice$19269.D[0]
43266 FDRE_ZINI $auto$ff.cc:266:slice$19301.D[0]
43267 FDRE_ZINI $auto$ff.cc:266:slice$18340.D[0]
43268 FDRE_ZINI $auto$ff.cc:266:slice$18372.D[0]
43269 FDRE_ZINI $auto$ff.cc:266:slice$18404.D[0]
43270 FDRE_ZINI $auto$ff.cc:266:slice$18436.D[0]
43271 FDRE_ZINI $auto$ff.cc:266:slice$18468.D[0]
43272 FDRE_ZINI $auto$ff.cc:266:slice$18500.D[0]
43273 FDRE_ZINI $auto$ff.cc:266:slice$18532.D[0]
43274 FDRE_ZINI $auto$ff.cc:266:slice$18564.D[0]
43275 FDRE_ZINI $auto$ff.cc:266:slice$18596.D[0]
43276 FDRE_ZINI $auto$ff.cc:266:slice$18628.D[0]
43277 FDRE_ZINI $auto$ff.cc:266:slice$18660.D[0]
43278 FDRE_ZINI $auto$ff.cc:266:slice$18692.D[0]
43279 FDRE_ZINI $auto$ff.cc:266:slice$18724.D[0]
43280 FDRE_ZINI $auto$ff.cc:266:slice$18756.D[0]
43281 FDRE_ZINI $auto$ff.cc:266:slice$18788.D[0]
43282 FDRE_ZINI $auto$ff.cc:266:slice$18820.D[0]
43283 FDRE_ZINI $auto$ff.cc:266:slice$18852.D[0]
43284 FDRE_ZINI $auto$ff.cc:266:slice$18884.D[0]
43285 FDRE_ZINI $auto$ff.cc:266:slice$18916.D[0]
43286 FDRE_ZINI $auto$ff.cc:266:slice$18948.D[0]
43287 FDRE_ZINI $auto$ff.cc:266:slice$18980.D[0]
43288 FDRE_ZINI $auto$ff.cc:266:slice$19012.D[0]
43289 FDRE_ZINI $auto$ff.cc:266:slice$19044.D[0]
43290 FDRE_ZINI $auto$ff.cc:266:slice$19076.D[0]
43291 FDRE_ZINI $auto$ff.cc:266:slice$19108.D[0]
43292 FDRE_ZINI $auto$ff.cc:266:slice$19140.D[0]
43293 FDRE_ZINI $auto$ff.cc:266:slice$19172.D[0]
43294 FDRE_ZINI $auto$ff.cc:266:slice$19204.D[0]
43295 FDRE_ZINI $auto$ff.cc:266:slice$19236.D[0]
43296 FDRE_ZINI $auto$ff.cc:266:slice$19268.D[0]
43297 FDRE_ZINI $auto$ff.cc:266:slice$19300.D[0]
43298 FDRE_ZINI $auto$ff.cc:266:slice$23892.D[0]
43299 FDRE_ZINI $auto$ff.cc:266:slice$23891.D[0]
43300 FDRE_ZINI $auto$ff.cc:266:slice$23890.D[0]
43301 FDRE_ZINI $auto$ff.cc:266:slice$23889.D[0]
43302 FDCE_ZINI $auto$ff.cc:266:slice$17375.D[0]
43303 FDCE_ZINI $auto$ff.cc:266:slice$17442.D[0]
43304 FDCE_ZINI $auto$ff.cc:266:slice$17374.D[0]
43305 FDCE_ZINI $auto$ff.cc:266:slice$17441.D[0]
43306 FDRE_ZINI $auto$ff.cc:266:slice$18343.D[0]
43307 FDRE_ZINI $auto$ff.cc:266:slice$18375.D[0]
43308 FDRE_ZINI $auto$ff.cc:266:slice$18407.D[0]
43309 FDRE_ZINI $auto$ff.cc:266:slice$18439.D[0]
43310 FDRE_ZINI $auto$ff.cc:266:slice$18471.D[0]
43311 FDRE_ZINI $auto$ff.cc:266:slice$18503.D[0]
43312 FDRE_ZINI $auto$ff.cc:266:slice$18535.D[0]
43313 FDRE_ZINI $auto$ff.cc:266:slice$18567.D[0]
43314 FDRE_ZINI $auto$ff.cc:266:slice$18599.D[0]
43315 FDRE_ZINI $auto$ff.cc:266:slice$18631.D[0]
43316 FDRE_ZINI $auto$ff.cc:266:slice$18663.D[0]
43317 FDRE_ZINI $auto$ff.cc:266:slice$18695.D[0]
43318 FDRE_ZINI $auto$ff.cc:266:slice$18727.D[0]
43319 FDRE_ZINI $auto$ff.cc:266:slice$18759.D[0]
43320 FDRE_ZINI $auto$ff.cc:266:slice$18791.D[0]
43321 FDRE_ZINI $auto$ff.cc:266:slice$18823.D[0]
43322 FDRE_ZINI $auto$ff.cc:266:slice$18855.D[0]
43323 FDRE_ZINI $auto$ff.cc:266:slice$18887.D[0]
43324 FDRE_ZINI $auto$ff.cc:266:slice$18919.D[0]
43325 FDRE_ZINI $auto$ff.cc:266:slice$18951.D[0]
43326 FDRE_ZINI $auto$ff.cc:266:slice$18983.D[0]
43327 FDRE_ZINI $auto$ff.cc:266:slice$19015.D[0]
43328 FDRE_ZINI $auto$ff.cc:266:slice$19047.D[0]
43329 FDRE_ZINI $auto$ff.cc:266:slice$19079.D[0]
43330 FDRE_ZINI $auto$ff.cc:266:slice$19111.D[0]
43331 FDRE_ZINI $auto$ff.cc:266:slice$19143.D[0]
43332 FDRE_ZINI $auto$ff.cc:266:slice$19175.D[0]
43333 FDRE_ZINI $auto$ff.cc:266:slice$19207.D[0]
43334 FDRE_ZINI $auto$ff.cc:266:slice$19239.D[0]
43335 FDRE_ZINI $auto$ff.cc:266:slice$19271.D[0]
43336 FDRE_ZINI $auto$ff.cc:266:slice$19303.D[0]
43337 FDCE_ZINI $auto$ff.cc:266:slice$17378.D[0]
43338 FDCE_ZINI $auto$ff.cc:266:slice$17445.D[0]
43339 FDCE_ZINI $auto$ff.cc:266:slice$17377.D[0]
43340 FDCE_ZINI $auto$ff.cc:266:slice$17444.D[0]
43341 FDCE_ZINI $auto$ff.cc:266:slice$17376.D[0]
43342 FDCE_ZINI $auto$ff.cc:266:slice$17443.D[0]
43343 FDRE_ZINI $auto$ff.cc:266:slice$18346.D[0]
43344 FDRE_ZINI $auto$ff.cc:266:slice$18378.D[0]
43345 FDRE_ZINI $auto$ff.cc:266:slice$18410.D[0]
43346 FDRE_ZINI $auto$ff.cc:266:slice$18442.D[0]
43347 FDRE_ZINI $auto$ff.cc:266:slice$18474.D[0]
43348 FDRE_ZINI $auto$ff.cc:266:slice$18506.D[0]
43349 FDRE_ZINI $auto$ff.cc:266:slice$18538.D[0]
43350 FDRE_ZINI $auto$ff.cc:266:slice$18570.D[0]
43351 FDRE_ZINI $auto$ff.cc:266:slice$18602.D[0]
43352 FDRE_ZINI $auto$ff.cc:266:slice$18634.D[0]
43353 FDRE_ZINI $auto$ff.cc:266:slice$18666.D[0]
43354 FDRE_ZINI $auto$ff.cc:266:slice$18698.D[0]
43355 FDRE_ZINI $auto$ff.cc:266:slice$18730.D[0]
43356 FDRE_ZINI $auto$ff.cc:266:slice$18762.D[0]
43357 FDRE_ZINI $auto$ff.cc:266:slice$18794.D[0]
43358 FDRE_ZINI $auto$ff.cc:266:slice$18826.D[0]
43359 FDRE_ZINI $auto$ff.cc:266:slice$18858.D[0]
43360 FDRE_ZINI $auto$ff.cc:266:slice$18890.D[0]
43361 FDRE_ZINI $auto$ff.cc:266:slice$18922.D[0]
43362 FDRE_ZINI $auto$ff.cc:266:slice$18954.D[0]
43363 FDRE_ZINI $auto$ff.cc:266:slice$18986.D[0]
43364 FDRE_ZINI $auto$ff.cc:266:slice$19018.D[0]
43365 FDRE_ZINI $auto$ff.cc:266:slice$19050.D[0]
43366 FDRE_ZINI $auto$ff.cc:266:slice$19082.D[0]
43367 FDRE_ZINI $auto$ff.cc:266:slice$19114.D[0]
43368 FDRE_ZINI $auto$ff.cc:266:slice$19146.D[0]
43369 FDRE_ZINI $auto$ff.cc:266:slice$19178.D[0]
43370 FDRE_ZINI $auto$ff.cc:266:slice$19210.D[0]
43371 FDRE_ZINI $auto$ff.cc:266:slice$19242.D[0]
43372 FDRE_ZINI $auto$ff.cc:266:slice$19274.D[0]
43373 FDRE_ZINI $auto$ff.cc:266:slice$19306.D[0]
43374 FDRE_ZINI $auto$ff.cc:266:slice$18345.D[0]
43375 FDRE_ZINI $auto$ff.cc:266:slice$18377.D[0]
43376 FDRE_ZINI $auto$ff.cc:266:slice$18409.D[0]
43377 FDRE_ZINI $auto$ff.cc:266:slice$18441.D[0]
43378 FDRE_ZINI $auto$ff.cc:266:slice$18473.D[0]
43379 FDRE_ZINI $auto$ff.cc:266:slice$18505.D[0]
43380 FDRE_ZINI $auto$ff.cc:266:slice$18537.D[0]
43381 FDRE_ZINI $auto$ff.cc:266:slice$18569.D[0]
43382 FDRE_ZINI $auto$ff.cc:266:slice$18601.D[0]
43383 FDRE_ZINI $auto$ff.cc:266:slice$18633.D[0]
43384 FDRE_ZINI $auto$ff.cc:266:slice$18665.D[0]
43385 FDRE_ZINI $auto$ff.cc:266:slice$18697.D[0]
43386 FDRE_ZINI $auto$ff.cc:266:slice$18729.D[0]
43387 FDRE_ZINI $auto$ff.cc:266:slice$18761.D[0]
43388 FDRE_ZINI $auto$ff.cc:266:slice$18793.D[0]
43389 FDRE_ZINI $auto$ff.cc:266:slice$18825.D[0]
43390 FDRE_ZINI $auto$ff.cc:266:slice$18857.D[0]
43391 FDRE_ZINI $auto$ff.cc:266:slice$18889.D[0]
43392 FDRE_ZINI $auto$ff.cc:266:slice$18921.D[0]
43393 FDRE_ZINI $auto$ff.cc:266:slice$18953.D[0]
43394 FDRE_ZINI $auto$ff.cc:266:slice$18985.D[0]
43395 FDRE_ZINI $auto$ff.cc:266:slice$19017.D[0]
43396 FDRE_ZINI $auto$ff.cc:266:slice$19049.D[0]
43397 FDRE_ZINI $auto$ff.cc:266:slice$19081.D[0]
43398 FDRE_ZINI $auto$ff.cc:266:slice$19113.D[0]
43399 FDRE_ZINI $auto$ff.cc:266:slice$19145.D[0]
43400 FDRE_ZINI $auto$ff.cc:266:slice$19177.D[0]
43401 FDRE_ZINI $auto$ff.cc:266:slice$19209.D[0]
43402 FDRE_ZINI $auto$ff.cc:266:slice$19241.D[0]
43403 FDRE_ZINI $auto$ff.cc:266:slice$19273.D[0]
43404 FDRE_ZINI $auto$ff.cc:266:slice$19305.D[0]
43405 FDCE_ZINI $auto$ff.cc:266:slice$17373.D[0]
43406 FDCE_ZINI $auto$ff.cc:266:slice$17440.D[0]
43407 FDRE_ZINI $auto$ff.cc:266:slice$15018.D[0]
43408 FDRE_ZINI $auto$ff.cc:266:slice$23896.D[0]
43409 FDRE_ZINI $auto$ff.cc:266:slice$23895.D[0]
43410 FDRE_ZINI $auto$ff.cc:266:slice$23894.D[0]
43411 FDRE_ZINI $auto$ff.cc:266:slice$23893.D[0]
43412 FDCE_ZINI $auto$ff.cc:266:slice$17379.D[0]
43413 FDCE_ZINI $auto$ff.cc:266:slice$17446.D[0]
43414 FDRE_ZINI $auto$ff.cc:266:slice$18349.D[0]
43415 FDRE_ZINI $auto$ff.cc:266:slice$18381.D[0]
43416 FDRE_ZINI $auto$ff.cc:266:slice$18413.D[0]
43417 FDRE_ZINI $auto$ff.cc:266:slice$18445.D[0]
43418 FDRE_ZINI $auto$ff.cc:266:slice$18477.D[0]
43419 FDRE_ZINI $auto$ff.cc:266:slice$18509.D[0]
43420 FDRE_ZINI $auto$ff.cc:266:slice$18541.D[0]
43421 FDRE_ZINI $auto$ff.cc:266:slice$18573.D[0]
43422 FDRE_ZINI $auto$ff.cc:266:slice$18605.D[0]
43423 FDRE_ZINI $auto$ff.cc:266:slice$18637.D[0]
43424 FDRE_ZINI $auto$ff.cc:266:slice$18669.D[0]
43425 FDRE_ZINI $auto$ff.cc:266:slice$18701.D[0]
43426 FDRE_ZINI $auto$ff.cc:266:slice$18733.D[0]
43427 FDRE_ZINI $auto$ff.cc:266:slice$18765.D[0]
43428 FDRE_ZINI $auto$ff.cc:266:slice$18797.D[0]
43429 FDRE_ZINI $auto$ff.cc:266:slice$18829.D[0]
43430 FDRE_ZINI $auto$ff.cc:266:slice$18861.D[0]
43431 FDRE_ZINI $auto$ff.cc:266:slice$18893.D[0]
43432 FDRE_ZINI $auto$ff.cc:266:slice$18925.D[0]
43433 FDRE_ZINI $auto$ff.cc:266:slice$18957.D[0]
43434 FDRE_ZINI $auto$ff.cc:266:slice$18989.D[0]
43435 FDRE_ZINI $auto$ff.cc:266:slice$19021.D[0]
43436 FDRE_ZINI $auto$ff.cc:266:slice$19053.D[0]
43437 FDRE_ZINI $auto$ff.cc:266:slice$19085.D[0]
43438 FDRE_ZINI $auto$ff.cc:266:slice$19117.D[0]
43439 FDRE_ZINI $auto$ff.cc:266:slice$19149.D[0]
43440 FDRE_ZINI $auto$ff.cc:266:slice$19181.D[0]
43441 FDRE_ZINI $auto$ff.cc:266:slice$19213.D[0]
43442 FDRE_ZINI $auto$ff.cc:266:slice$19245.D[0]
43443 FDRE_ZINI $auto$ff.cc:266:slice$19277.D[0]
43444 FDRE_ZINI $auto$ff.cc:266:slice$19309.D[0]
43445 FDRE_ZINI $auto$ff.cc:266:slice$18348.D[0]
43446 FDRE_ZINI $auto$ff.cc:266:slice$18380.D[0]
43447 FDRE_ZINI $auto$ff.cc:266:slice$18412.D[0]
43448 FDRE_ZINI $auto$ff.cc:266:slice$18444.D[0]
43449 FDRE_ZINI $auto$ff.cc:266:slice$18476.D[0]
43450 FDRE_ZINI $auto$ff.cc:266:slice$18508.D[0]
43451 FDRE_ZINI $auto$ff.cc:266:slice$18540.D[0]
43452 FDRE_ZINI $auto$ff.cc:266:slice$18572.D[0]
43453 FDRE_ZINI $auto$ff.cc:266:slice$18604.D[0]
43454 FDRE_ZINI $auto$ff.cc:266:slice$18636.D[0]
43455 FDRE_ZINI $auto$ff.cc:266:slice$18668.D[0]
43456 FDRE_ZINI $auto$ff.cc:266:slice$18700.D[0]
43457 FDRE_ZINI $auto$ff.cc:266:slice$18732.D[0]
43458 FDRE_ZINI $auto$ff.cc:266:slice$18764.D[0]
43459 FDRE_ZINI $auto$ff.cc:266:slice$18796.D[0]
43460 FDRE_ZINI $auto$ff.cc:266:slice$18828.D[0]
43461 FDRE_ZINI $auto$ff.cc:266:slice$18860.D[0]
43462 FDRE_ZINI $auto$ff.cc:266:slice$18892.D[0]
43463 FDRE_ZINI $auto$ff.cc:266:slice$18924.D[0]
43464 FDRE_ZINI $auto$ff.cc:266:slice$18956.D[0]
43465 FDRE_ZINI $auto$ff.cc:266:slice$18988.D[0]
43466 FDRE_ZINI $auto$ff.cc:266:slice$19020.D[0]
43467 FDRE_ZINI $auto$ff.cc:266:slice$19052.D[0]
43468 FDRE_ZINI $auto$ff.cc:266:slice$19084.D[0]
43469 FDRE_ZINI $auto$ff.cc:266:slice$19116.D[0]
43470 FDRE_ZINI $auto$ff.cc:266:slice$19148.D[0]
43471 FDRE_ZINI $auto$ff.cc:266:slice$19180.D[0]
43472 FDRE_ZINI $auto$ff.cc:266:slice$19212.D[0]
43473 FDRE_ZINI $auto$ff.cc:266:slice$19244.D[0]
43474 FDRE_ZINI $auto$ff.cc:266:slice$19276.D[0]
43475 FDRE_ZINI $auto$ff.cc:266:slice$19308.D[0]
43476 FDRE_ZINI $auto$ff.cc:266:slice$18347.D[0]
43477 FDRE_ZINI $auto$ff.cc:266:slice$18379.D[0]
43478 FDRE_ZINI $auto$ff.cc:266:slice$18411.D[0]
43479 FDRE_ZINI $auto$ff.cc:266:slice$18443.D[0]
43480 FDRE_ZINI $auto$ff.cc:266:slice$18475.D[0]
43481 FDRE_ZINI $auto$ff.cc:266:slice$18507.D[0]
43482 FDRE_ZINI $auto$ff.cc:266:slice$18539.D[0]
43483 FDRE_ZINI $auto$ff.cc:266:slice$18571.D[0]
43484 FDRE_ZINI $auto$ff.cc:266:slice$18603.D[0]
43485 FDRE_ZINI $auto$ff.cc:266:slice$18635.D[0]
43486 FDRE_ZINI $auto$ff.cc:266:slice$18667.D[0]
43487 FDRE_ZINI $auto$ff.cc:266:slice$18699.D[0]
43488 FDRE_ZINI $auto$ff.cc:266:slice$18731.D[0]
43489 FDRE_ZINI $auto$ff.cc:266:slice$18763.D[0]
43490 FDRE_ZINI $auto$ff.cc:266:slice$18795.D[0]
43491 FDRE_ZINI $auto$ff.cc:266:slice$18827.D[0]
43492 FDRE_ZINI $auto$ff.cc:266:slice$18859.D[0]
43493 FDRE_ZINI $auto$ff.cc:266:slice$18891.D[0]
43494 FDRE_ZINI $auto$ff.cc:266:slice$18923.D[0]
43495 FDRE_ZINI $auto$ff.cc:266:slice$18955.D[0]
43496 FDRE_ZINI $auto$ff.cc:266:slice$18987.D[0]
43497 FDRE_ZINI $auto$ff.cc:266:slice$19019.D[0]
43498 FDRE_ZINI $auto$ff.cc:266:slice$19051.D[0]
43499 FDRE_ZINI $auto$ff.cc:266:slice$19083.D[0]
43500 FDRE_ZINI $auto$ff.cc:266:slice$19115.D[0]
43501 FDRE_ZINI $auto$ff.cc:266:slice$19147.D[0]
43502 FDRE_ZINI $auto$ff.cc:266:slice$19179.D[0]
43503 FDRE_ZINI $auto$ff.cc:266:slice$19211.D[0]
43504 FDRE_ZINI $auto$ff.cc:266:slice$19243.D[0]
43505 FDRE_ZINI $auto$ff.cc:266:slice$19275.D[0]
43506 FDRE_ZINI $auto$ff.cc:266:slice$19307.D[0]
43507 FDRE_ZINI $auto$ff.cc:266:slice$18344.D[0]
43508 FDRE_ZINI $auto$ff.cc:266:slice$18376.D[0]
43509 FDRE_ZINI $auto$ff.cc:266:slice$18408.D[0]
43510 FDRE_ZINI $auto$ff.cc:266:slice$18440.D[0]
43511 FDRE_ZINI $auto$ff.cc:266:slice$18472.D[0]
43512 FDRE_ZINI $auto$ff.cc:266:slice$18504.D[0]
43513 FDRE_ZINI $auto$ff.cc:266:slice$18536.D[0]
43514 FDRE_ZINI $auto$ff.cc:266:slice$18568.D[0]
43515 FDRE_ZINI $auto$ff.cc:266:slice$18600.D[0]
43516 FDRE_ZINI $auto$ff.cc:266:slice$18632.D[0]
43517 FDRE_ZINI $auto$ff.cc:266:slice$18664.D[0]
43518 FDRE_ZINI $auto$ff.cc:266:slice$18696.D[0]
43519 FDRE_ZINI $auto$ff.cc:266:slice$18728.D[0]
43520 FDRE_ZINI $auto$ff.cc:266:slice$18760.D[0]
43521 FDRE_ZINI $auto$ff.cc:266:slice$18792.D[0]
43522 FDRE_ZINI $auto$ff.cc:266:slice$18824.D[0]
43523 FDRE_ZINI $auto$ff.cc:266:slice$18856.D[0]
43524 FDRE_ZINI $auto$ff.cc:266:slice$18888.D[0]
43525 FDRE_ZINI $auto$ff.cc:266:slice$18920.D[0]
43526 FDRE_ZINI $auto$ff.cc:266:slice$18952.D[0]
43527 FDRE_ZINI $auto$ff.cc:266:slice$18984.D[0]
43528 FDRE_ZINI $auto$ff.cc:266:slice$19016.D[0]
43529 FDRE_ZINI $auto$ff.cc:266:slice$19048.D[0]
43530 FDRE_ZINI $auto$ff.cc:266:slice$19080.D[0]
43531 FDRE_ZINI $auto$ff.cc:266:slice$19112.D[0]
43532 FDRE_ZINI $auto$ff.cc:266:slice$19144.D[0]
43533 FDRE_ZINI $auto$ff.cc:266:slice$19176.D[0]
43534 FDRE_ZINI $auto$ff.cc:266:slice$19208.D[0]
43535 FDRE_ZINI $auto$ff.cc:266:slice$19240.D[0]
43536 FDRE_ZINI $auto$ff.cc:266:slice$19272.D[0]
43537 FDRE_ZINI $auto$ff.cc:266:slice$19304.D[0]
43538 FDRE_ZINI $auto$ff.cc:266:slice$15045.D[0]
43539 FDRE_ZINI $auto$ff.cc:266:slice$15017.D[0]
43540 FDRE_ZINI $auto$ff.cc:266:slice$15019.D[0]
43541 FDRE_ZINI $auto$ff.cc:266:slice$15033.D[0]
43542 FDRE_ZINI $auto$ff.cc:266:slice$15043.D[0]
43543 FDRE_ZINI $auto$ff.cc:266:slice$15046.D[0]
43544 FDRE_ZINI $auto$ff.cc:266:slice$15037.D[0]
43545 FDRE_ZINI $auto$ff.cc:266:slice$15029.D[0]
43546 FDRE_ZINI $auto$ff.cc:266:slice$15026.D[0]
43547 FDRE_ZINI $auto$ff.cc:266:slice$15034.D[0]
43548 FDRE_ZINI $auto$ff.cc:266:slice$15040.D[0]
43549 FDRE_ZINI $auto$ff.cc:266:slice$15025.D[0]
43550 FDRE_ZINI $auto$ff.cc:266:slice$15021.D[0]
43551 FDRE_ZINI $auto$ff.cc:266:slice$15027.D[0]
43552 FDRE_ZINI $auto$ff.cc:266:slice$15039.D[0]
43553 FDRE_ZINI $auto$ff.cc:266:slice$15041.D[0]
43554 FDRE_ZINI $auto$ff.cc:266:slice$15032.D[0]
43555 FDRE_ZINI $auto$ff.cc:266:slice$15036.D[0]
43556 FDRE_ZINI $auto$ff.cc:266:slice$15028.D[0]
43557 FDRE_ZINI $auto$ff.cc:266:slice$15031.D[0]
43558 FDCE_ZINI $auto$ff.cc:266:slice$17383.D[0]
43559 FDCE_ZINI $auto$ff.cc:266:slice$17450.D[0]
43560 FDCE_ZINI $auto$ff.cc:266:slice$17382.D[0]
43561 FDCE_ZINI $auto$ff.cc:266:slice$17449.D[0]
43562 FDCE_ZINI $auto$ff.cc:266:slice$17381.D[0]
43563 FDCE_ZINI $auto$ff.cc:266:slice$17448.D[0]
43564 FDCE_ZINI $auto$ff.cc:266:slice$17380.D[0]
43565 FDCE_ZINI $auto$ff.cc:266:slice$17447.D[0]
43566 FDRE_ZINI $auto$ff.cc:266:slice$18350.D[0]
43567 FDRE_ZINI $auto$ff.cc:266:slice$18382.D[0]
43568 FDRE_ZINI $auto$ff.cc:266:slice$18414.D[0]
43569 FDRE_ZINI $auto$ff.cc:266:slice$18446.D[0]
43570 FDRE_ZINI $auto$ff.cc:266:slice$18478.D[0]
43571 FDRE_ZINI $auto$ff.cc:266:slice$18510.D[0]
43572 FDRE_ZINI $auto$ff.cc:266:slice$18542.D[0]
43573 FDRE_ZINI $auto$ff.cc:266:slice$18574.D[0]
43574 FDRE_ZINI $auto$ff.cc:266:slice$18606.D[0]
43575 FDRE_ZINI $auto$ff.cc:266:slice$18638.D[0]
43576 FDRE_ZINI $auto$ff.cc:266:slice$18670.D[0]
43577 FDRE_ZINI $auto$ff.cc:266:slice$18702.D[0]
43578 FDRE_ZINI $auto$ff.cc:266:slice$18734.D[0]
43579 FDRE_ZINI $auto$ff.cc:266:slice$18766.D[0]
43580 FDRE_ZINI $auto$ff.cc:266:slice$18798.D[0]
43581 FDRE_ZINI $auto$ff.cc:266:slice$18830.D[0]
43582 FDRE_ZINI $auto$ff.cc:266:slice$18862.D[0]
43583 FDRE_ZINI $auto$ff.cc:266:slice$18894.D[0]
43584 FDRE_ZINI $auto$ff.cc:266:slice$18926.D[0]
43585 FDRE_ZINI $auto$ff.cc:266:slice$18958.D[0]
43586 FDRE_ZINI $auto$ff.cc:266:slice$18990.D[0]
43587 FDRE_ZINI $auto$ff.cc:266:slice$19022.D[0]
43588 FDRE_ZINI $auto$ff.cc:266:slice$19054.D[0]
43589 FDRE_ZINI $auto$ff.cc:266:slice$19086.D[0]
43590 FDRE_ZINI $auto$ff.cc:266:slice$19118.D[0]
43591 FDRE_ZINI $auto$ff.cc:266:slice$19150.D[0]
43592 FDRE_ZINI $auto$ff.cc:266:slice$19182.D[0]
43593 FDRE_ZINI $auto$ff.cc:266:slice$19214.D[0]
43594 FDRE_ZINI $auto$ff.cc:266:slice$19246.D[0]
43595 FDRE_ZINI $auto$ff.cc:266:slice$19278.D[0]
43596 FDRE_ZINI $auto$ff.cc:266:slice$19310.D[0]
43597 FDRE_ZINI $auto$ff.cc:266:slice$15042.D[0]
43598 FDRE_ZINI $auto$ff.cc:266:slice$15023.D[0]
43599 FDRE_ZINI $auto$ff.cc:266:slice$15022.D[0]
43600 FDRE_ZINI $auto$ff.cc:266:slice$15038.D[0]
43601 FDRE_ZINI $auto$ff.cc:266:slice$15035.D[0]
43602 FDRE_ZINI $auto$ff.cc:266:slice$15020.D[0]
43603 FDRE_ZINI $auto$ff.cc:266:slice$15024.D[0]
43604 FDRE_ZINI $auto$ff.cc:266:slice$15030.D[0]
43605 FDRE_ZINI $auto$ff.cc:266:slice$15044.D[0]
43606 FDRE_ZINI $auto$ff.cc:266:slice$18354.D[0]
43607 FDRE_ZINI $auto$ff.cc:266:slice$18386.D[0]
43608 FDRE_ZINI $auto$ff.cc:266:slice$18418.D[0]
43609 FDRE_ZINI $auto$ff.cc:266:slice$18450.D[0]
43610 FDRE_ZINI $auto$ff.cc:266:slice$18482.D[0]
43611 FDRE_ZINI $auto$ff.cc:266:slice$18514.D[0]
43612 FDRE_ZINI $auto$ff.cc:266:slice$18546.D[0]
43613 FDRE_ZINI $auto$ff.cc:266:slice$18578.D[0]
43614 FDRE_ZINI $auto$ff.cc:266:slice$18610.D[0]
43615 FDRE_ZINI $auto$ff.cc:266:slice$18642.D[0]
43616 FDRE_ZINI $auto$ff.cc:266:slice$18674.D[0]
43617 FDRE_ZINI $auto$ff.cc:266:slice$18706.D[0]
43618 FDRE_ZINI $auto$ff.cc:266:slice$18738.D[0]
43619 FDRE_ZINI $auto$ff.cc:266:slice$18770.D[0]
43620 FDRE_ZINI $auto$ff.cc:266:slice$18802.D[0]
43621 FDRE_ZINI $auto$ff.cc:266:slice$18834.D[0]
43622 FDRE_ZINI $auto$ff.cc:266:slice$18866.D[0]
43623 FDRE_ZINI $auto$ff.cc:266:slice$18898.D[0]
43624 FDRE_ZINI $auto$ff.cc:266:slice$18930.D[0]
43625 FDRE_ZINI $auto$ff.cc:266:slice$18962.D[0]
43626 FDRE_ZINI $auto$ff.cc:266:slice$18994.D[0]
43627 FDRE_ZINI $auto$ff.cc:266:slice$19026.D[0]
43628 FDRE_ZINI $auto$ff.cc:266:slice$19058.D[0]
43629 FDRE_ZINI $auto$ff.cc:266:slice$19090.D[0]
43630 FDRE_ZINI $auto$ff.cc:266:slice$19122.D[0]
43631 FDRE_ZINI $auto$ff.cc:266:slice$19154.D[0]
43632 FDRE_ZINI $auto$ff.cc:266:slice$19186.D[0]
43633 FDRE_ZINI $auto$ff.cc:266:slice$19218.D[0]
43634 FDRE_ZINI $auto$ff.cc:266:slice$19250.D[0]
43635 FDRE_ZINI $auto$ff.cc:266:slice$19282.D[0]
43636 FDRE_ZINI $auto$ff.cc:266:slice$19314.D[0]
43637 FDRE_ZINI $auto$ff.cc:266:slice$18353.D[0]
43638 FDRE_ZINI $auto$ff.cc:266:slice$18385.D[0]
43639 FDRE_ZINI $auto$ff.cc:266:slice$18417.D[0]
43640 FDRE_ZINI $auto$ff.cc:266:slice$18449.D[0]
43641 FDRE_ZINI $auto$ff.cc:266:slice$18481.D[0]
43642 FDRE_ZINI $auto$ff.cc:266:slice$18513.D[0]
43643 FDRE_ZINI $auto$ff.cc:266:slice$18545.D[0]
43644 FDRE_ZINI $auto$ff.cc:266:slice$18577.D[0]
43645 FDRE_ZINI $auto$ff.cc:266:slice$18609.D[0]
43646 FDRE_ZINI $auto$ff.cc:266:slice$18641.D[0]
43647 FDRE_ZINI $auto$ff.cc:266:slice$18673.D[0]
43648 FDRE_ZINI $auto$ff.cc:266:slice$18705.D[0]
43649 FDRE_ZINI $auto$ff.cc:266:slice$18737.D[0]
43650 FDRE_ZINI $auto$ff.cc:266:slice$18769.D[0]
43651 FDRE_ZINI $auto$ff.cc:266:slice$18801.D[0]
43652 FDRE_ZINI $auto$ff.cc:266:slice$18833.D[0]
43653 FDRE_ZINI $auto$ff.cc:266:slice$18865.D[0]
43654 FDRE_ZINI $auto$ff.cc:266:slice$18897.D[0]
43655 FDRE_ZINI $auto$ff.cc:266:slice$18929.D[0]
43656 FDRE_ZINI $auto$ff.cc:266:slice$18961.D[0]
43657 FDRE_ZINI $auto$ff.cc:266:slice$18993.D[0]
43658 FDRE_ZINI $auto$ff.cc:266:slice$19025.D[0]
43659 FDRE_ZINI $auto$ff.cc:266:slice$19057.D[0]
43660 FDRE_ZINI $auto$ff.cc:266:slice$19089.D[0]
43661 FDRE_ZINI $auto$ff.cc:266:slice$19121.D[0]
43662 FDRE_ZINI $auto$ff.cc:266:slice$19153.D[0]
43663 FDRE_ZINI $auto$ff.cc:266:slice$19185.D[0]
43664 FDRE_ZINI $auto$ff.cc:266:slice$19217.D[0]
43665 FDRE_ZINI $auto$ff.cc:266:slice$19249.D[0]
43666 FDRE_ZINI $auto$ff.cc:266:slice$19281.D[0]
43667 FDRE_ZINI $auto$ff.cc:266:slice$19313.D[0]
43668 FDRE_ZINI $auto$ff.cc:266:slice$18352.D[0]
43669 FDRE_ZINI $auto$ff.cc:266:slice$18384.D[0]
43670 FDRE_ZINI $auto$ff.cc:266:slice$18416.D[0]
43671 FDRE_ZINI $auto$ff.cc:266:slice$18448.D[0]
43672 FDRE_ZINI $auto$ff.cc:266:slice$18480.D[0]
43673 FDRE_ZINI $auto$ff.cc:266:slice$18512.D[0]
43674 FDRE_ZINI $auto$ff.cc:266:slice$18544.D[0]
43675 FDRE_ZINI $auto$ff.cc:266:slice$18576.D[0]
43676 FDRE_ZINI $auto$ff.cc:266:slice$18608.D[0]
43677 FDRE_ZINI $auto$ff.cc:266:slice$18640.D[0]
43678 FDRE_ZINI $auto$ff.cc:266:slice$18672.D[0]
43679 FDRE_ZINI $auto$ff.cc:266:slice$18704.D[0]
43680 FDRE_ZINI $auto$ff.cc:266:slice$18736.D[0]
43681 FDRE_ZINI $auto$ff.cc:266:slice$18768.D[0]
43682 FDRE_ZINI $auto$ff.cc:266:slice$18800.D[0]
43683 FDRE_ZINI $auto$ff.cc:266:slice$18832.D[0]
43684 FDRE_ZINI $auto$ff.cc:266:slice$18864.D[0]
43685 FDRE_ZINI $auto$ff.cc:266:slice$18896.D[0]
43686 FDRE_ZINI $auto$ff.cc:266:slice$18928.D[0]
43687 FDRE_ZINI $auto$ff.cc:266:slice$18960.D[0]
43688 FDRE_ZINI $auto$ff.cc:266:slice$18992.D[0]
43689 FDRE_ZINI $auto$ff.cc:266:slice$19024.D[0]
43690 FDRE_ZINI $auto$ff.cc:266:slice$19056.D[0]
43691 FDRE_ZINI $auto$ff.cc:266:slice$19088.D[0]
43692 FDRE_ZINI $auto$ff.cc:266:slice$19120.D[0]
43693 FDRE_ZINI $auto$ff.cc:266:slice$19152.D[0]
43694 FDRE_ZINI $auto$ff.cc:266:slice$19184.D[0]
43695 FDRE_ZINI $auto$ff.cc:266:slice$19216.D[0]
43696 FDRE_ZINI $auto$ff.cc:266:slice$19248.D[0]
43697 FDRE_ZINI $auto$ff.cc:266:slice$19280.D[0]
43698 FDRE_ZINI $auto$ff.cc:266:slice$19312.D[0]
43699 FDRE_ZINI $auto$ff.cc:266:slice$18351.D[0]
43700 FDRE_ZINI $auto$ff.cc:266:slice$18383.D[0]
43701 FDRE_ZINI $auto$ff.cc:266:slice$18415.D[0]
43702 FDRE_ZINI $auto$ff.cc:266:slice$18447.D[0]
43703 FDRE_ZINI $auto$ff.cc:266:slice$18479.D[0]
43704 FDRE_ZINI $auto$ff.cc:266:slice$18511.D[0]
43705 FDRE_ZINI $auto$ff.cc:266:slice$18543.D[0]
43706 FDRE_ZINI $auto$ff.cc:266:slice$18575.D[0]
43707 FDRE_ZINI $auto$ff.cc:266:slice$18607.D[0]
43708 FDRE_ZINI $auto$ff.cc:266:slice$18639.D[0]
43709 FDRE_ZINI $auto$ff.cc:266:slice$18671.D[0]
43710 FDRE_ZINI $auto$ff.cc:266:slice$18703.D[0]
43711 FDRE_ZINI $auto$ff.cc:266:slice$18735.D[0]
43712 FDRE_ZINI $auto$ff.cc:266:slice$18767.D[0]
43713 FDRE_ZINI $auto$ff.cc:266:slice$18799.D[0]
43714 FDRE_ZINI $auto$ff.cc:266:slice$18831.D[0]
43715 FDRE_ZINI $auto$ff.cc:266:slice$18863.D[0]
43716 FDRE_ZINI $auto$ff.cc:266:slice$18895.D[0]
43717 FDRE_ZINI $auto$ff.cc:266:slice$18927.D[0]
43718 FDRE_ZINI $auto$ff.cc:266:slice$18959.D[0]
43719 FDRE_ZINI $auto$ff.cc:266:slice$18991.D[0]
43720 FDRE_ZINI $auto$ff.cc:266:slice$19023.D[0]
43721 FDRE_ZINI $auto$ff.cc:266:slice$19055.D[0]
43722 FDRE_ZINI $auto$ff.cc:266:slice$19087.D[0]
43723 FDRE_ZINI $auto$ff.cc:266:slice$19119.D[0]
43724 FDRE_ZINI $auto$ff.cc:266:slice$19151.D[0]
43725 FDRE_ZINI $auto$ff.cc:266:slice$19183.D[0]
43726 FDRE_ZINI $auto$ff.cc:266:slice$19215.D[0]
43727 FDRE_ZINI $auto$ff.cc:266:slice$19247.D[0]
43728 FDRE_ZINI $auto$ff.cc:266:slice$19279.D[0]
43729 FDRE_ZINI $auto$ff.cc:266:slice$19311.D[0]
43730 FDCE_ZINI $auto$ff.cc:266:slice$17387.D[0]
43731 FDCE_ZINI $auto$ff.cc:266:slice$17454.D[0]
43732 FDCE_ZINI $auto$ff.cc:266:slice$17384.D[0]
43733 FDCE_ZINI $auto$ff.cc:266:slice$17451.D[0]
43734 FDRE_ZINI $auto$ff.cc:266:slice$18358.D[0]
43735 FDRE_ZINI $auto$ff.cc:266:slice$18390.D[0]
43736 FDRE_ZINI $auto$ff.cc:266:slice$18422.D[0]
43737 FDRE_ZINI $auto$ff.cc:266:slice$18454.D[0]
43738 FDRE_ZINI $auto$ff.cc:266:slice$18486.D[0]
43739 FDRE_ZINI $auto$ff.cc:266:slice$18518.D[0]
43740 FDRE_ZINI $auto$ff.cc:266:slice$18550.D[0]
43741 FDRE_ZINI $auto$ff.cc:266:slice$18582.D[0]
43742 FDRE_ZINI $auto$ff.cc:266:slice$18614.D[0]
43743 FDRE_ZINI $auto$ff.cc:266:slice$18646.D[0]
43744 FDRE_ZINI $auto$ff.cc:266:slice$18678.D[0]
43745 FDRE_ZINI $auto$ff.cc:266:slice$18710.D[0]
43746 FDRE_ZINI $auto$ff.cc:266:slice$18742.D[0]
43747 FDRE_ZINI $auto$ff.cc:266:slice$18774.D[0]
43748 FDRE_ZINI $auto$ff.cc:266:slice$18806.D[0]
43749 FDRE_ZINI $auto$ff.cc:266:slice$18838.D[0]
43750 FDRE_ZINI $auto$ff.cc:266:slice$18870.D[0]
43751 FDRE_ZINI $auto$ff.cc:266:slice$18902.D[0]
43752 FDRE_ZINI $auto$ff.cc:266:slice$18934.D[0]
43753 FDRE_ZINI $auto$ff.cc:266:slice$18966.D[0]
43754 FDRE_ZINI $auto$ff.cc:266:slice$18998.D[0]
43755 FDRE_ZINI $auto$ff.cc:266:slice$19030.D[0]
43756 FDRE_ZINI $auto$ff.cc:266:slice$19062.D[0]
43757 FDRE_ZINI $auto$ff.cc:266:slice$19094.D[0]
43758 FDRE_ZINI $auto$ff.cc:266:slice$19126.D[0]
43759 FDRE_ZINI $auto$ff.cc:266:slice$19158.D[0]
43760 FDRE_ZINI $auto$ff.cc:266:slice$19190.D[0]
43761 FDRE_ZINI $auto$ff.cc:266:slice$19222.D[0]
43762 FDRE_ZINI $auto$ff.cc:266:slice$19254.D[0]
43763 FDRE_ZINI $auto$ff.cc:266:slice$19286.D[0]
43764 FDRE_ZINI $auto$ff.cc:266:slice$19318.D[0]
43765 FDCE_ZINI $auto$ff.cc:266:slice$17386.D[0]
43766 FDCE_ZINI $auto$ff.cc:266:slice$17453.D[0]
43767 FDCE_ZINI $auto$ff.cc:266:slice$17385.D[0]
43768 FDCE_ZINI $auto$ff.cc:266:slice$17452.D[0]
43769 FDRE_ZINI $auto$ff.cc:266:slice$18355.D[0]
43770 FDRE_ZINI $auto$ff.cc:266:slice$18387.D[0]
43771 FDRE_ZINI $auto$ff.cc:266:slice$18419.D[0]
43772 FDRE_ZINI $auto$ff.cc:266:slice$18451.D[0]
43773 FDRE_ZINI $auto$ff.cc:266:slice$18483.D[0]
43774 FDRE_ZINI $auto$ff.cc:266:slice$18515.D[0]
43775 FDRE_ZINI $auto$ff.cc:266:slice$18547.D[0]
43776 FDRE_ZINI $auto$ff.cc:266:slice$18579.D[0]
43777 FDRE_ZINI $auto$ff.cc:266:slice$18611.D[0]
43778 FDRE_ZINI $auto$ff.cc:266:slice$18643.D[0]
43779 FDRE_ZINI $auto$ff.cc:266:slice$18675.D[0]
43780 FDRE_ZINI $auto$ff.cc:266:slice$18707.D[0]
43781 FDRE_ZINI $auto$ff.cc:266:slice$18739.D[0]
43782 FDRE_ZINI $auto$ff.cc:266:slice$18771.D[0]
43783 FDRE_ZINI $auto$ff.cc:266:slice$18803.D[0]
43784 FDRE_ZINI $auto$ff.cc:266:slice$18835.D[0]
43785 FDRE_ZINI $auto$ff.cc:266:slice$18867.D[0]
43786 FDRE_ZINI $auto$ff.cc:266:slice$18899.D[0]
43787 FDRE_ZINI $auto$ff.cc:266:slice$18931.D[0]
43788 FDRE_ZINI $auto$ff.cc:266:slice$18963.D[0]
43789 FDRE_ZINI $auto$ff.cc:266:slice$18995.D[0]
43790 FDRE_ZINI $auto$ff.cc:266:slice$19027.D[0]
43791 FDRE_ZINI $auto$ff.cc:266:slice$19059.D[0]
43792 FDRE_ZINI $auto$ff.cc:266:slice$19091.D[0]
43793 FDRE_ZINI $auto$ff.cc:266:slice$19123.D[0]
43794 FDRE_ZINI $auto$ff.cc:266:slice$19155.D[0]
43795 FDRE_ZINI $auto$ff.cc:266:slice$19187.D[0]
43796 FDRE_ZINI $auto$ff.cc:266:slice$19219.D[0]
43797 FDRE_ZINI $auto$ff.cc:266:slice$19251.D[0]
43798 FDRE_ZINI $auto$ff.cc:266:slice$19283.D[0]
43799 FDRE_ZINI $auto$ff.cc:266:slice$19315.D[0]
43800 FDRE_ZINI $auto$ff.cc:266:slice$18357.D[0]
43801 FDRE_ZINI $auto$ff.cc:266:slice$18389.D[0]
43802 FDRE_ZINI $auto$ff.cc:266:slice$18421.D[0]
43803 FDRE_ZINI $auto$ff.cc:266:slice$18453.D[0]
43804 FDRE_ZINI $auto$ff.cc:266:slice$18485.D[0]
43805 FDRE_ZINI $auto$ff.cc:266:slice$18517.D[0]
43806 FDRE_ZINI $auto$ff.cc:266:slice$18549.D[0]
43807 FDRE_ZINI $auto$ff.cc:266:slice$18581.D[0]
43808 FDRE_ZINI $auto$ff.cc:266:slice$18613.D[0]
43809 FDRE_ZINI $auto$ff.cc:266:slice$18645.D[0]
43810 FDRE_ZINI $auto$ff.cc:266:slice$18677.D[0]
43811 FDRE_ZINI $auto$ff.cc:266:slice$18709.D[0]
43812 FDRE_ZINI $auto$ff.cc:266:slice$18741.D[0]
43813 FDRE_ZINI $auto$ff.cc:266:slice$18773.D[0]
43814 FDRE_ZINI $auto$ff.cc:266:slice$18805.D[0]
43815 FDRE_ZINI $auto$ff.cc:266:slice$18837.D[0]
43816 FDRE_ZINI $auto$ff.cc:266:slice$18869.D[0]
43817 FDRE_ZINI $auto$ff.cc:266:slice$18901.D[0]
43818 FDRE_ZINI $auto$ff.cc:266:slice$18933.D[0]
43819 FDRE_ZINI $auto$ff.cc:266:slice$18965.D[0]
43820 FDRE_ZINI $auto$ff.cc:266:slice$18997.D[0]
43821 FDRE_ZINI $auto$ff.cc:266:slice$19029.D[0]
43822 FDRE_ZINI $auto$ff.cc:266:slice$19061.D[0]
43823 FDRE_ZINI $auto$ff.cc:266:slice$19093.D[0]
43824 FDRE_ZINI $auto$ff.cc:266:slice$19125.D[0]
43825 FDRE_ZINI $auto$ff.cc:266:slice$19157.D[0]
43826 FDRE_ZINI $auto$ff.cc:266:slice$19189.D[0]
43827 FDRE_ZINI $auto$ff.cc:266:slice$19221.D[0]
43828 FDRE_ZINI $auto$ff.cc:266:slice$19253.D[0]
43829 FDRE_ZINI $auto$ff.cc:266:slice$19285.D[0]
43830 FDRE_ZINI $auto$ff.cc:266:slice$19317.D[0]
43831 FDRE_ZINI $auto$ff.cc:266:slice$18356.D[0]
43832 FDRE_ZINI $auto$ff.cc:266:slice$18388.D[0]
43833 FDRE_ZINI $auto$ff.cc:266:slice$18420.D[0]
43834 FDRE_ZINI $auto$ff.cc:266:slice$18452.D[0]
43835 FDRE_ZINI $auto$ff.cc:266:slice$18484.D[0]
43836 FDRE_ZINI $auto$ff.cc:266:slice$18516.D[0]
43837 FDRE_ZINI $auto$ff.cc:266:slice$18548.D[0]
43838 FDRE_ZINI $auto$ff.cc:266:slice$18580.D[0]
43839 FDRE_ZINI $auto$ff.cc:266:slice$18612.D[0]
43840 FDRE_ZINI $auto$ff.cc:266:slice$18644.D[0]
43841 FDRE_ZINI $auto$ff.cc:266:slice$18676.D[0]
43842 FDRE_ZINI $auto$ff.cc:266:slice$18708.D[0]
43843 FDRE_ZINI $auto$ff.cc:266:slice$18740.D[0]
43844 FDRE_ZINI $auto$ff.cc:266:slice$18772.D[0]
43845 FDRE_ZINI $auto$ff.cc:266:slice$18804.D[0]
43846 FDRE_ZINI $auto$ff.cc:266:slice$18836.D[0]
43847 FDRE_ZINI $auto$ff.cc:266:slice$18868.D[0]
43848 FDRE_ZINI $auto$ff.cc:266:slice$18900.D[0]
43849 FDRE_ZINI $auto$ff.cc:266:slice$18932.D[0]
43850 FDRE_ZINI $auto$ff.cc:266:slice$18964.D[0]
43851 FDRE_ZINI $auto$ff.cc:266:slice$18996.D[0]
43852 FDRE_ZINI $auto$ff.cc:266:slice$19028.D[0]
43853 FDRE_ZINI $auto$ff.cc:266:slice$19060.D[0]
43854 FDRE_ZINI $auto$ff.cc:266:slice$19092.D[0]
43855 FDRE_ZINI $auto$ff.cc:266:slice$19124.D[0]
43856 FDRE_ZINI $auto$ff.cc:266:slice$19156.D[0]
43857 FDRE_ZINI $auto$ff.cc:266:slice$19188.D[0]
43858 FDRE_ZINI $auto$ff.cc:266:slice$19220.D[0]
43859 FDRE_ZINI $auto$ff.cc:266:slice$19252.D[0]
43860 FDRE_ZINI $auto$ff.cc:266:slice$19284.D[0]
43861 FDRE_ZINI $auto$ff.cc:266:slice$19316.D[0]

#End of unconstrained hold startpoint/endpoint report
