VPR FPGA Placement and Routing.
Version: 8.1.0-dev+25e723a24-dirty
Revision: 8.0.0-5699-g25e723a24-dirty
Compiled: 2022-07-20T00:22:19
Compiler: GNU 11.2.0 on Linux-5.15.0-1014-azure x86_64
Build Info: Release IPO PGO VTR_ASSERT_LEVEL=2

University of Toronto
verilogtorouting.org
vtr-users@googlegroups.com
This is free open source code under MIT license.

VPR was run with the following command-line:
/home/cl4/opt/f4pga/xc7/conda/envs/xc7/bin/vpr /home/cl4/opt/f4pga/xc7/share/f4pga/arch/xc7z010_test/arch.timing.xml zybo_top.eblif --max_router_iterations 500 --routing_failure_predictor off --router_high_fanout_threshold -1 --constant_net_method route --route_chan_width 500 --router_heap bucket --clock_modeling route --place_delta_delay_matrix_calculation_method dijkstra --place_delay_model delta --router_lookahead extended_map --check_route quick --strict_checks off --allow_dangling_combinational_nodes on --disable_errors check_unbuffered_edges:check_route --congested_routing_iteration_threshold 0.8 --incremental_reroute_delay_ripup off --base_cost_type delay_normalized_length_bounded --bb_factor 10 --acc_fac 0.7 --astar_fac 1.8 --initial_pres_fac 2.828 --pres_fac_mult 1.2 --check_rr_graph off --suppress_warnings noisy_warnings-xc7z010_test_pack.log,sum_pin_class:check_unbuffered_edges:load_rr_indexed_data_T_values:check_rr_node:trans_per_R:check_route:set_rr_graph_tool_comment:calculate_average_switch --device xc7z010-test --read_rr_graph /home/cl4/opt/f4pga/xc7/share/f4pga/arch/xc7z010_test/rr_graph_xc7z010_test.rr_graph.real.bin --read_router_lookahead /home/cl4/opt/f4pga/xc7/share/f4pga/arch/xc7z010_test/rr_graph_xc7z010_test.lookahead.bin --read_placement_delay_lookup /home/cl4/opt/f4pga/xc7/share/f4pga/arch/xc7z010_test/rr_graph_xc7z010_test.place_delay.bin --sdc_file zybo_top.sdc --route

Using up to 1 parallel worker(s)

Architecture file: /home/cl4/opt/f4pga/xc7/share/f4pga/arch/xc7z010_test/arch.timing.xml
Circuit name: zybo_top

# Loading Architecture Description
Warning 1: Model 'CE_VCC' output port 'VCC' has no timing specification (no clock specified to create a sequential output port, not combinationally connected to any inputs, not a clock output)
Warning 2: Model 'SR_GND' output port 'GND' has no timing specification (no clock specified to create a sequential output port, not combinationally connected to any inputs, not a clock output)
Warning 3: Model 'NO_FF' input port 'D' has no timing specification (no clock specified to create a sequential input port, not combinationally connected to any outputs, not a clock input)
Warning 4: Model 'NO_DRAM' input port 'A' has no timing specification (no clock specified to create a sequential input port, not combinationally connected to any outputs, not a clock input)
Warning 5: Model 'RAMB18E1_VPR' input port 'ADDRBTIEHIGH' has no timing specification (no clock specified to create a sequential input port, not combinationally connected to any outputs, not a clock input)
Warning 6: Model 'RAMB18E1_VPR' input port 'ADDRATIEHIGH' has no timing specification (no clock specified to create a sequential input port, not combinationally connected to any outputs, not a clock input)
Warning 7: Model 'RAMB36E1_PRIM' input port 'CASCADEINB' has no timing specification (no clock specified to create a sequential input port, not combinationally connected to any outputs, not a clock input)
Warning 8: Model 'RAMB36E1_PRIM' input port 'CASCADEINA' has no timing specification (no clock specified to create a sequential input port, not combinationally connected to any outputs, not a clock input)
Warning 9: Model 'RAMB36E1_PRIM' output port 'CASCADEOUTB' has no timing specification (no clock specified to create a sequential output port, not combinationally connected to any inputs, not a clock output)
Warning 10: Model 'RAMB36E1_PRIM' output port 'CASCADEOUTA' has no timing specification (no clock specified to create a sequential output port, not combinationally connected to any inputs, not a clock output)
Warning 11: Model 'OSERDESE2_VPR' input port 'SHIFTIN2' has no timing specification (no clock specified to create a sequential input port, not combinationally connected to any outputs, not a clock input)
Warning 12: Model 'OSERDESE2_VPR' input port 'SHIFTIN1' has no timing specification (no clock specified to create a sequential input port, not combinationally connected to any outputs, not a clock input)
Warning 13: Model 'OSERDESE2_VPR' input port 'TBYTEIN' has no timing specification (no clock specified to create a sequential input port, not combinationally connected to any outputs, not a clock input)
Warning 14: Model 'OSERDESE2_VPR' output port 'SHIFTOUT2' has no timing specification (no clock specified to create a sequential output port, not combinationally connected to any inputs, not a clock output)
Warning 15: Model 'OSERDESE2_VPR' output port 'SHIFTOUT1' has no timing specification (no clock specified to create a sequential output port, not combinationally connected to any inputs, not a clock output)
Warning 16: Model 'ODDR_VPR' input port 'SR' has no timing specification (no clock specified to create a sequential input port, not combinationally connected to any outputs, not a clock input)
Warning 17: Model 'IDELAYE2_VPR' input port 'LDPIPEEN' has no timing specification (no clock specified to create a sequential input port, not combinationally connected to any outputs, not a clock input)
Warning 18: Model 'IDELAYE2_VPR' input port 'IDATAIN' has no timing specification (no clock specified to create a sequential input port, not combinationally connected to any outputs, not a clock input)
Warning 19: Model 'IDELAYE2_VPR' input port 'DATAIN' has no timing specification (no clock specified to create a sequential input port, not combinationally connected to any outputs, not a clock input)
Warning 20: Model 'IDELAYE2_VPR' input port 'CNTVALUEIN4' has no timing specification (no clock specified to create a sequential input port, not combinationally connected to any outputs, not a clock input)
Warning 21: Model 'IDELAYE2_VPR' input port 'CNTVALUEIN3' has no timing specification (no clock specified to create a sequential input port, not combinationally connected to any outputs, not a clock input)
Warning 22: Model 'IDELAYE2_VPR' input port 'CNTVALUEIN2' has no timing specification (no clock specified to create a sequential input port, not combinationally connected to any outputs, not a clock input)
Warning 23: Model 'IDELAYE2_VPR' input port 'CNTVALUEIN1' has no timing specification (no clock specified to create a sequential input port, not combinationally connected to any outputs, not a clock input)
Warning 24: Model 'IDELAYE2_VPR' input port 'CNTVALUEIN0' has no timing specification (no clock specified to create a sequential input port, not combinationally connected to any outputs, not a clock input)
Warning 25: Model 'IDELAYE2_VPR' input port 'CINVCTRL' has no timing specification (no clock specified to create a sequential input port, not combinationally connected to any outputs, not a clock input)
Warning 26: Model 'IDELAYE2_VPR' output port 'DATAOUT' has no timing specification (no clock specified to create a sequential output port, not combinationally connected to any inputs, not a clock output)
Warning 27: Model 'IDELAYE2_VPR' output port 'CNTVALUEOUT4' has no timing specification (no clock specified to create a sequential output port, not combinationally connected to any inputs, not a clock output)
Warning 28: Model 'IDELAYE2_VPR' output port 'CNTVALUEOUT3' has no timing specification (no clock specified to create a sequential output port, not combinationally connected to any inputs, not a clock output)
Warning 29: Model 'IDELAYE2_VPR' output port 'CNTVALUEOUT2' has no timing specification (no clock specified to create a sequential output port, not combinationally connected to any inputs, not a clock output)
Warning 30: Model 'IDELAYE2_VPR' output port 'CNTVALUEOUT1' has no timing specification (no clock specified to create a sequential output port, not combinationally connected to any inputs, not a clock output)
Warning 31: Model 'IDELAYE2_VPR' output port 'CNTVALUEOUT0' has no timing specification (no clock specified to create a sequential output port, not combinationally connected to any inputs, not a clock output)
Warning 32: Model 'ISERDESE2_NO_IDELAY_VPR' input port 'SHIFTIN2' has no timing specification (no clock specified to create a sequential input port, not combinationally connected to any outputs, not a clock input)
Warning 33: Model 'ISERDESE2_NO_IDELAY_VPR' input port 'SHIFTIN1' has no timing specification (no clock specified to create a sequential input port, not combinationally connected to any outputs, not a clock input)
Warning 34: Model 'ISERDESE2_NO_IDELAY_VPR' input port 'DYNCLKSEL' has no timing specification (no clock specified to create a sequential input port, not combinationally connected to any outputs, not a clock input)
Warning 35: Model 'ISERDESE2_NO_IDELAY_VPR' input port 'DYNCLKDIVSEL' has no timing specification (no clock specified to create a sequential input port, not combinationally connected to any outputs, not a clock input)
Warning 36: Model 'ISERDESE2_NO_IDELAY_VPR' input port 'DYNCLKDIVPSEL' has no timing specification (no clock specified to create a sequential input port, not combinationally connected to any outputs, not a clock input)
Warning 37: Model 'ISERDESE2_NO_IDELAY_VPR' output port 'SHIFTOUT2' has no timing specification (no clock specified to create a sequential output port, not combinationally connected to any inputs, not a clock output)
Warning 38: Model 'ISERDESE2_NO_IDELAY_VPR' output port 'SHIFTOUT1' has no timing specification (no clock specified to create a sequential output port, not combinationally connected to any inputs, not a clock output)
Warning 39: Model 'ISERDESE2_IDELAY_VPR' input port 'SHIFTIN2' has no timing specification (no clock specified to create a sequential input port, not combinationally connected to any outputs, not a clock input)
Warning 40: Model 'ISERDESE2_IDELAY_VPR' input port 'SHIFTIN1' has no timing specification (no clock specified to create a sequential input port, not combinationally connected to any outputs, not a clock input)
Warning 41: Model 'ISERDESE2_IDELAY_VPR' input port 'DYNCLKSEL' has no timing specification (no clock specified to create a sequential input port, not combinationally connected to any outputs, not a clock input)
Warning 42: Model 'ISERDESE2_IDELAY_VPR' input port 'DYNCLKDIVSEL' has no timing specification (no clock specified to create a sequential input port, not combinationally connected to any outputs, not a clock input)
Warning 43: Model 'ISERDESE2_IDELAY_VPR' input port 'DYNCLKDIVPSEL' has no timing specification (no clock specified to create a sequential input port, not combinationally connected to any outputs, not a clock input)
Warning 44: Model 'ISERDESE2_IDELAY_VPR' output port 'SHIFTOUT2' has no timing specification (no clock specified to create a sequential output port, not combinationally connected to any inputs, not a clock output)
Warning 45: Model 'ISERDESE2_IDELAY_VPR' output port 'SHIFTOUT1' has no timing specification (no clock specified to create a sequential output port, not combinationally connected to any inputs, not a clock output)
Warning 46: Model 'IDDR_VPR' input port 'SR' has no timing specification (no clock specified to create a sequential input port, not combinationally connected to any outputs, not a clock input)
Warning 47: Model 'BUFGCTRL_VPR' input port 'S1' has no timing specification (no clock specified to create a sequential input port, not combinationally connected to any outputs, not a clock input)
Warning 48: Model 'BUFGCTRL_VPR' input port 'S0' has no timing specification (no clock specified to create a sequential input port, not combinationally connected to any outputs, not a clock input)
Warning 49: Model 'BUFGCTRL_VPR' input port 'IGNORE1' has no timing specification (no clock specified to create a sequential input port, not combinationally connected to any outputs, not a clock input)
Warning 50: Model 'BUFGCTRL_VPR' input port 'IGNORE0' has no timing specification (no clock specified to create a sequential input port, not combinationally connected to any outputs, not a clock input)
Warning 51: Model 'BUFGCTRL_VPR' input port 'CE1' has no timing specification (no clock specified to create a sequential input port, not combinationally connected to any outputs, not a clock input)
Warning 52: Model 'BUFGCTRL_VPR' input port 'CE0' has no timing specification (no clock specified to create a sequential input port, not combinationally connected to any outputs, not a clock input)
Warning 53: Model 'PLLE2_ADV_VPR' input port 'PWRDWN' has no timing specification (no clock specified to create a sequential input port, not combinationally connected to any outputs, not a clock input)
Warning 54: Model 'PLLE2_ADV_VPR' input port 'CLKINSEL' has no timing specification (no clock specified to create a sequential input port, not combinationally connected to any outputs, not a clock input)
Warning 55: Model 'IDELAYCTRL' input port 'RST' has no timing specification (no clock specified to create a sequential input port, not combinationally connected to any outputs, not a clock input)
Warning 56: Model 'IDELAYCTRL' output port 'RDY' has no timing specification (no clock specified to create a sequential output port, not combinationally connected to any inputs, not a clock output)
Warning 57: Model 'PS7_VPR' input port 'SAXIHP3WVALID' has no timing specification (no clock specified to create a sequential input port, not combinationally connected to any outputs, not a clock input)
Warning 58: Model 'PS7_VPR' input port 'SAXIHP3WSTRB' has no timing specification (no clock specified to create a sequential input port, not combinationally connected to any outputs, not a clock input)
Warning 59: Model 'PS7_VPR' input port 'SAXIHP3WRISSUECAP1EN' has no timing specification (no clock specified to create a sequential input port, not combinationally connected to any outputs, not a clock input)
Warning 60: Model 'PS7_VPR' input port 'SAXIHP3WLAST' has no timing specification (no clock specified to create a sequential input port, not combinationally connected to any outputs, not a clock input)
Warning 61: Model 'PS7_VPR' input port 'SAXIHP3WID' has no timing specification (no clock specified to create a sequential input port, not combinationally connected to any outputs, not a clock input)
Warning 62: Model 'PS7_VPR' input port 'SAXIHP3WDATA' has no timing specification (no clock specified to create a sequential input port, not combinationally connected to any outputs, not a clock input)
Warning 63: Model 'PS7_VPR' input port 'SAXIHP3RREADY' has no timing specification (no clock specified to create a sequential input port, not combinationally connected to any outputs, not a clock input)
Warning 64: Model 'PS7_VPR' input port 'SAXIHP3RDISSUECAP1EN' has no timing specification (no clock specified to create a sequential input port, not combinationally connected to any outputs, not a clock input)
Warning 65: Model 'PS7_VPR' input port 'SAXIHP3BREADY' has no timing specification (no clock specified to create a sequential input port, not combinationally connected to any outputs, not a clock input)
Warning 66: Model 'PS7_VPR' input port 'SAXIHP3AWVALID' has no timing specification (no clock specified to create a sequential input port, not combinationally connected to any outputs, not a clock input)
Warning 67: Model 'PS7_VPR' input port 'SAXIHP3AWSIZE' has no timing specification (no clock specified to create a sequential input port, not combinationally connected to any outputs, not a clock input)
Warning 68: Model 'PS7_VPR' input port 'SAXIHP3AWQOS' has no timing specification (no clock specified to create a sequential input port, not combinationally connected to any outputs, not a clock input)
Warning 69: Model 'PS7_VPR' input port 'SAXIHP3AWPROT' has no timing specification (no clock specified to create a sequential input port, not combinationally connected to any outputs, not a clock input)
Warning 70: Model 'PS7_VPR' input port 'SAXIHP3AWLOCK' has no timing specification (no clock specified to create a sequential input port, not combinationally connected to any outputs, not a clock input)
Warning 71: Model 'PS7_VPR' input port 'SAXIHP3AWLEN' has no timing specification (no clock specified to create a sequential input port, not combinationally connected to any outputs, not a clock input)
Warning 72: Model 'PS7_VPR' input port 'SAXIHP3AWID' has no timing specification (no clock specified to create a sequential input port, not combinationally connected to any outputs, not a clock input)
Warning 73: Model 'PS7_VPR' input port 'SAXIHP3AWCACHE' has no timing specification (no clock specified to create a sequential input port, not combinationally connected to any outputs, not a clock input)
Warning 74: Model 'PS7_VPR' input port 'SAXIHP3AWBURST' has no timing specification (no clock specified to create a sequential input port, not combinationally connected to any outputs, not a clock input)
Warning 75: Model 'PS7_VPR' input port 'SAXIHP3AWADDR' has no timing specification (no clock specified to create a sequential input port, not combinationally connected to any outputs, not a clock input)
Warning 76: Model 'PS7_VPR' input port 'SAXIHP3ARVALID' has no timing specification (no clock specified to create a sequential input port, not combinationally connected to any outputs, not a clock input)
Warning 77: Model 'PS7_VPR' input port 'SAXIHP3ARSIZE' has no timing specification (no clock specified to create a sequential input port, not combinationally connected to any outputs, not a clock input)
Warning 78: Model 'PS7_VPR' input port 'SAXIHP3ARQOS' has no timing specification (no clock specified to create a sequential input port, not combinationally connected to any outputs, not a clock input)
Warning 79: Model 'PS7_VPR' input port 'SAXIHP3ARPROT' has no timing specification (no clock specified to create a sequential input port, not combinationally connected to any outputs, not a clock input)
Warning 80: Model 'PS7_VPR' input port 'SAXIHP3ARLOCK' has no timing specification (no clock specified to create a sequential input port, not combinationally connected to any outputs, not a clock input)
Warning 81: Model 'PS7_VPR' input port 'SAXIHP3ARLEN' has no timing specification (no clock specified to create a sequential input port, not combinationally connected to any outputs, not a clock input)
Warning 82: Model 'PS7_VPR' input port 'SAXIHP3ARID' has no timing specification (no clock specified to create a sequential input port, not combinationally connected to any outputs, not a clock input)
Warning 83: Model 'PS7_VPR' input port 'SAXIHP3ARCACHE' has no timing specification (no clock specified to create a sequential input port, not combinationally connected to any outputs, not a clock input)
Warning 84: Model 'PS7_VPR' input port 'SAXIHP3ARBURST' has no timing specification (no clock specified to create a sequential input port, not combinationally connected to any outputs, not a clock input)
Warning 85: Model 'PS7_VPR' input port 'SAXIHP3ARADDR' has no timing specification (no clock specified to create a sequential input port, not combinationally connected to any outputs, not a clock input)
Warning 86: Model 'PS7_VPR' input port 'SAXIHP3ACLK' has no timing specification (no clock specified to create a sequential input port, not combinationally connected to any outputs, not a clock input)
Warning 87: Model 'PS7_VPR' input port 'SAXIHP2WVALID' has no timing specification (no clock specified to create a sequential input port, not combinationally connected to any outputs, not a clock input)
Warning 88: Model 'PS7_VPR' input port 'SAXIHP2WSTRB' has no timing specification (no clock specified to create a sequential input port, not combinationally connected to any outputs, not a clock input)
Warning 89: Model 'PS7_VPR' input port 'SAXIHP2WRISSUECAP1EN' has no timing specification (no clock specified to create a sequential input port, not combinationally connected to any outputs, not a clock input)
Warning 90: Model 'PS7_VPR' input port 'SAXIHP2WLAST' has no timing specification (no clock specified to create a sequential input port, not combinationally connected to any outputs, not a clock input)
Warning 91: Model 'PS7_VPR' input port 'SAXIHP2WID' has no timing specification (no clock specified to create a sequential input port, not combinationally connected to any outputs, not a clock input)
Warning 92: Model 'PS7_VPR' input port 'SAXIHP2WDATA' has no timing specification (no clock specified to create a sequential input port, not combinationally connected to any outputs, not a clock input)
Warning 93: Model 'PS7_VPR' input port 'SAXIHP2RREADY' has no timing specification (no clock specified to create a sequential input port, not combinationally connected to any outputs, not a clock input)
Warning 94: Model 'PS7_VPR' input port 'SAXIHP2RDISSUECAP1EN' has no timing specification (no clock specified to create a sequential input port, not combinationally connected to any outputs, not a clock input)
Warning 95: Model 'PS7_VPR' input port 'SAXIHP2BREADY' has no timing specification (no clock specified to create a sequential input port, not combinationally connected to any outputs, not a clock input)
Warning 96: Model 'PS7_VPR' input port 'SAXIHP2AWVALID' has no timing specification (no clock specified to create a sequential input port, not combinationally connected to any outputs, not a clock input)
Warning 97: Model 'PS7_VPR' input port 'SAXIHP2AWSIZE' has no timing specification (no clock specified to create a sequential input port, not combinationally connected to any outputs, not a clock input)
Warning 98: Model 'PS7_VPR' input port 'SAXIHP2AWQOS' has no timing specification (no clock specified to create a sequential input port, not combinationally connected to any outputs, not a clock input)
Warning 99: Model 'PS7_VPR' input port 'SAXIHP2AWPROT' has no timing specification (no clock specified to create a sequential input port, not combinationally connected to any outputs, not a clock input)
Warning 100: Model 'PS7_VPR' input port 'SAXIHP2AWLOCK' has no timing specification (no clock specified to create a sequential input port, not combinationally connected to any outputs, not a clock input)
Warning 101: Model 'PS7_VPR' input port 'SAXIHP2AWLEN' has no timing specification (no clock specified to create a sequential input port, not combinationally connected to any outputs, not a clock input)
Warning 102: Model 'PS7_VPR' input port 'SAXIHP2AWID' has no timing specification (no clock specified to create a sequential input port, not combinationally connected to any outputs, not a clock input)
Warning 103: Model 'PS7_VPR' input port 'SAXIHP2AWCACHE' has no timing specification (no clock specified to create a sequential input port, not combinationally connected to any outputs, not a clock input)
Warning 104: Model 'PS7_VPR' input port 'SAXIHP2AWBURST' has no timing specification (no clock specified to create a sequential input port, not combinationally connected to any outputs, not a clock input)
Warning 105: Model 'PS7_VPR' input port 'SAXIHP2AWADDR' has no timing specification (no clock specified to create a sequential input port, not combinationally connected to any outputs, not a clock input)
Warning 106: Model 'PS7_VPR' input port 'SAXIHP2ARVALID' has no timing specification (no clock specified to create a sequential input port, not combinationally connected to any outputs, not a clock input)
Warning 107: Model 'PS7_VPR' input port 'SAXIHP2ARSIZE' has no timing specification (no clock specified to create a sequential input port, not combinationally connected to any outputs, not a clock input)
Warning 108: Model 'PS7_VPR' input port 'SAXIHP2ARQOS' has no timing specification (no clock specified to create a sequential input port, not combinationally connected to any outputs, not a clock input)
Warning 109: Model 'PS7_VPR' input port 'SAXIHP2ARPROT' has no timing specification (no clock specified to create a sequential input port, not combinationally connected to any outputs, not a clock input)
Warning 110: Model 'PS7_VPR' input port 'SAXIHP2ARLOCK' has no timing specification (no clock specified to create a sequential input port, not combinationally connected to any outputs, not a clock input)
Warning 111: Model 'PS7_VPR' input port 'SAXIHP2ARLEN' has no timing specification (no clock specified to create a sequential input port, not combinationally connected to any outputs, not a clock input)
Warning 112: Model 'PS7_VPR' input port 'SAXIHP2ARID' has no timing specification (no clock specified to create a sequential input port, not combinationally connected to any outputs, not a clock input)
Warning 113: Model 'PS7_VPR' input port 'SAXIHP2ARCACHE' has no timing specification (no clock specified to create a sequential input port, not combinationally connected to any outputs, not a clock input)
Warning 114: Model 'PS7_VPR' input port 'SAXIHP2ARBURST' has no timing specification (no clock specified to create a sequential input port, not combinationally connected to any outputs, not a clock input)
Warning 115: Model 'PS7_VPR' input port 'SAXIHP2ARADDR' has no timing specification (no clock specified to create a sequential input port, not combinationally connected to any outputs, not a clock input)
Warning 116: Model 'PS7_VPR' input port 'SAXIHP2ACLK' has no timing specification (no clock specified to create a sequential input port, not combinationally connected to any outputs, not a clock input)
Warning 117: Model 'PS7_VPR' input port 'SAXIHP1WVALID' has no timing specification (no clock specified to create a sequential input port, not combinationally connected to any outputs, not a clock input)
Warning 118: Model 'PS7_VPR' input port 'SAXIHP1WSTRB' has no timing specification (no clock specified to create a sequential input port, not combinationally connected to any outputs, not a clock input)
Warning 119: Model 'PS7_VPR' input port 'SAXIHP1WRISSUECAP1EN' has no timing specification (no clock specified to create a sequential input port, not combinationally connected to any outputs, not a clock input)
Warning 120: Model 'PS7_VPR' input port 'SAXIHP1WLAST' has no timing specification (no clock specified to create a sequential input port, not combinationally connected to any outputs, not a clock input)
Warning 121: Model 'PS7_VPR' input port 'SAXIHP1WID' has no timing specification (no clock specified to create a sequential input port, not combinationally connected to any outputs, not a clock input)
Warning 122: Model 'PS7_VPR' input port 'SAXIHP1WDATA' has no timing specification (no clock specified to create a sequential input port, not combinationally connected to any outputs, not a clock input)
Warning 123: Model 'PS7_VPR' input port 'SAXIHP1RREADY' has no timing specification (no clock specified to create a sequential input port, not combinationally connected to any outputs, not a clock input)
Warning 124: Model 'PS7_VPR' input port 'SAXIHP1RDISSUECAP1EN' has no timing specification (no clock specified to create a sequential input port, not combinationally connected to any outputs, not a clock input)
Warning 125: Model 'PS7_VPR' input port 'SAXIHP1BREADY' has no timing specification (no clock specified to create a sequential input port, not combinationally connected to any outputs, not a clock input)
Warning 126: Model 'PS7_VPR' input port 'SAXIHP1AWVALID' has no timing specification (no clock specified to create a sequential input port, not combinationally connected to any outputs, not a clock input)
Warning 127: Model 'PS7_VPR' input port 'SAXIHP1AWSIZE' has no timing specification (no clock specified to create a sequential input port, not combinationally connected to any outputs, not a clock input)
Warning 128: Model 'PS7_VPR' input port 'SAXIHP1AWQOS' has no timing specification (no clock specified to create a sequential input port, not combinationally connected to any outputs, not a clock input)
Warning 129: Model 'PS7_VPR' input port 'SAXIHP1AWPROT' has no timing specification (no clock specified to create a sequential input port, not combinationally connected to any outputs, not a clock input)
Warning 130: Model 'PS7_VPR' input port 'SAXIHP1AWLOCK' has no timing specification (no clock specified to create a sequential input port, not combinationally connected to any outputs, not a clock input)
Warning 131: Model 'PS7_VPR' input port 'SAXIHP1AWLEN' has no timing specification (no clock specified to create a sequential input port, not combinationally connected to any outputs, not a clock input)
Warning 132: Model 'PS7_VPR' input port 'SAXIHP1AWID' has no timing specification (no clock specified to create a sequential input port, not combinationally connected to any outputs, not a clock input)
Warning 133: Model 'PS7_VPR' input port 'SAXIHP1AWCACHE' has no timing specification (no clock specified to create a sequential input port, not combinationally connected to any outputs, not a clock input)
Warning 134: Model 'PS7_VPR' input port 'SAXIHP1AWBURST' has no timing specification (no clock specified to create a sequential input port, not combinationally connected to any outputs, not a clock input)
Warning 135: Model 'PS7_VPR' input port 'SAXIHP1AWADDR' has no timing specification (no clock specified to create a sequential input port, not combinationally connected to any outputs, not a clock input)
Warning 136: Model 'PS7_VPR' input port 'SAXIHP1ARVALID' has no timing specification (no clock specified to create a sequential input port, not combinationally connected to any outputs, not a clock input)
Warning 137: Model 'PS7_VPR' input port 'SAXIHP1ARSIZE' has no timing specification (no clock specified to create a sequential input port, not combinationally connected to any outputs, not a clock input)
Warning 138: Model 'PS7_VPR' input port 'SAXIHP1ARQOS' has no timing specification (no clock specified to create a sequential input port, not combinationally connected to any outputs, not a clock input)
Warning 139: Model 'PS7_VPR' input port 'SAXIHP1ARPROT' has no timing specification (no clock specified to create a sequential input port, not combinationally connected to any outputs, not a clock input)
Warning 140: Model 'PS7_VPR' input port 'SAXIHP1ARLOCK' has no timing specification (no clock specified to create a sequential input port, not combinationally connected to any outputs, not a clock input)
Warning 141: Model 'PS7_VPR' input port 'SAXIHP1ARLEN' has no timing specification (no clock specified to create a sequential input port, not combinationally connected to any outputs, not a clock input)
Warning 142: Model 'PS7_VPR' input port 'SAXIHP1ARID' has no timing specification (no clock specified to create a sequential input port, not combinationally connected to any outputs, not a clock input)
Warning 143: Model 'PS7_VPR' input port 'SAXIHP1ARCACHE' has no timing specification (no clock specified to create a sequential input port, not combinationally connected to any outputs, not a clock input)
Warning 144: Model 'PS7_VPR' input port 'SAXIHP1ARBURST' has no timing specification (no clock specified to create a sequential input port, not combinationally connected to any outputs, not a clock input)
Warning 145: Model 'PS7_VPR' input port 'SAXIHP1ARADDR' has no timing specification (no clock specified to create a sequential input port, not combinationally connected to any outputs, not a clock input)
Warning 146: Model 'PS7_VPR' input port 'SAXIHP1ACLK' has no timing specification (no clock specified to create a sequential input port, not combinationally connected to any outputs, not a clock input)
Warning 147: Model 'PS7_VPR' input port 'SAXIHP0WVALID' has no timing specification (no clock specified to create a sequential input port, not combinationally connected to any outputs, not a clock input)
Warning 148: Model 'PS7_VPR' input port 'SAXIHP0WSTRB' has no timing specification (no clock specified to create a sequential input port, not combinationally connected to any outputs, not a clock input)
Warning 149: Model 'PS7_VPR' input port 'SAXIHP0WRISSUECAP1EN' has no timing specification (no clock specified to create a sequential input port, not combinationally connected to any outputs, not a clock input)
Warning 150: Model 'PS7_VPR' input port 'SAXIHP0WLAST' has no timing specification (no clock specified to create a sequential input port, not combinationally connected to any outputs, not a clock input)
Warning 151: Model 'PS7_VPR' input port 'SAXIHP0WID' has no timing specification (no clock specified to create a sequential input port, not combinationally connected to any outputs, not a clock input)
Warning 152: Model 'PS7_VPR' input port 'SAXIHP0WDATA' has no timing specification (no clock specified to create a sequential input port, not combinationally connected to any outputs, not a clock input)
Warning 153: Model 'PS7_VPR' input port 'SAXIHP0RREADY' has no timing specification (no clock specified to create a sequential input port, not combinationally connected to any outputs, not a clock input)
Warning 154: Model 'PS7_VPR' input port 'SAXIHP0RDISSUECAP1EN' has no timing specification (no clock specified to create a sequential input port, not combinationally connected to any outputs, not a clock input)
Warning 155: Model 'PS7_VPR' input port 'SAXIHP0BREADY' has no timing specification (no clock specified to create a sequential input port, not combinationally connected to any outputs, not a clock input)
Warning 156: Model 'PS7_VPR' input port 'SAXIHP0AWVALID' has no timing specification (no clock specified to create a sequential input port, not combinationally connected to any outputs, not a clock input)
Warning 157: Model 'PS7_VPR' input port 'SAXIHP0AWSIZE' has no timing specification (no clock specified to create a sequential input port, not combinationally connected to any outputs, not a clock input)
Warning 158: Model 'PS7_VPR' input port 'SAXIHP0AWQOS' has no timing specification (no clock specified to create a sequential input port, not combinationally connected to any outputs, not a clock input)
Warning 159: Model 'PS7_VPR' input port 'SAXIHP0AWPROT' has no timing specification (no clock specified to create a sequential input port, not combinationally connected to any outputs, not a clock input)
Warning 160: Model 'PS7_VPR' input port 'SAXIHP0AWLOCK' has no timing specification (no clock specified to create a sequential input port, not combinationally connected to any outputs, not a clock input)
Warning 161: Model 'PS7_VPR' input port 'SAXIHP0AWLEN' has no timing specification (no clock specified to create a sequential input port, not combinationally connected to any outputs, not a clock input)
Warning 162: Model 'PS7_VPR' input port 'SAXIHP0AWID' has no timing specification (no clock specified to create a sequential input port, not combinationally connected to any outputs, not a clock input)
Warning 163: Model 'PS7_VPR' input port 'SAXIHP0AWCACHE' has no timing specification (no clock specified to create a sequential input port, not combinationally connected to any outputs, not a clock input)
Warning 164: Model 'PS7_VPR' input port 'SAXIHP0AWBURST' has no timing specification (no clock specified to create a sequential input port, not combinationally connected to any outputs, not a clock input)
Warning 165: Model 'PS7_VPR' input port 'SAXIHP0AWADDR' has no timing specification (no clock specified to create a sequential input port, not combinationally connected to any outputs, not a clock input)
Warning 166: Model 'PS7_VPR' input port 'SAXIHP0ARVALID' has no timing specification (no clock specified to create a sequential input port, not combinationally connected to any outputs, not a clock input)
Warning 167: Model 'PS7_VPR' input port 'SAXIHP0ARSIZE' has no timing specification (no clock specified to create a sequential input port, not combinationally connected to any outputs, not a clock input)
Warning 168: Model 'PS7_VPR' input port 'SAXIHP0ARQOS' has no timing specification (no clock specified to create a sequential input port, not combinationally connected to any outputs, not a clock input)
Warning 169: Model 'PS7_VPR' input port 'SAXIHP0ARPROT' has no timing specification (no clock specified to create a sequential input port, not combinationally connected to any outputs, not a clock input)
Warning 170: Model 'PS7_VPR' input port 'SAXIHP0ARLOCK' has no timing specification (no clock specified to create a sequential input port, not combinationally connected to any outputs, not a clock input)
Warning 171: Model 'PS7_VPR' input port 'SAXIHP0ARLEN' has no timing specification (no clock specified to create a sequential input port, not combinationally connected to any outputs, not a clock input)
Warning 172: Model 'PS7_VPR' input port 'SAXIHP0ARID' has no timing specification (no clock specified to create a sequential input port, not combinationally connected to any outputs, not a clock input)
Warning 173: Model 'PS7_VPR' input port 'SAXIHP0ARCACHE' has no timing specification (no clock specified to create a sequential input port, not combinationally connected to any outputs, not a clock input)
Warning 174: Model 'PS7_VPR' input port 'SAXIHP0ARBURST' has no timing specification (no clock specified to create a sequential input port, not combinationally connected to any outputs, not a clock input)
Warning 175: Model 'PS7_VPR' input port 'SAXIHP0ARADDR' has no timing specification (no clock specified to create a sequential input port, not combinationally connected to any outputs, not a clock input)
Warning 176: Model 'PS7_VPR' input port 'SAXIHP0ACLK' has no timing specification (no clock specified to create a sequential input port, not combinationally connected to any outputs, not a clock input)
Warning 177: Model 'PS7_VPR' input port 'SAXIGP1WVALID' has no timing specification (no clock specified to create a sequential input port, not combinationally connected to any outputs, not a clock input)
Warning 178: Model 'PS7_VPR' input port 'SAXIGP1WSTRB' has no timing specification (no clock specified to create a sequential input port, not combinationally connected to any outputs, not a clock input)
Warning 179: Model 'PS7_VPR' input port 'SAXIGP1WLAST' has no timing specification (no clock specified to create a sequential input port, not combinationally connected to any outputs, not a clock input)
Warning 180: Model 'PS7_VPR' input port 'SAXIGP1WID' has no timing specification (no clock specified to create a sequential input port, not combinationally connected to any outputs, not a clock input)
Warning 181: Model 'PS7_VPR' input port 'SAXIGP1WDATA' has no timing specification (no clock specified to create a sequential input port, not combinationally connected to any outputs, not a clock input)
Warning 182: Model 'PS7_VPR' input port 'SAXIGP1RREADY' has no timing specification (no clock specified to create a sequential input port, not combinationally connected to any outputs, not a clock input)
Warning 183: Model 'PS7_VPR' input port 'SAXIGP1BREADY' has no timing specification (no clock specified to create a sequential input port, not combinationally connected to any outputs, not a clock input)
Warning 184: Model 'PS7_VPR' input port 'SAXIGP1AWVALID' has no timing specification (no clock specified to create a sequential input port, not combinationally connected to any outputs, not a clock input)
Warning 185: Model 'PS7_VPR' input port 'SAXIGP1AWSIZE' has no timing specification (no clock specified to create a sequential input port, not combinationally connected to any outputs, not a clock input)
Warning 186: Model 'PS7_VPR' input port 'SAXIGP1AWQOS' has no timing specification (no clock specified to create a sequential input port, not combinationally connected to any outputs, not a clock input)
Warning 187: Model 'PS7_VPR' input port 'SAXIGP1AWPROT' has no timing specification (no clock specified to create a sequential input port, not combinationally connected to any outputs, not a clock input)
Warning 188: Model 'PS7_VPR' input port 'SAXIGP1AWLOCK' has no timing specification (no clock specified to create a sequential input port, not combinationally connected to any outputs, not a clock input)
Warning 189: Model 'PS7_VPR' input port 'SAXIGP1AWLEN' has no timing specification (no clock specified to create a sequential input port, not combinationally connected to any outputs, not a clock input)
Warning 190: Model 'PS7_VPR' input port 'SAXIGP1AWID' has no timing specification (no clock specified to create a sequential input port, not combinationally connected to any outputs, not a clock input)
Warning 191: Model 'PS7_VPR' input port 'SAXIGP1AWCACHE' has no timing specification (no clock specified to create a sequential input port, not combinationally connected to any outputs, not a clock input)
Warning 192: Model 'PS7_VPR' input port 'SAXIGP1AWBURST' has no timing specification (no clock specified to create a sequential input port, not combinationally connected to any outputs, not a clock input)
Warning 193: Model 'PS7_VPR' input port 'SAXIGP1AWADDR' has no timing specification (no clock specified to create a sequential input port, not combinationally connected to any outputs, not a clock input)
Warning 194: Model 'PS7_VPR' input port 'SAXIGP1ARVALID' has no timing specification (no clock specified to create a sequential input port, not combinationally connected to any outputs, not a clock input)
Warning 195: Model 'PS7_VPR' input port 'SAXIGP1ARSIZE' has no timing specification (no clock specified to create a sequential input port, not combinationally connected to any outputs, not a clock input)
Warning 196: Model 'PS7_VPR' input port 'SAXIGP1ARQOS' has no timing specification (no clock specified to create a sequential input port, not combinationally connected to any outputs, not a clock input)
Warning 197: Model 'PS7_VPR' input port 'SAXIGP1ARPROT' has no timing specification (no clock specified to create a sequential input port, not combinationally connected to any outputs, not a clock input)
Warning 198: Model 'PS7_VPR' input port 'SAXIGP1ARLOCK' has no timing specification (no clock specified to create a sequential input port, not combinationally connected to any outputs, not a clock input)
Warning 199: Model 'PS7_VPR' input port 'SAXIGP1ARLEN' has no timing specification (no clock specified to create a sequential input port, not combinationally connected to any outputs, not a clock input)
Warning 200: Model 'PS7_VPR' input port 'SAXIGP1ARID' has no timing specification (no clock specified to create a sequential input port, not combinationally connected to any outputs, not a clock input)
Warning 201: Model 'PS7_VPR' input port 'SAXIGP1ARCACHE' has no timing specification (no clock specified to create a sequential input port, not combinationally connected to any outputs, not a clock input)
Warning 202: Model 'PS7_VPR' input port 'SAXIGP1ARBURST' has no timing specification (no clock specified to create a sequential input port, not combinationally connected to any outputs, not a clock input)
Warning 203: Model 'PS7_VPR' input port 'SAXIGP1ARADDR' has no timing specification (no clock specified to create a sequential input port, not combinationally connected to any outputs, not a clock input)
Warning 204: Model 'PS7_VPR' input port 'SAXIGP1ACLK' has no timing specification (no clock specified to create a sequential input port, not combinationally connected to any outputs, not a clock input)
Warning 205: Model 'PS7_VPR' input port 'SAXIGP0WVALID' has no timing specification (no clock specified to create a sequential input port, not combinationally connected to any outputs, not a clock input)
Warning 206: Model 'PS7_VPR' input port 'SAXIGP0WSTRB' has no timing specification (no clock specified to create a sequential input port, not combinationally connected to any outputs, not a clock input)
Warning 207: Model 'PS7_VPR' input port 'SAXIGP0WLAST' has no timing specification (no clock specified to create a sequential input port, not combinationally connected to any outputs, not a clock input)
Warning 208: Model 'PS7_VPR' input port 'SAXIGP0WID' has no timing specification (no clock specified to create a sequential input port, not combinationally connected to any outputs, not a clock input)
Warning 209: Model 'PS7_VPR' input port 'SAXIGP0WDATA' has no timing specification (no clock specified to create a sequential input port, not combinationally connected to any outputs, not a clock input)
Warning 210: Model 'PS7_VPR' input port 'SAXIGP0RREADY' has no timing specification (no clock specified to create a sequential input port, not combinationally connected to any outputs, not a clock input)
Warning 211: Model 'PS7_VPR' input port 'SAXIGP0BREADY' has no timing specification (no clock specified to create a sequential input port, not combinationally connected to any outputs, not a clock input)
Warning 212: Model 'PS7_VPR' input port 'SAXIGP0AWVALID' has no timing specification (no clock specified to create a sequential input port, not combinationally connected to any outputs, not a clock input)
Warning 213: Model 'PS7_VPR' input port 'SAXIGP0AWSIZE' has no timing specification (no clock specified to create a sequential input port, not combinationally connected to any outputs, not a clock input)
Warning 214: Model 'PS7_VPR' input port 'SAXIGP0AWQOS' has no timing specification (no clock specified to create a sequential input port, not combinationally connected to any outputs, not a clock input)
Warning 215: Model 'PS7_VPR' input port 'SAXIGP0AWPROT' has no timing specification (no clock specified to create a sequential input port, not combinationally connected to any outputs, not a clock input)
Warning 216: Model 'PS7_VPR' input port 'SAXIGP0AWLOCK' has no timing specification (no clock specified to create a sequential input port, not combinationally connected to any outputs, not a clock input)
Warning 217: Model 'PS7_VPR' input port 'SAXIGP0AWLEN' has no timing specification (no clock specified to create a sequential input port, not combinationally connected to any outputs, not a clock input)
Warning 218: Model 'PS7_VPR' input port 'SAXIGP0AWID' has no timing specification (no clock specified to create a sequential input port, not combinationally connected to any outputs, not a clock input)
Warning 219: Model 'PS7_VPR' input port 'SAXIGP0AWCACHE' has no timing specification (no clock specified to create a sequential input port, not combinationally connected to any outputs, not a clock input)
Warning 220: Model 'PS7_VPR' input port 'SAXIGP0AWBURST' has no timing specification (no clock specified to create a sequential input port, not combinationally connected to any outputs, not a clock input)
Warning 221: Model 'PS7_VPR' input port 'SAXIGP0AWADDR' has no timing specification (no clock specified to create a sequential input port, not combinationally connected to any outputs, not a clock input)
Warning 222: Model 'PS7_VPR' input port 'SAXIGP0ARVALID' has no timing specification (no clock specified to create a sequential input port, not combinationally connected to any outputs, not a clock input)
Warning 223: Model 'PS7_VPR' input port 'SAXIGP0ARSIZE' has no timing specification (no clock specified to create a sequential input port, not combinationally connected to any outputs, not a clock input)
Warning 224: Model 'PS7_VPR' input port 'SAXIGP0ARQOS' has no timing specification (no clock specified to create a sequential input port, not combinationally connected to any outputs, not a clock input)
Warning 225: Model 'PS7_VPR' input port 'SAXIGP0ARPROT' has no timing specification (no clock specified to create a sequential input port, not combinationally connected to any outputs, not a clock input)
Warning 226: Model 'PS7_VPR' input port 'SAXIGP0ARLOCK' has no timing specification (no clock specified to create a sequential input port, not combinationally connected to any outputs, not a clock input)
Warning 227: Model 'PS7_VPR' input port 'SAXIGP0ARLEN' has no timing specification (no clock specified to create a sequential input port, not combinationally connected to any outputs, not a clock input)
Warning 228: Model 'PS7_VPR' input port 'SAXIGP0ARID' has no timing specification (no clock specified to create a sequential input port, not combinationally connected to any outputs, not a clock input)
Warning 229: Model 'PS7_VPR' input port 'SAXIGP0ARCACHE' has no timing specification (no clock specified to create a sequential input port, not combinationally connected to any outputs, not a clock input)
Warning 230: Model 'PS7_VPR' input port 'SAXIGP0ARBURST' has no timing specification (no clock specified to create a sequential input port, not combinationally connected to any outputs, not a clock input)
Warning 231: Model 'PS7_VPR' input port 'SAXIGP0ARADDR' has no timing specification (no clock specified to create a sequential input port, not combinationally connected to any outputs, not a clock input)
Warning 232: Model 'PS7_VPR' input port 'SAXIGP0ACLK' has no timing specification (no clock specified to create a sequential input port, not combinationally connected to any outputs, not a clock input)
Warning 233: Model 'PS7_VPR' input port 'SAXIACPWVALID' has no timing specification (no clock specified to create a sequential input port, not combinationally connected to any outputs, not a clock input)
Warning 234: Model 'PS7_VPR' input port 'SAXIACPWSTRB' has no timing specification (no clock specified to create a sequential input port, not combinationally connected to any outputs, not a clock input)
Warning 235: Model 'PS7_VPR' input port 'SAXIACPWLAST' has no timing specification (no clock specified to create a sequential input port, not combinationally connected to any outputs, not a clock input)
Warning 236: Model 'PS7_VPR' input port 'SAXIACPWID' has no timing specification (no clock specified to create a sequential input port, not combinationally connected to any outputs, not a clock input)
Warning 237: Model 'PS7_VPR' input port 'SAXIACPWDATA' has no timing specification (no clock specified to create a sequential input port, not combinationally connected to any outputs, not a clock input)
Warning 238: Model 'PS7_VPR' input port 'SAXIACPRREADY' has no timing specification (no clock specified to create a sequential input port, not combinationally connected to any outputs, not a clock input)
Warning 239: Model 'PS7_VPR' input port 'SAXIACPBREADY' has no timing specification (no clock specified to create a sequential input port, not combinationally connected to any outputs, not a clock input)
Warning 240: Model 'PS7_VPR' input port 'SAXIACPAWVALID' has no timing specification (no clock specified to create a sequential input port, not combinationally connected to any outputs, not a clock input)
Warning 241: Model 'PS7_VPR' input port 'SAXIACPAWUSER' has no timing specification (no clock specified to create a sequential input port, not combinationally connected to any outputs, not a clock input)
Warning 242: Model 'PS7_VPR' input port 'SAXIACPAWSIZE' has no timing specification (no clock specified to create a sequential input port, not combinationally connected to any outputs, not a clock input)
Warning 243: Model 'PS7_VPR' input port 'SAXIACPAWQOS' has no timing specification (no clock specified to create a sequential input port, not combinationally connected to any outputs, not a clock input)
Warning 244: Model 'PS7_VPR' input port 'SAXIACPAWPROT' has no timing specification (no clock specified to create a sequential input port, not combinationally connected to any outputs, not a clock input)
Warning 245: Model 'PS7_VPR' input port 'SAXIACPAWLOCK' has no timing specification (no clock specified to create a sequential input port, not combinationally connected to any outputs, not a clock input)
Warning 246: Model 'PS7_VPR' input port 'SAXIACPAWLEN' has no timing specification (no clock specified to create a sequential input port, not combinationally connected to any outputs, not a clock input)
Warning 247: Model 'PS7_VPR' input port 'SAXIACPAWID' has no timing specification (no clock specified to create a sequential input port, not combinationally connected to any outputs, not a clock input)
Warning 248: Model 'PS7_VPR' input port 'SAXIACPAWCACHE' has no timing specification (no clock specified to create a sequential input port, not combinationally connected to any outputs, not a clock input)
Warning 249: Model 'PS7_VPR' input port 'SAXIACPAWBURST' has no timing specification (no clock specified to create a sequential input port, not combinationally connected to any outputs, not a clock input)
Warning 250: Model 'PS7_VPR' input port 'SAXIACPAWADDR' has no timing specification (no clock specified to create a sequential input port, not combinationally connected to any outputs, not a clock input)
Warning 251: Model 'PS7_VPR' input port 'SAXIACPARVALID' has no timing specification (no clock specified to create a sequential input port, not combinationally connected to any outputs, not a clock input)
Warning 252: Model 'PS7_VPR' input port 'SAXIACPARUSER' has no timing specification (no clock specified to create a sequential input port, not combinationally connected to any outputs, not a clock input)
Warning 253: Model 'PS7_VPR' input port 'SAXIACPARSIZE' has no timing specification (no clock specified to create a sequential input port, not combinationally connected to any outputs, not a clock input)
Warning 254: Model 'PS7_VPR' input port 'SAXIACPARQOS' has no timing specification (no clock specified to create a sequential input port, not combinationally connected to any outputs, not a clock input)
Warning 255: Model 'PS7_VPR' input port 'SAXIACPARPROT' has no timing specification (no clock specified to create a sequential input port, not combinationally connected to any outputs, not a clock input)
Warning 256: Model 'PS7_VPR' input port 'SAXIACPARLOCK' has no timing specification (no clock specified to create a sequential input port, not combinationally connected to any outputs, not a clock input)
Warning 257: Model 'PS7_VPR' input port 'SAXIACPARLEN' has no timing specification (no clock specified to create a sequential input port, not combinationally connected to any outputs, not a clock input)
Warning 258: Model 'PS7_VPR' input port 'SAXIACPARID' has no timing specification (no clock specified to create a sequential input port, not combinationally connected to any outputs, not a clock input)
Warning 259: Model 'PS7_VPR' input port 'SAXIACPARCACHE' has no timing specification (no clock specified to create a sequential input port, not combinationally connected to any outputs, not a clock input)
Warning 260: Model 'PS7_VPR' input port 'SAXIACPARBURST' has no timing specification (no clock specified to create a sequential input port, not combinationally connected to any outputs, not a clock input)
Warning 261: Model 'PS7_VPR' input port 'SAXIACPARADDR' has no timing specification (no clock specified to create a sequential input port, not combinationally connected to any outputs, not a clock input)
Warning 262: Model 'PS7_VPR' input port 'SAXIACPACLK' has no timing specification (no clock specified to create a sequential input port, not combinationally connected to any outputs, not a clock input)
Warning 263: Model 'PS7_VPR' input port 'MAXIGP1WREADY' has no timing specification (no clock specified to create a sequential input port, not combinationally connected to any outputs, not a clock input)
Warning 264: Model 'PS7_VPR' input port 'MAXIGP1RVALID' has no timing specification (no clock specified to create a sequential input port, not combinationally connected to any outputs, not a clock input)
Warning 265: Model 'PS7_VPR' input port 'MAXIGP1RRESP' has no timing specification (no clock specified to create a sequential input port, not combinationally connected to any outputs, not a clock input)
Warning 266: Model 'PS7_VPR' input port 'MAXIGP1RLAST' has no timing specification (no clock specified to create a sequential input port, not combinationally connected to any outputs, not a clock input)
Warning 267: Model 'PS7_VPR' input port 'MAXIGP1RID' has no timing specification (no clock specified to create a sequential input port, not combinationally connected to any outputs, not a clock input)
Warning 268: Model 'PS7_VPR' input port 'MAXIGP1RDATA' has no timing specification (no clock specified to create a sequential input port, not combinationally connected to any outputs, not a clock input)
Warning 269: Model 'PS7_VPR' input port 'MAXIGP1BVALID' has no timing specification (no clock specified to create a sequential input port, not combinationally connected to any outputs, not a clock input)
Warning 270: Model 'PS7_VPR' input port 'MAXIGP1BRESP' has no timing specification (no clock specified to create a sequential input port, not combinationally connected to any outputs, not a clock input)
Warning 271: Model 'PS7_VPR' input port 'MAXIGP1BID' has no timing specification (no clock specified to create a sequential input port, not combinationally connected to any outputs, not a clock input)
Warning 272: Model 'PS7_VPR' input port 'MAXIGP1AWREADY' has no timing specification (no clock specified to create a sequential input port, not combinationally connected to any outputs, not a clock input)
Warning 273: Model 'PS7_VPR' input port 'MAXIGP1ARREADY' has no timing specification (no clock specified to create a sequential input port, not combinationally connected to any outputs, not a clock input)
Warning 274: Model 'PS7_VPR' input port 'MAXIGP1ACLK' has no timing specification (no clock specified to create a sequential input port, not combinationally connected to any outputs, not a clock input)
Warning 275: Model 'PS7_VPR' input port 'MAXIGP0WREADY' has no timing specification (no clock specified to create a sequential input port, not combinationally connected to any outputs, not a clock input)
Warning 276: Model 'PS7_VPR' input port 'MAXIGP0RVALID' has no timing specification (no clock specified to create a sequential input port, not combinationally connected to any outputs, not a clock input)
Warning 277: Model 'PS7_VPR' input port 'MAXIGP0RRESP' has no timing specification (no clock specified to create a sequential input port, not combinationally connected to any outputs, not a clock input)
Warning 278: Model 'PS7_VPR' input port 'MAXIGP0RLAST' has no timing specification (no clock specified to create a sequential input port, not combinationally connected to any outputs, not a clock input)
Warning 279: Model 'PS7_VPR' input port 'MAXIGP0RID' has no timing specification (no clock specified to create a sequential input port, not combinationally connected to any outputs, not a clock input)
Warning 280: Model 'PS7_VPR' input port 'MAXIGP0RDATA' has no timing specification (no clock specified to create a sequential input port, not combinationally connected to any outputs, not a clock input)
Warning 281: Model 'PS7_VPR' input port 'MAXIGP0BVALID' has no timing specification (no clock specified to create a sequential input port, not combinationally connected to any outputs, not a clock input)
Warning 282: Model 'PS7_VPR' input port 'MAXIGP0BRESP' has no timing specification (no clock specified to create a sequential input port, not combinationally connected to any outputs, not a clock input)
Warning 283: Model 'PS7_VPR' input port 'MAXIGP0BID' has no timing specification (no clock specified to create a sequential input port, not combinationally connected to any outputs, not a clock input)
Warning 284: Model 'PS7_VPR' input port 'MAXIGP0AWREADY' has no timing specification (no clock specified to create a sequential input port, not combinationally connected to any outputs, not a clock input)
Warning 285: Model 'PS7_VPR' input port 'MAXIGP0ARREADY' has no timing specification (no clock specified to create a sequential input port, not combinationally connected to any outputs, not a clock input)
Warning 286: Model 'PS7_VPR' input port 'MAXIGP0ACLK' has no timing specification (no clock specified to create a sequential input port, not combinationally connected to any outputs, not a clock input)
Warning 287: Model 'PS7_VPR' input port 'IRQF2P' has no timing specification (no clock specified to create a sequential input port, not combinationally connected to any outputs, not a clock input)
Warning 288: Model 'PS7_VPR' input port 'FTMTP2FTRIGACK' has no timing specification (no clock specified to create a sequential input port, not combinationally connected to any outputs, not a clock input)
Warning 289: Model 'PS7_VPR' input port 'FTMTF2PTRIG' has no timing specification (no clock specified to create a sequential input port, not combinationally connected to any outputs, not a clock input)
Warning 290: Model 'PS7_VPR' input port 'FTMTF2PDEBUG' has no timing specification (no clock specified to create a sequential input port, not combinationally connected to any outputs, not a clock input)
Warning 291: Model 'PS7_VPR' input port 'FTMDTRACEINVALID' has no timing specification (no clock specified to create a sequential input port, not combinationally connected to any outputs, not a clock input)
Warning 292: Model 'PS7_VPR' input port 'FTMDTRACEINDATA' has no timing specification (no clock specified to create a sequential input port, not combinationally connected to any outputs, not a clock input)
Warning 293: Model 'PS7_VPR' input port 'FTMDTRACEINCLOCK' has no timing specification (no clock specified to create a sequential input port, not combinationally connected to any outputs, not a clock input)
Warning 294: Model 'PS7_VPR' input port 'FTMDTRACEINATID' has no timing specification (no clock specified to create a sequential input port, not combinationally connected to any outputs, not a clock input)
Warning 295: Model 'PS7_VPR' input port 'FPGAIDLEN' has no timing specification (no clock specified to create a sequential input port, not combinationally connected to any outputs, not a clock input)
Warning 296: Model 'PS7_VPR' input port 'FCLKCLKTRIGN' has no timing specification (no clock specified to create a sequential input port, not combinationally connected to any outputs, not a clock input)
Warning 297: Model 'PS7_VPR' input port 'EVENTEVENTI' has no timing specification (no clock specified to create a sequential input port, not combinationally connected to any outputs, not a clock input)
Warning 298: Model 'PS7_VPR' input port 'EMIOWDTCLKI' has no timing specification (no clock specified to create a sequential input port, not combinationally connected to any outputs, not a clock input)
Warning 299: Model 'PS7_VPR' input port 'EMIOUSB1VBUSPWRFAULT' has no timing specification (no clock specified to create a sequential input port, not combinationally connected to any outputs, not a clock input)
Warning 300: Model 'PS7_VPR' input port 'EMIOUSB0VBUSPWRFAULT' has no timing specification (no clock specified to create a sequential input port, not combinationally connected to any outputs, not a clock input)
Warning 301: Model 'PS7_VPR' input port 'EMIOUART1RX' has no timing specification (no clock specified to create a sequential input port, not combinationally connected to any outputs, not a clock input)
Warning 302: Model 'PS7_VPR' input port 'EMIOUART1RIN' has no timing specification (no clock specified to create a sequential input port, not combinationally connected to any outputs, not a clock input)
Warning 303: Model 'PS7_VPR' input port 'EMIOUART1DSRN' has no timing specification (no clock specified to create a sequential input port, not combinationally connected to any outputs, not a clock input)
Warning 304: Model 'PS7_VPR' input port 'EMIOUART1DCDN' has no timing specification (no clock specified to create a sequential input port, not combinationally connected to any outputs, not a clock input)
Warning 305: Model 'PS7_VPR' input port 'EMIOUART1CTSN' has no timing specification (no clock specified to create a sequential input port, not combinationally connected to any outputs, not a clock input)
Warning 306: Model 'PS7_VPR' input port 'EMIOUART0RX' has no timing specification (no clock specified to create a sequential input port, not combinationally connected to any outputs, not a clock input)
Warning 307: Model 'PS7_VPR' input port 'EMIOUART0RIN' has no timing specification (no clock specified to create a sequential input port, not combinationally connected to any outputs, not a clock input)
Warning 308: Model 'PS7_VPR' input port 'EMIOUART0DSRN' has no timing specification (no clock specified to create a sequential input port, not combinationally connected to any outputs, not a clock input)
Warning 309: Model 'PS7_VPR' input port 'EMIOUART0DCDN' has no timing specification (no clock specified to create a sequential input port, not combinationally connected to any outputs, not a clock input)
Warning 310: Model 'PS7_VPR' input port 'EMIOUART0CTSN' has no timing specification (no clock specified to create a sequential input port, not combinationally connected to any outputs, not a clock input)
Warning 311: Model 'PS7_VPR' input port 'EMIOTTC1CLKI' has no timing specification (no clock specified to create a sequential input port, not combinationally connected to any outputs, not a clock input)
Warning 312: Model 'PS7_VPR' input port 'EMIOTTC0CLKI' has no timing specification (no clock specified to create a sequential input port, not combinationally connected to any outputs, not a clock input)
Warning 313: Model 'PS7_VPR' input port 'EMIOTRACECLK' has no timing specification (no clock specified to create a sequential input port, not combinationally connected to any outputs, not a clock input)
Warning 314: Model 'PS7_VPR' input port 'EMIOSRAMINTIN' has no timing specification (no clock specified to create a sequential input port, not combinationally connected to any outputs, not a clock input)
Warning 315: Model 'PS7_VPR' input port 'EMIOSPI1SSIN' has no timing specification (no clock specified to create a sequential input port, not combinationally connected to any outputs, not a clock input)
Warning 316: Model 'PS7_VPR' input port 'EMIOSPI1SI' has no timing specification (no clock specified to create a sequential input port, not combinationally connected to any outputs, not a clock input)
Warning 317: Model 'PS7_VPR' input port 'EMIOSPI1SCLKI' has no timing specification (no clock specified to create a sequential input port, not combinationally connected to any outputs, not a clock input)
Warning 318: Model 'PS7_VPR' input port 'EMIOSPI1MI' has no timing specification (no clock specified to create a sequential input port, not combinationally connected to any outputs, not a clock input)
Warning 319: Model 'PS7_VPR' input port 'EMIOSPI0SSIN' has no timing specification (no clock specified to create a sequential input port, not combinationally connected to any outputs, not a clock input)
Warning 320: Model 'PS7_VPR' input port 'EMIOSPI0SI' has no timing specification (no clock specified to create a sequential input port, not combinationally connected to any outputs, not a clock input)
Warning 321: Model 'PS7_VPR' input port 'EMIOSPI0SCLKI' has no timing specification (no clock specified to create a sequential input port, not combinationally connected to any outputs, not a clock input)
Warning 322: Model 'PS7_VPR' input port 'EMIOSPI0MI' has no timing specification (no clock specified to create a sequential input port, not combinationally connected to any outputs, not a clock input)
Warning 323: Model 'PS7_VPR' input port 'EMIOSDIO1WP' has no timing specification (no clock specified to create a sequential input port, not combinationally connected to any outputs, not a clock input)
Warning 324: Model 'PS7_VPR' input port 'EMIOSDIO1DATAI' has no timing specification (no clock specified to create a sequential input port, not combinationally connected to any outputs, not a clock input)
Warning 325: Model 'PS7_VPR' input port 'EMIOSDIO1CMDI' has no timing specification (no clock specified to create a sequential input port, not combinationally connected to any outputs, not a clock input)
Warning 326: Model 'PS7_VPR' input port 'EMIOSDIO1CLKFB' has no timing specification (no clock specified to create a sequential input port, not combinationally connected to any outputs, not a clock input)
Warning 327: Model 'PS7_VPR' input port 'EMIOSDIO1CDN' has no timing specification (no clock specified to create a sequential input port, not combinationally connected to any outputs, not a clock input)
Warning 328: Model 'PS7_VPR' input port 'EMIOSDIO0WP' has no timing specification (no clock specified to create a sequential input port, not combinationally connected to any outputs, not a clock input)
Warning 329: Model 'PS7_VPR' input port 'EMIOSDIO0DATAI' has no timing specification (no clock specified to create a sequential input port, not combinationally connected to any outputs, not a clock input)
Warning 330: Model 'PS7_VPR' input port 'EMIOSDIO0CMDI' has no timing specification (no clock specified to create a sequential input port, not combinationally connected to any outputs, not a clock input)
Warning 331: Model 'PS7_VPR' input port 'EMIOSDIO0CLKFB' has no timing specification (no clock specified to create a sequential input port, not combinationally connected to any outputs, not a clock input)
Warning 332: Model 'PS7_VPR' input port 'EMIOSDIO0CDN' has no timing specification (no clock specified to create a sequential input port, not combinationally connected to any outputs, not a clock input)
Warning 333: Model 'PS7_VPR' input port 'EMIOPJTAGTMS' has no timing specification (no clock specified to create a sequential input port, not combinationally connected to any outputs, not a clock input)
Warning 334: Model 'PS7_VPR' input port 'EMIOPJTAGTDI' has no timing specification (no clock specified to create a sequential input port, not combinationally connected to any outputs, not a clock input)
Warning 335: Model 'PS7_VPR' input port 'EMIOPJTAGTCK' has no timing specification (no clock specified to create a sequential input port, not combinationally connected to any outputs, not a clock input)
Warning 336: Model 'PS7_VPR' input port 'EMIOI2C1SDAI' has no timing specification (no clock specified to create a sequential input port, not combinationally connected to any outputs, not a clock input)
Warning 337: Model 'PS7_VPR' input port 'EMIOI2C1SCLI' has no timing specification (no clock specified to create a sequential input port, not combinationally connected to any outputs, not a clock input)
Warning 338: Model 'PS7_VPR' input port 'EMIOI2C0SDAI' has no timing specification (no clock specified to create a sequential input port, not combinationally connected to any outputs, not a clock input)
Warning 339: Model 'PS7_VPR' input port 'EMIOI2C0SCLI' has no timing specification (no clock specified to create a sequential input port, not combinationally connected to any outputs, not a clock input)
Warning 340: Model 'PS7_VPR' input port 'EMIOGPIOI' has no timing specification (no clock specified to create a sequential input port, not combinationally connected to any outputs, not a clock input)
Warning 341: Model 'PS7_VPR' input port 'EMIOENET1MDIOI' has no timing specification (no clock specified to create a sequential input port, not combinationally connected to any outputs, not a clock input)
Warning 342: Model 'PS7_VPR' input port 'EMIOENET1GMIITXCLK' has no timing specification (no clock specified to create a sequential input port, not combinationally connected to any outputs, not a clock input)
Warning 343: Model 'PS7_VPR' input port 'EMIOENET1GMIIRXER' has no timing specification (no clock specified to create a sequential input port, not combinationally connected to any outputs, not a clock input)
Warning 344: Model 'PS7_VPR' input port 'EMIOENET1GMIIRXDV' has no timing specification (no clock specified to create a sequential input port, not combinationally connected to any outputs, not a clock input)
Warning 345: Model 'PS7_VPR' input port 'EMIOENET1GMIIRXD' has no timing specification (no clock specified to create a sequential input port, not combinationally connected to any outputs, not a clock input)
Warning 346: Model 'PS7_VPR' input port 'EMIOENET1GMIIRXCLK' has no timing specification (no clock specified to create a sequential input port, not combinationally connected to any outputs, not a clock input)
Warning 347: Model 'PS7_VPR' input port 'EMIOENET1GMIICRS' has no timing specification (no clock specified to create a sequential input port, not combinationally connected to any outputs, not a clock input)
Warning 348: Model 'PS7_VPR' input port 'EMIOENET1GMIICOL' has no timing specification (no clock specified to create a sequential input port, not combinationally connected to any outputs, not a clock input)
Warning 349: Model 'PS7_VPR' input port 'EMIOENET1EXTINTIN' has no timing specification (no clock specified to create a sequential input port, not combinationally connected to any outputs, not a clock input)
Warning 350: Model 'PS7_VPR' input port 'EMIOENET0MDIOI' has no timing specification (no clock specified to create a sequential input port, not combinationally connected to any outputs, not a clock input)
Warning 351: Model 'PS7_VPR' input port 'EMIOENET0GMIITXCLK' has no timing specification (no clock specified to create a sequential input port, not combinationally connected to any outputs, not a clock input)
Warning 352: Model 'PS7_VPR' input port 'EMIOENET0GMIIRXER' has no timing specification (no clock specified to create a sequential input port, not combinationally connected to any outputs, not a clock input)
Warning 353: Model 'PS7_VPR' input port 'EMIOENET0GMIIRXDV' has no timing specification (no clock specified to create a sequential input port, not combinationally connected to any outputs, not a clock input)
Warning 354: Model 'PS7_VPR' input port 'EMIOENET0GMIIRXD' has no timing specification (no clock specified to create a sequential input port, not combinationally connected to any outputs, not a clock input)
Warning 355: Model 'PS7_VPR' input port 'EMIOENET0GMIIRXCLK' has no timing specification (no clock specified to create a sequential input port, not combinationally connected to any outputs, not a clock input)
Warning 356: Model 'PS7_VPR' input port 'EMIOENET0GMIICRS' has no timing specification (no clock specified to create a sequential input port, not combinationally connected to any outputs, not a clock input)
Warning 357: Model 'PS7_VPR' input port 'EMIOENET0GMIICOL' has no timing specification (no clock specified to create a sequential input port, not combinationally connected to any outputs, not a clock input)
Warning 358: Model 'PS7_VPR' input port 'EMIOENET0EXTINTIN' has no timing specification (no clock specified to create a sequential input port, not combinationally connected to any outputs, not a clock input)
Warning 359: Model 'PS7_VPR' input port 'EMIOCAN1PHYRX' has no timing specification (no clock specified to create a sequential input port, not combinationally connected to any outputs, not a clock input)
Warning 360: Model 'PS7_VPR' input port 'EMIOCAN0PHYRX' has no timing specification (no clock specified to create a sequential input port, not combinationally connected to any outputs, not a clock input)
Warning 361: Model 'PS7_VPR' input port 'DMA3DRVALID' has no timing specification (no clock specified to create a sequential input port, not combinationally connected to any outputs, not a clock input)
Warning 362: Model 'PS7_VPR' input port 'DMA3DRTYPE' has no timing specification (no clock specified to create a sequential input port, not combinationally connected to any outputs, not a clock input)
Warning 363: Model 'PS7_VPR' input port 'DMA3DRLAST' has no timing specification (no clock specified to create a sequential input port, not combinationally connected to any outputs, not a clock input)
Warning 364: Model 'PS7_VPR' input port 'DMA3DAREADY' has no timing specification (no clock specified to create a sequential input port, not combinationally connected to any outputs, not a clock input)
Warning 365: Model 'PS7_VPR' input port 'DMA3ACLK' has no timing specification (no clock specified to create a sequential input port, not combinationally connected to any outputs, not a clock input)
Warning 366: Model 'PS7_VPR' input port 'DMA2DRVALID' has no timing specification (no clock specified to create a sequential input port, not combinationally connected to any outputs, not a clock input)
Warning 367: Model 'PS7_VPR' input port 'DMA2DRTYPE' has no timing specification (no clock specified to create a sequential input port, not combinationally connected to any outputs, not a clock input)
Warning 368: Model 'PS7_VPR' input port 'DMA2DRLAST' has no timing specification (no clock specified to create a sequential input port, not combinationally connected to any outputs, not a clock input)
Warning 369: Model 'PS7_VPR' input port 'DMA2DAREADY' has no timing specification (no clock specified to create a sequential input port, not combinationally connected to any outputs, not a clock input)
Warning 370: Model 'PS7_VPR' input port 'DMA2ACLK' has no timing specification (no clock specified to create a sequential input port, not combinationally connected to any outputs, not a clock input)
Warning 371: Model 'PS7_VPR' input port 'DMA1DRVALID' has no timing specification (no clock specified to create a sequential input port, not combinationally connected to any outputs, not a clock input)
Warning 372: Model 'PS7_VPR' input port 'DMA1DRTYPE' has no timing specification (no clock specified to create a sequential input port, not combinationally connected to any outputs, not a clock input)
Warning 373: Model 'PS7_VPR' input port 'DMA1DRLAST' has no timing specification (no clock specified to create a sequential input port, not combinationally connected to any outputs, not a clock input)
Warning 374: Model 'PS7_VPR' input port 'DMA1DAREADY' has no timing specification (no clock specified to create a sequential input port, not combinationally connected to any outputs, not a clock input)
Warning 375: Model 'PS7_VPR' input port 'DMA1ACLK' has no timing specification (no clock specified to create a sequential input port, not combinationally connected to any outputs, not a clock input)
Warning 376: Model 'PS7_VPR' input port 'DMA0DRVALID' has no timing specification (no clock specified to create a sequential input port, not combinationally connected to any outputs, not a clock input)
Warning 377: Model 'PS7_VPR' input port 'DMA0DRTYPE' has no timing specification (no clock specified to create a sequential input port, not combinationally connected to any outputs, not a clock input)
Warning 378: Model 'PS7_VPR' input port 'DMA0DRLAST' has no timing specification (no clock specified to create a sequential input port, not combinationally connected to any outputs, not a clock input)
Warning 379: Model 'PS7_VPR' input port 'DMA0DAREADY' has no timing specification (no clock specified to create a sequential input port, not combinationally connected to any outputs, not a clock input)
Warning 380: Model 'PS7_VPR' input port 'DMA0ACLK' has no timing specification (no clock specified to create a sequential input port, not combinationally connected to any outputs, not a clock input)
Warning 381: Model 'PS7_VPR' input port 'DDRARB' has no timing specification (no clock specified to create a sequential input port, not combinationally connected to any outputs, not a clock input)
Warning 382: Model 'PS7_VPR' output port 'SAXIHP3WREADY' has no timing specification (no clock specified to create a sequential output port, not combinationally connected to any inputs, not a clock output)
Warning 383: Model 'PS7_VPR' output port 'SAXIHP3WCOUNT' has no timing specification (no clock specified to create a sequential output port, not combinationally connected to any inputs, not a clock output)
Warning 384: Model 'PS7_VPR' output port 'SAXIHP3WACOUNT' has no timing specification (no clock specified to create a sequential output port, not combinationally connected to any inputs, not a clock output)
Warning 385: Model 'PS7_VPR' output port 'SAXIHP3RVALID' has no timing specification (no clock specified to create a sequential output port, not combinationally connected to any inputs, not a clock output)
Warning 386: Model 'PS7_VPR' output port 'SAXIHP3RRESP' has no timing specification (no clock specified to create a sequential output port, not combinationally connected to any inputs, not a clock output)
Warning 387: Model 'PS7_VPR' output port 'SAXIHP3RLAST' has no timing specification (no clock specified to create a sequential output port, not combinationally connected to any inputs, not a clock output)
Warning 388: Model 'PS7_VPR' output port 'SAXIHP3RID' has no timing specification (no clock specified to create a sequential output port, not combinationally connected to any inputs, not a clock output)
Warning 389: Model 'PS7_VPR' output port 'SAXIHP3RDATA' has no timing specification (no clock specified to create a sequential output port, not combinationally connected to any inputs, not a clock output)
Warning 390: Model 'PS7_VPR' output port 'SAXIHP3RCOUNT' has no timing specification (no clock specified to create a sequential output port, not combinationally connected to any inputs, not a clock output)
Warning 391: Model 'PS7_VPR' output port 'SAXIHP3RACOUNT' has no timing specification (no clock specified to create a sequential output port, not combinationally connected to any inputs, not a clock output)
Warning 392: Model 'PS7_VPR' output port 'SAXIHP3BVALID' has no timing specification (no clock specified to create a sequential output port, not combinationally connected to any inputs, not a clock output)
Warning 393: Model 'PS7_VPR' output port 'SAXIHP3BRESP' has no timing specification (no clock specified to create a sequential output port, not combinationally connected to any inputs, not a clock output)
Warning 394: Model 'PS7_VPR' output port 'SAXIHP3BID' has no timing specification (no clock specified to create a sequential output port, not combinationally connected to any inputs, not a clock output)
Warning 395: Model 'PS7_VPR' output port 'SAXIHP3AWREADY' has no timing specification (no clock specified to create a sequential output port, not combinationally connected to any inputs, not a clock output)
Warning 396: Model 'PS7_VPR' output port 'SAXIHP3ARREADY' has no timing specification (no clock specified to create a sequential output port, not combinationally connected to any inputs, not a clock output)
Warning 397: Model 'PS7_VPR' output port 'SAXIHP3ARESETN' has no timing specification (no clock specified to create a sequential output port, not combinationally connected to any inputs, not a clock output)
Warning 398: Model 'PS7_VPR' output port 'SAXIHP2WREADY' has no timing specification (no clock specified to create a sequential output port, not combinationally connected to any inputs, not a clock output)
Warning 399: Model 'PS7_VPR' output port 'SAXIHP2WCOUNT' has no timing specification (no clock specified to create a sequential output port, not combinationally connected to any inputs, not a clock output)
Warning 400: Model 'PS7_VPR' output port 'SAXIHP2WACOUNT' has no timing specification (no clock specified to create a sequential output port, not combinationally connected to any inputs, not a clock output)
Warning 401: Model 'PS7_VPR' output port 'SAXIHP2RVALID' has no timing specification (no clock specified to create a sequential output port, not combinationally connected to any inputs, not a clock output)
Warning 402: Model 'PS7_VPR' output port 'SAXIHP2RRESP' has no timing specification (no clock specified to create a sequential output port, not combinationally connected to any inputs, not a clock output)
Warning 403: Model 'PS7_VPR' output port 'SAXIHP2RLAST' has no timing specification (no clock specified to create a sequential output port, not combinationally connected to any inputs, not a clock output)
Warning 404: Model 'PS7_VPR' output port 'SAXIHP2RID' has no timing specification (no clock specified to create a sequential output port, not combinationally connected to any inputs, not a clock output)
Warning 405: Model 'PS7_VPR' output port 'SAXIHP2RDATA' has no timing specification (no clock specified to create a sequential output port, not combinationally connected to any inputs, not a clock output)
Warning 406: Model 'PS7_VPR' output port 'SAXIHP2RCOUNT' has no timing specification (no clock specified to create a sequential output port, not combinationally connected to any inputs, not a clock output)
Warning 407: Model 'PS7_VPR' output port 'SAXIHP2RACOUNT' has no timing specification (no clock specified to create a sequential output port, not combinationally connected to any inputs, not a clock output)
Warning 408: Model 'PS7_VPR' output port 'SAXIHP2BVALID' has no timing specification (no clock specified to create a sequential output port, not combinationally connected to any inputs, not a clock output)
Warning 409: Model 'PS7_VPR' output port 'SAXIHP2BRESP' has no timing specification (no clock specified to create a sequential output port, not combinationally connected to any inputs, not a clock output)
Warning 410: Model 'PS7_VPR' output port 'SAXIHP2BID' has no timing specification (no clock specified to create a sequential output port, not combinationally connected to any inputs, not a clock output)
Warning 411: Model 'PS7_VPR' output port 'SAXIHP2AWREADY' has no timing specification (no clock specified to create a sequential output port, not combinationally connected to any inputs, not a clock output)
Warning 412: Model 'PS7_VPR' output port 'SAXIHP2ARREADY' has no timing specification (no clock specified to create a sequential output port, not combinationally connected to any inputs, not a clock output)
Warning 413: Model 'PS7_VPR' output port 'SAXIHP2ARESETN' has no timing specification (no clock specified to create a sequential output port, not combinationally connected to any inputs, not a clock output)
Warning 414: Model 'PS7_VPR' output port 'SAXIHP1WREADY' has no timing specification (no clock specified to create a sequential output port, not combinationally connected to any inputs, not a clock output)
Warning 415: Model 'PS7_VPR' output port 'SAXIHP1WCOUNT' has no timing specification (no clock specified to create a sequential output port, not combinationally connected to any inputs, not a clock output)
Warning 416: Model 'PS7_VPR' output port 'SAXIHP1WACOUNT' has no timing specification (no clock specified to create a sequential output port, not combinationally connected to any inputs, not a clock output)
Warning 417: Model 'PS7_VPR' output port 'SAXIHP1RVALID' has no timing specification (no clock specified to create a sequential output port, not combinationally connected to any inputs, not a clock output)
Warning 418: Model 'PS7_VPR' output port 'SAXIHP1RRESP' has no timing specification (no clock specified to create a sequential output port, not combinationally connected to any inputs, not a clock output)
Warning 419: Model 'PS7_VPR' output port 'SAXIHP1RLAST' has no timing specification (no clock specified to create a sequential output port, not combinationally connected to any inputs, not a clock output)
Warning 420: Model 'PS7_VPR' output port 'SAXIHP1RID' has no timing specification (no clock specified to create a sequential output port, not combinationally connected to any inputs, not a clock output)
Warning 421: Model 'PS7_VPR' output port 'SAXIHP1RDATA' has no timing specification (no clock specified to create a sequential output port, not combinationally connected to any inputs, not a clock output)
Warning 422: Model 'PS7_VPR' output port 'SAXIHP1RCOUNT' has no timing specification (no clock specified to create a sequential output port, not combinationally connected to any inputs, not a clock output)
Warning 423: Model 'PS7_VPR' output port 'SAXIHP1RACOUNT' has no timing specification (no clock specified to create a sequential output port, not combinationally connected to any inputs, not a clock output)
Warning 424: Model 'PS7_VPR' output port 'SAXIHP1BVALID' has no timing specification (no clock specified to create a sequential output port, not combinationally connected to any inputs, not a clock output)
Warning 425: Model 'PS7_VPR' output port 'SAXIHP1BRESP' has no timing specification (no clock specified to create a sequential output port, not combinationally connected to any inputs, not a clock output)
Warning 426: Model 'PS7_VPR' output port 'SAXIHP1BID' has no timing specification (no clock specified to create a sequential output port, not combinationally connected to any inputs, not a clock output)
Warning 427: Model 'PS7_VPR' output port 'SAXIHP1AWREADY' has no timing specification (no clock specified to create a sequential output port, not combinationally connected to any inputs, not a clock output)
Warning 428: Model 'PS7_VPR' output port 'SAXIHP1ARREADY' has no timing specification (no clock specified to create a sequential output port, not combinationally connected to any inputs, not a clock output)
Warning 429: Model 'PS7_VPR' output port 'SAXIHP1ARESETN' has no timing specification (no clock specified to create a sequential output port, not combinationally connected to any inputs, not a clock output)
Warning 430: Model 'PS7_VPR' output port 'SAXIHP0WREADY' has no timing specification (no clock specified to create a sequential output port, not combinationally connected to any inputs, not a clock output)
Warning 431: Model 'PS7_VPR' output port 'SAXIHP0WCOUNT' has no timing specification (no clock specified to create a sequential output port, not combinationally connected to any inputs, not a clock output)
Warning 432: Model 'PS7_VPR' output port 'SAXIHP0WACOUNT' has no timing specification (no clock specified to create a sequential output port, not combinationally connected to any inputs, not a clock output)
Warning 433: Model 'PS7_VPR' output port 'SAXIHP0RVALID' has no timing specification (no clock specified to create a sequential output port, not combinationally connected to any inputs, not a clock output)
Warning 434: Model 'PS7_VPR' output port 'SAXIHP0RRESP' has no timing specification (no clock specified to create a sequential output port, not combinationally connected to any inputs, not a clock output)
Warning 435: Model 'PS7_VPR' output port 'SAXIHP0RLAST' has no timing specification (no clock specified to create a sequential output port, not combinationally connected to any inputs, not a clock output)
Warning 436: Model 'PS7_VPR' output port 'SAXIHP0RID' has no timing specification (no clock specified to create a sequential output port, not combinationally connected to any inputs, not a clock output)
Warning 437: Model 'PS7_VPR' output port 'SAXIHP0RDATA' has no timing specification (no clock specified to create a sequential output port, not combinationally connected to any inputs, not a clock output)
Warning 438: Model 'PS7_VPR' output port 'SAXIHP0RCOUNT' has no timing specification (no clock specified to create a sequential output port, not combinationally connected to any inputs, not a clock output)
Warning 439: Model 'PS7_VPR' output port 'SAXIHP0RACOUNT' has no timing specification (no clock specified to create a sequential output port, not combinationally connected to any inputs, not a clock output)
Warning 440: Model 'PS7_VPR' output port 'SAXIHP0BVALID' has no timing specification (no clock specified to create a sequential output port, not combinationally connected to any inputs, not a clock output)
Warning 441: Model 'PS7_VPR' output port 'SAXIHP0BRESP' has no timing specification (no clock specified to create a sequential output port, not combinationally connected to any inputs, not a clock output)
Warning 442: Model 'PS7_VPR' output port 'SAXIHP0BID' has no timing specification (no clock specified to create a sequential output port, not combinationally connected to any inputs, not a clock output)
Warning 443: Model 'PS7_VPR' output port 'SAXIHP0AWREADY' has no timing specification (no clock specified to create a sequential output port, not combinationally connected to any inputs, not a clock output)
Warning 444: Model 'PS7_VPR' output port 'SAXIHP0ARREADY' has no timing specification (no clock specified to create a sequential output port, not combinationally connected to any inputs, not a clock output)
Warning 445: Model 'PS7_VPR' output port 'SAXIHP0ARESETN' has no timing specification (no clock specified to create a sequential output port, not combinationally connected to any inputs, not a clock output)
Warning 446: Model 'PS7_VPR' output port 'SAXIGP1WREADY' has no timing specification (no clock specified to create a sequential output port, not combinationally connected to any inputs, not a clock output)
Warning 447: Model 'PS7_VPR' output port 'SAXIGP1RVALID' has no timing specification (no clock specified to create a sequential output port, not combinationally connected to any inputs, not a clock output)
Warning 448: Model 'PS7_VPR' output port 'SAXIGP1RRESP' has no timing specification (no clock specified to create a sequential output port, not combinationally connected to any inputs, not a clock output)
Warning 449: Model 'PS7_VPR' output port 'SAXIGP1RLAST' has no timing specification (no clock specified to create a sequential output port, not combinationally connected to any inputs, not a clock output)
Warning 450: Model 'PS7_VPR' output port 'SAXIGP1RID' has no timing specification (no clock specified to create a sequential output port, not combinationally connected to any inputs, not a clock output)
Warning 451: Model 'PS7_VPR' output port 'SAXIGP1RDATA' has no timing specification (no clock specified to create a sequential output port, not combinationally connected to any inputs, not a clock output)
Warning 452: Model 'PS7_VPR' output port 'SAXIGP1BVALID' has no timing specification (no clock specified to create a sequential output port, not combinationally connected to any inputs, not a clock output)
Warning 453: Model 'PS7_VPR' output port 'SAXIGP1BRESP' has no timing specification (no clock specified to create a sequential output port, not combinationally connected to any inputs, not a clock output)
Warning 454: Model 'PS7_VPR' output port 'SAXIGP1BID' has no timing specification (no clock specified to create a sequential output port, not combinationally connected to any inputs, not a clock output)
Warning 455: Model 'PS7_VPR' output port 'SAXIGP1AWREADY' has no timing specification (no clock specified to create a sequential output port, not combinationally connected to any inputs, not a clock output)
Warning 456: Model 'PS7_VPR' output port 'SAXIGP1ARREADY' has no timing specification (no clock specified to create a sequential output port, not combinationally connected to any inputs, not a clock output)
Warning 457: Model 'PS7_VPR' output port 'SAXIGP1ARESETN' has no timing specification (no clock specified to create a sequential output port, not combinationally connected to any inputs, not a clock output)
Warning 458: Model 'PS7_VPR' output port 'SAXIGP0WREADY' has no timing specification (no clock specified to create a sequential output port, not combinationally connected to any inputs, not a clock output)
Warning 459: Model 'PS7_VPR' output port 'SAXIGP0RVALID' has no timing specification (no clock specified to create a sequential output port, not combinationally connected to any inputs, not a clock output)
Warning 460: Model 'PS7_VPR' output port 'SAXIGP0RRESP' has no timing specification (no clock specified to create a sequential output port, not combinationally connected to any inputs, not a clock output)
Warning 461: Model 'PS7_VPR' output port 'SAXIGP0RLAST' has no timing specification (no clock specified to create a sequential output port, not combinationally connected to any inputs, not a clock output)
Warning 462: Model 'PS7_VPR' output port 'SAXIGP0RID' has no timing specification (no clock specified to create a sequential output port, not combinationally connected to any inputs, not a clock output)
Warning 463: Model 'PS7_VPR' output port 'SAXIGP0RDATA' has no timing specification (no clock specified to create a sequential output port, not combinationally connected to any inputs, not a clock output)
Warning 464: Model 'PS7_VPR' output port 'SAXIGP0BVALID' has no timing specification (no clock specified to create a sequential output port, not combinationally connected to any inputs, not a clock output)
Warning 465: Model 'PS7_VPR' output port 'SAXIGP0BRESP' has no timing specification (no clock specified to create a sequential output port, not combinationally connected to any inputs, not a clock output)
Warning 466: Model 'PS7_VPR' output port 'SAXIGP0BID' has no timing specification (no clock specified to create a sequential output port, not combinationally connected to any inputs, not a clock output)
Warning 467: Model 'PS7_VPR' output port 'SAXIGP0AWREADY' has no timing specification (no clock specified to create a sequential output port, not combinationally connected to any inputs, not a clock output)
Warning 468: Model 'PS7_VPR' output port 'SAXIGP0ARREADY' has no timing specification (no clock specified to create a sequential output port, not combinationally connected to any inputs, not a clock output)
Warning 469: Model 'PS7_VPR' output port 'SAXIGP0ARESETN' has no timing specification (no clock specified to create a sequential output port, not combinationally connected to any inputs, not a clock output)
Warning 470: Model 'PS7_VPR' output port 'SAXIACPWREADY' has no timing specification (no clock specified to create a sequential output port, not combinationally connected to any inputs, not a clock output)
Warning 471: Model 'PS7_VPR' output port 'SAXIACPRVALID' has no timing specification (no clock specified to create a sequential output port, not combinationally connected to any inputs, not a clock output)
Warning 472: Model 'PS7_VPR' output port 'SAXIACPRRESP' has no timing specification (no clock specified to create a sequential output port, not combinationally connected to any inputs, not a clock output)
Warning 473: Model 'PS7_VPR' output port 'SAXIACPRLAST' has no timing specification (no clock specified to create a sequential output port, not combinationally connected to any inputs, not a clock output)
Warning 474: Model 'PS7_VPR' output port 'SAXIACPRID' has no timing specification (no clock specified to create a sequential output port, not combinationally connected to any inputs, not a clock output)
Warning 475: Model 'PS7_VPR' output port 'SAXIACPRDATA' has no timing specification (no clock specified to create a sequential output port, not combinationally connected to any inputs, not a clock output)
Warning 476: Model 'PS7_VPR' output port 'SAXIACPBVALID' has no timing specification (no clock specified to create a sequential output port, not combinationally connected to any inputs, not a clock output)
Warning 477: Model 'PS7_VPR' output port 'SAXIACPBRESP' has no timing specification (no clock specified to create a sequential output port, not combinationally connected to any inputs, not a clock output)
Warning 478: Model 'PS7_VPR' output port 'SAXIACPBID' has no timing specification (no clock specified to create a sequential output port, not combinationally connected to any inputs, not a clock output)
Warning 479: Model 'PS7_VPR' output port 'SAXIACPAWREADY' has no timing specification (no clock specified to create a sequential output port, not combinationally connected to any inputs, not a clock output)
Warning 480: Model 'PS7_VPR' output port 'SAXIACPARREADY' has no timing specification (no clock specified to create a sequential output port, not combinationally connected to any inputs, not a clock output)
Warning 481: Model 'PS7_VPR' output port 'SAXIACPARESETN' has no timing specification (no clock specified to create a sequential output port, not combinationally connected to any inputs, not a clock output)
Warning 482: Model 'PS7_VPR' output port 'MAXIGP1WVALID' has no timing specification (no clock specified to create a sequential output port, not combinationally connected to any inputs, not a clock output)
Warning 483: Model 'PS7_VPR' output port 'MAXIGP1WSTRB' has no timing specification (no clock specified to create a sequential output port, not combinationally connected to any inputs, not a clock output)
Warning 484: Model 'PS7_VPR' output port 'MAXIGP1WLAST' has no timing specification (no clock specified to create a sequential output port, not combinationally connected to any inputs, not a clock output)
Warning 485: Model 'PS7_VPR' output port 'MAXIGP1WID' has no timing specification (no clock specified to create a sequential output port, not combinationally connected to any inputs, not a clock output)
Warning 486: Model 'PS7_VPR' output port 'MAXIGP1WDATA' has no timing specification (no clock specified to create a sequential output port, not combinationally connected to any inputs, not a clock output)
Warning 487: Model 'PS7_VPR' output port 'MAXIGP1RREADY' has no timing specification (no clock specified to create a sequential output port, not combinationally connected to any inputs, not a clock output)
Warning 488: Model 'PS7_VPR' output port 'MAXIGP1BREADY' has no timing specification (no clock specified to create a sequential output port, not combinationally connected to any inputs, not a clock output)
Warning 489: Model 'PS7_VPR' output port 'MAXIGP1AWVALID' has no timing specification (no clock specified to create a sequential output port, not combinationally connected to any inputs, not a clock output)
Warning 490: Model 'PS7_VPR' output port 'MAXIGP1AWSIZE' has no timing specification (no clock specified to create a sequential output port, not combinationally connected to any inputs, not a clock output)
Warning 491: Model 'PS7_VPR' output port 'MAXIGP1AWQOS' has no timing specification (no clock specified to create a sequential output port, not combinationally connected to any inputs, not a clock output)
Warning 492: Model 'PS7_VPR' output port 'MAXIGP1AWPROT' has no timing specification (no clock specified to create a sequential output port, not combinationally connected to any inputs, not a clock output)
Warning 493: Model 'PS7_VPR' output port 'MAXIGP1AWLOCK' has no timing specification (no clock specified to create a sequential output port, not combinationally connected to any inputs, not a clock output)
Warning 494: Model 'PS7_VPR' output port 'MAXIGP1AWLEN' has no timing specification (no clock specified to create a sequential output port, not combinationally connected to any inputs, not a clock output)
Warning 495: Model 'PS7_VPR' output port 'MAXIGP1AWID' has no timing specification (no clock specified to create a sequential output port, not combinationally connected to any inputs, not a clock output)
Warning 496: Model 'PS7_VPR' output port 'MAXIGP1AWCACHE' has no timing specification (no clock specified to create a sequential output port, not combinationally connected to any inputs, not a clock output)
Warning 497: Model 'PS7_VPR' output port 'MAXIGP1AWBURST' has no timing specification (no clock specified to create a sequential output port, not combinationally connected to any inputs, not a clock output)
Warning 498: Model 'PS7_VPR' output port 'MAXIGP1AWADDR' has no timing specification (no clock specified to create a sequential output port, not combinationally connected to any inputs, not a clock output)
Warning 499: Model 'PS7_VPR' output port 'MAXIGP1ARVALID' has no timing specification (no clock specified to create a sequential output port, not combinationally connected to any inputs, not a clock output)
Warning 500: Model 'PS7_VPR' output port 'MAXIGP1ARSIZE' has no timing specification (no clock specified to create a sequential output port, not combinationally connected to any inputs, not a clock output)
Warning 501: Model 'PS7_VPR' output port 'MAXIGP1ARQOS' has no timing specification (no clock specified to create a sequential output port, not combinationally connected to any inputs, not a clock output)
Warning 502: Model 'PS7_VPR' output port 'MAXIGP1ARPROT' has no timing specification (no clock specified to create a sequential output port, not combinationally connected to any inputs, not a clock output)
Warning 503: Model 'PS7_VPR' output port 'MAXIGP1ARLOCK' has no timing specification (no clock specified to create a sequential output port, not combinationally connected to any inputs, not a clock output)
Warning 504: Model 'PS7_VPR' output port 'MAXIGP1ARLEN' has no timing specification (no clock specified to create a sequential output port, not combinationally connected to any inputs, not a clock output)
Warning 505: Model 'PS7_VPR' output port 'MAXIGP1ARID' has no timing specification (no clock specified to create a sequential output port, not combinationally connected to any inputs, not a clock output)
Warning 506: Model 'PS7_VPR' output port 'MAXIGP1ARESETN' has no timing specification (no clock specified to create a sequential output port, not combinationally connected to any inputs, not a clock output)
Warning 507: Model 'PS7_VPR' output port 'MAXIGP1ARCACHE' has no timing specification (no clock specified to create a sequential output port, not combinationally connected to any inputs, not a clock output)
Warning 508: Model 'PS7_VPR' output port 'MAXIGP1ARBURST' has no timing specification (no clock specified to create a sequential output port, not combinationally connected to any inputs, not a clock output)
Warning 509: Model 'PS7_VPR' output port 'MAXIGP1ARADDR' has no timing specification (no clock specified to create a sequential output port, not combinationally connected to any inputs, not a clock output)
Warning 510: Model 'PS7_VPR' output port 'MAXIGP0WVALID' has no timing specification (no clock specified to create a sequential output port, not combinationally connected to any inputs, not a clock output)
Warning 511: Model 'PS7_VPR' output port 'MAXIGP0WSTRB' has no timing specification (no clock specified to create a sequential output port, not combinationally connected to any inputs, not a clock output)
Warning 512: Model 'PS7_VPR' output port 'MAXIGP0WLAST' has no timing specification (no clock specified to create a sequential output port, not combinationally connected to any inputs, not a clock output)
Warning 513: Model 'PS7_VPR' output port 'MAXIGP0WID' has no timing specification (no clock specified to create a sequential output port, not combinationally connected to any inputs, not a clock output)
Warning 514: Model 'PS7_VPR' output port 'MAXIGP0WDATA' has no timing specification (no clock specified to create a sequential output port, not combinationally connected to any inputs, not a clock output)
Warning 515: Model 'PS7_VPR' output port 'MAXIGP0RREADY' has no timing specification (no clock specified to create a sequential output port, not combinationally connected to any inputs, not a clock output)
Warning 516: Model 'PS7_VPR' output port 'MAXIGP0BREADY' has no timing specification (no clock specified to create a sequential output port, not combinationally connected to any inputs, not a clock output)
Warning 517: Model 'PS7_VPR' output port 'MAXIGP0AWVALID' has no timing specification (no clock specified to create a sequential output port, not combinationally connected to any inputs, not a clock output)
Warning 518: Model 'PS7_VPR' output port 'MAXIGP0AWSIZE' has no timing specification (no clock specified to create a sequential output port, not combinationally connected to any inputs, not a clock output)
Warning 519: Model 'PS7_VPR' output port 'MAXIGP0AWQOS' has no timing specification (no clock specified to create a sequential output port, not combinationally connected to any inputs, not a clock output)
Warning 520: Model 'PS7_VPR' output port 'MAXIGP0AWPROT' has no timing specification (no clock specified to create a sequential output port, not combinationally connected to any inputs, not a clock output)
Warning 521: Model 'PS7_VPR' output port 'MAXIGP0AWLOCK' has no timing specification (no clock specified to create a sequential output port, not combinationally connected to any inputs, not a clock output)
Warning 522: Model 'PS7_VPR' output port 'MAXIGP0AWLEN' has no timing specification (no clock specified to create a sequential output port, not combinationally connected to any inputs, not a clock output)
Warning 523: Model 'PS7_VPR' output port 'MAXIGP0AWID' has no timing specification (no clock specified to create a sequential output port, not combinationally connected to any inputs, not a clock output)
Warning 524: Model 'PS7_VPR' output port 'MAXIGP0AWCACHE' has no timing specification (no clock specified to create a sequential output port, not combinationally connected to any inputs, not a clock output)
Warning 525: Model 'PS7_VPR' output port 'MAXIGP0AWBURST' has no timing specification (no clock specified to create a sequential output port, not combinationally connected to any inputs, not a clock output)
Warning 526: Model 'PS7_VPR' output port 'MAXIGP0AWADDR' has no timing specification (no clock specified to create a sequential output port, not combinationally connected to any inputs, not a clock output)
Warning 527: Model 'PS7_VPR' output port 'MAXIGP0ARVALID' has no timing specification (no clock specified to create a sequential output port, not combinationally connected to any inputs, not a clock output)
Warning 528: Model 'PS7_VPR' output port 'MAXIGP0ARSIZE' has no timing specification (no clock specified to create a sequential output port, not combinationally connected to any inputs, not a clock output)
Warning 529: Model 'PS7_VPR' output port 'MAXIGP0ARQOS' has no timing specification (no clock specified to create a sequential output port, not combinationally connected to any inputs, not a clock output)
Warning 530: Model 'PS7_VPR' output port 'MAXIGP0ARPROT' has no timing specification (no clock specified to create a sequential output port, not combinationally connected to any inputs, not a clock output)
Warning 531: Model 'PS7_VPR' output port 'MAXIGP0ARLOCK' has no timing specification (no clock specified to create a sequential output port, not combinationally connected to any inputs, not a clock output)
Warning 532: Model 'PS7_VPR' output port 'MAXIGP0ARLEN' has no timing specification (no clock specified to create a sequential output port, not combinationally connected to any inputs, not a clock output)
Warning 533: Model 'PS7_VPR' output port 'MAXIGP0ARID' has no timing specification (no clock specified to create a sequential output port, not combinationally connected to any inputs, not a clock output)
Warning 534: Model 'PS7_VPR' output port 'MAXIGP0ARESETN' has no timing specification (no clock specified to create a sequential output port, not combinationally connected to any inputs, not a clock output)
Warning 535: Model 'PS7_VPR' output port 'MAXIGP0ARCACHE' has no timing specification (no clock specified to create a sequential output port, not combinationally connected to any inputs, not a clock output)
Warning 536: Model 'PS7_VPR' output port 'MAXIGP0ARBURST' has no timing specification (no clock specified to create a sequential output port, not combinationally connected to any inputs, not a clock output)
Warning 537: Model 'PS7_VPR' output port 'MAXIGP0ARADDR' has no timing specification (no clock specified to create a sequential output port, not combinationally connected to any inputs, not a clock output)
Warning 538: Model 'PS7_VPR' output port 'IRQP2F' has no timing specification (no clock specified to create a sequential output port, not combinationally connected to any inputs, not a clock output)
Warning 539: Model 'PS7_VPR' output port 'FTMTP2FTRIG' has no timing specification (no clock specified to create a sequential output port, not combinationally connected to any inputs, not a clock output)
Warning 540: Model 'PS7_VPR' output port 'FTMTP2FDEBUG' has no timing specification (no clock specified to create a sequential output port, not combinationally connected to any inputs, not a clock output)
Warning 541: Model 'PS7_VPR' output port 'FTMTF2PTRIGACK' has no timing specification (no clock specified to create a sequential output port, not combinationally connected to any inputs, not a clock output)
Warning 542: Model 'PS7_VPR' output port 'FCLKRESETN' has no timing specification (no clock specified to create a sequential output port, not combinationally connected to any inputs, not a clock output)
Warning 543: Model 'PS7_VPR' output port 'FCLKCLK' has no timing specification (no clock specified to create a sequential output port, not combinationally connected to any inputs, not a clock output)
Warning 544: Model 'PS7_VPR' output port 'EVENTSTANDBYWFI' has no timing specification (no clock specified to create a sequential output port, not combinationally connected to any inputs, not a clock output)
Warning 545: Model 'PS7_VPR' output port 'EVENTSTANDBYWFE' has no timing specification (no clock specified to create a sequential output port, not combinationally connected to any inputs, not a clock output)
Warning 546: Model 'PS7_VPR' output port 'EVENTEVENTO' has no timing specification (no clock specified to create a sequential output port, not combinationally connected to any inputs, not a clock output)
Warning 547: Model 'PS7_VPR' output port 'EMIOWDTRSTO' has no timing specification (no clock specified to create a sequential output port, not combinationally connected to any inputs, not a clock output)
Warning 548: Model 'PS7_VPR' output port 'EMIOUSB1VBUSPWRSELECT' has no timing specification (no clock specified to create a sequential output port, not combinationally connected to any inputs, not a clock output)
Warning 549: Model 'PS7_VPR' output port 'EMIOUSB1PORTINDCTL' has no timing specification (no clock specified to create a sequential output port, not combinationally connected to any inputs, not a clock output)
Warning 550: Model 'PS7_VPR' output port 'EMIOUSB0VBUSPWRSELECT' has no timing specification (no clock specified to create a sequential output port, not combinationally connected to any inputs, not a clock output)
Warning 551: Model 'PS7_VPR' output port 'EMIOUSB0PORTINDCTL' has no timing specification (no clock specified to create a sequential output port, not combinationally connected to any inputs, not a clock output)
Warning 552: Model 'PS7_VPR' output port 'EMIOUART1TX' has no timing specification (no clock specified to create a sequential output port, not combinationally connected to any inputs, not a clock output)
Warning 553: Model 'PS7_VPR' output port 'EMIOUART1RTSN' has no timing specification (no clock specified to create a sequential output port, not combinationally connected to any inputs, not a clock output)
Warning 554: Model 'PS7_VPR' output port 'EMIOUART1DTRN' has no timing specification (no clock specified to create a sequential output port, not combinationally connected to any inputs, not a clock output)
Warning 555: Model 'PS7_VPR' output port 'EMIOUART0TX' has no timing specification (no clock specified to create a sequential output port, not combinationally connected to any inputs, not a clock output)
Warning 556: Model 'PS7_VPR' output port 'EMIOUART0RTSN' has no timing specification (no clock specified to create a sequential output port, not combinationally connected to any inputs, not a clock output)
Warning 557: Model 'PS7_VPR' output port 'EMIOUART0DTRN' has no timing specification (no clock specified to create a sequential output port, not combinationally connected to any inputs, not a clock output)
Warning 558: Model 'PS7_VPR' output port 'EMIOTTC1WAVEO' has no timing specification (no clock specified to create a sequential output port, not combinationally connected to any inputs, not a clock output)
Warning 559: Model 'PS7_VPR' output port 'EMIOTTC0WAVEO' has no timing specification (no clock specified to create a sequential output port, not combinationally connected to any inputs, not a clock output)
Warning 560: Model 'PS7_VPR' output port 'EMIOTRACEDATA' has no timing specification (no clock specified to create a sequential output port, not combinationally connected to any inputs, not a clock output)
Warning 561: Model 'PS7_VPR' output port 'EMIOTRACECTL' has no timing specification (no clock specified to create a sequential output port, not combinationally connected to any inputs, not a clock output)
Warning 562: Model 'PS7_VPR' output port 'EMIOSPI1STN' has no timing specification (no clock specified to create a sequential output port, not combinationally connected to any inputs, not a clock output)
Warning 563: Model 'PS7_VPR' output port 'EMIOSPI1SSON' has no timing specification (no clock specified to create a sequential output port, not combinationally connected to any inputs, not a clock output)
Warning 564: Model 'PS7_VPR' output port 'EMIOSPI1SSNTN' has no timing specification (no clock specified to create a sequential output port, not combinationally connected to any inputs, not a clock output)
Warning 565: Model 'PS7_VPR' output port 'EMIOSPI1SO' has no timing specification (no clock specified to create a sequential output port, not combinationally connected to any inputs, not a clock output)
Warning 566: Model 'PS7_VPR' output port 'EMIOSPI1SCLKTN' has no timing specification (no clock specified to create a sequential output port, not combinationally connected to any inputs, not a clock output)
Warning 567: Model 'PS7_VPR' output port 'EMIOSPI1SCLKO' has no timing specification (no clock specified to create a sequential output port, not combinationally connected to any inputs, not a clock output)
Warning 568: Model 'PS7_VPR' output port 'EMIOSPI1MOTN' has no timing specification (no clock specified to create a sequential output port, not combinationally connected to any inputs, not a clock output)
Warning 569: Model 'PS7_VPR' output port 'EMIOSPI1MO' has no timing specification (no clock specified to create a sequential output port, not combinationally connected to any inputs, not a clock output)
Warning 570: Model 'PS7_VPR' output port 'EMIOSPI0STN' has no timing specification (no clock specified to create a sequential output port, not combinationally connected to any inputs, not a clock output)
Warning 571: Model 'PS7_VPR' output port 'EMIOSPI0SSON' has no timing specification (no clock specified to create a sequential output port, not combinationally connected to any inputs, not a clock output)
Warning 572: Model 'PS7_VPR' output port 'EMIOSPI0SSNTN' has no timing specification (no clock specified to create a sequential output port, not combinationally connected to any inputs, not a clock output)
Warning 573: Model 'PS7_VPR' output port 'EMIOSPI0SO' has no timing specification (no clock specified to create a sequential output port, not combinationally connected to any inputs, not a clock output)
Warning 574: Model 'PS7_VPR' output port 'EMIOSPI0SCLKTN' has no timing specification (no clock specified to create a sequential output port, not combinationally connected to any inputs, not a clock output)
Warning 575: Model 'PS7_VPR' output port 'EMIOSPI0SCLKO' has no timing specification (no clock specified to create a sequential output port, not combinationally connected to any inputs, not a clock output)
Warning 576: Model 'PS7_VPR' output port 'EMIOSPI0MOTN' has no timing specification (no clock specified to create a sequential output port, not combinationally connected to any inputs, not a clock output)
Warning 577: Model 'PS7_VPR' output port 'EMIOSPI0MO' has no timing specification (no clock specified to create a sequential output port, not combinationally connected to any inputs, not a clock output)
Warning 578: Model 'PS7_VPR' output port 'EMIOSDIO1LED' has no timing specification (no clock specified to create a sequential output port, not combinationally connected to any inputs, not a clock output)
Warning 579: Model 'PS7_VPR' output port 'EMIOSDIO1DATATN' has no timing specification (no clock specified to create a sequential output port, not combinationally connected to any inputs, not a clock output)
Warning 580: Model 'PS7_VPR' output port 'EMIOSDIO1DATAO' has no timing specification (no clock specified to create a sequential output port, not combinationally connected to any inputs, not a clock output)
Warning 581: Model 'PS7_VPR' output port 'EMIOSDIO1CMDTN' has no timing specification (no clock specified to create a sequential output port, not combinationally connected to any inputs, not a clock output)
Warning 582: Model 'PS7_VPR' output port 'EMIOSDIO1CMDO' has no timing specification (no clock specified to create a sequential output port, not combinationally connected to any inputs, not a clock output)
Warning 583: Model 'PS7_VPR' output port 'EMIOSDIO1CLK' has no timing specification (no clock specified to create a sequential output port, not combinationally connected to any inputs, not a clock output)
Warning 584: Model 'PS7_VPR' output port 'EMIOSDIO1BUSVOLT' has no timing specification (no clock specified to create a sequential output port, not combinationally connected to any inputs, not a clock output)
Warning 585: Model 'PS7_VPR' output port 'EMIOSDIO1BUSPOW' has no timing specification (no clock specified to create a sequential output port, not combinationally connected to any inputs, not a clock output)
Warning 586: Model 'PS7_VPR' output port 'EMIOSDIO0LED' has no timing specification (no clock specified to create a sequential output port, not combinationally connected to any inputs, not a clock output)
Warning 587: Model 'PS7_VPR' output port 'EMIOSDIO0DATATN' has no timing specification (no clock specified to create a sequential output port, not combinationally connected to any inputs, not a clock output)
Warning 588: Model 'PS7_VPR' output port 'EMIOSDIO0DATAO' has no timing specification (no clock specified to create a sequential output port, not combinationally connected to any inputs, not a clock output)
Warning 589: Model 'PS7_VPR' output port 'EMIOSDIO0CMDTN' has no timing specification (no clock specified to create a sequential output port, not combinationally connected to any inputs, not a clock output)
Warning 590: Model 'PS7_VPR' output port 'EMIOSDIO0CMDO' has no timing specification (no clock specified to create a sequential output port, not combinationally connected to any inputs, not a clock output)
Warning 591: Model 'PS7_VPR' output port 'EMIOSDIO0CLK' has no timing specification (no clock specified to create a sequential output port, not combinationally connected to any inputs, not a clock output)
Warning 592: Model 'PS7_VPR' output port 'EMIOSDIO0BUSVOLT' has no timing specification (no clock specified to create a sequential output port, not combinationally connected to any inputs, not a clock output)
Warning 593: Model 'PS7_VPR' output port 'EMIOSDIO0BUSPOW' has no timing specification (no clock specified to create a sequential output port, not combinationally connected to any inputs, not a clock output)
Warning 594: Model 'PS7_VPR' output port 'EMIOPJTAGTDTN' has no timing specification (no clock specified to create a sequential output port, not combinationally connected to any inputs, not a clock output)
Warning 595: Model 'PS7_VPR' output port 'EMIOPJTAGTDO' has no timing specification (no clock specified to create a sequential output port, not combinationally connected to any inputs, not a clock output)
Warning 596: Model 'PS7_VPR' output port 'EMIOI2C1SDATN' has no timing specification (no clock specified to create a sequential output port, not combinationally connected to any inputs, not a clock output)
Warning 597: Model 'PS7_VPR' output port 'EMIOI2C1SDAO' has no timing specification (no clock specified to create a sequential output port, not combinationally connected to any inputs, not a clock output)
Warning 598: Model 'PS7_VPR' output port 'EMIOI2C1SCLTN' has no timing specification (no clock specified to create a sequential output port, not combinationally connected to any inputs, not a clock output)
Warning 599: Model 'PS7_VPR' output port 'EMIOI2C1SCLO' has no timing specification (no clock specified to create a sequential output port, not combinationally connected to any inputs, not a clock output)
Warning 600: Model 'PS7_VPR' output port 'EMIOI2C0SDATN' has no timing specification (no clock specified to create a sequential output port, not combinationally connected to any inputs, not a clock output)
Warning 601: Model 'PS7_VPR' output port 'EMIOI2C0SDAO' has no timing specification (no clock specified to create a sequential output port, not combinationally connected to any inputs, not a clock output)
Warning 602: Model 'PS7_VPR' output port 'EMIOI2C0SCLTN' has no timing specification (no clock specified to create a sequential output port, not combinationally connected to any inputs, not a clock output)
Warning 603: Model 'PS7_VPR' output port 'EMIOI2C0SCLO' has no timing specification (no clock specified to create a sequential output port, not combinationally connected to any inputs, not a clock output)
Warning 604: Model 'PS7_VPR' output port 'EMIOGPIOTN' has no timing specification (no clock specified to create a sequential output port, not combinationally connected to any inputs, not a clock output)
Warning 605: Model 'PS7_VPR' output port 'EMIOGPIOO' has no timing specification (no clock specified to create a sequential output port, not combinationally connected to any inputs, not a clock output)
Warning 606: Model 'PS7_VPR' output port 'EMIOENET1SOFTX' has no timing specification (no clock specified to create a sequential output port, not combinationally connected to any inputs, not a clock output)
Warning 607: Model 'PS7_VPR' output port 'EMIOENET1SOFRX' has no timing specification (no clock specified to create a sequential output port, not combinationally connected to any inputs, not a clock output)
Warning 608: Model 'PS7_VPR' output port 'EMIOENET1PTPSYNCFRAMETX' has no timing specification (no clock specified to create a sequential output port, not combinationally connected to any inputs, not a clock output)
Warning 609: Model 'PS7_VPR' output port 'EMIOENET1PTPSYNCFRAMERX' has no timing specification (no clock specified to create a sequential output port, not combinationally connected to any inputs, not a clock output)
Warning 610: Model 'PS7_VPR' output port 'EMIOENET1PTPPDELAYRESPTX' has no timing specification (no clock specified to create a sequential output port, not combinationally connected to any inputs, not a clock output)
Warning 611: Model 'PS7_VPR' output port 'EMIOENET1PTPPDELAYRESPRX' has no timing specification (no clock specified to create a sequential output port, not combinationally connected to any inputs, not a clock output)
Warning 612: Model 'PS7_VPR' output port 'EMIOENET1PTPPDELAYREQTX' has no timing specification (no clock specified to create a sequential output port, not combinationally connected to any inputs, not a clock output)
Warning 613: Model 'PS7_VPR' output port 'EMIOENET1PTPPDELAYREQRX' has no timing specification (no clock specified to create a sequential output port, not combinationally connected to any inputs, not a clock output)
Warning 614: Model 'PS7_VPR' output port 'EMIOENET1PTPDELAYREQTX' has no timing specification (no clock specified to create a sequential output port, not combinationally connected to any inputs, not a clock output)
Warning 615: Model 'PS7_VPR' output port 'EMIOENET1PTPDELAYREQRX' has no timing specification (no clock specified to create a sequential output port, not combinationally connected to any inputs, not a clock output)
Warning 616: Model 'PS7_VPR' output port 'EMIOENET1MDIOTN' has no timing specification (no clock specified to create a sequential output port, not combinationally connected to any inputs, not a clock output)
Warning 617: Model 'PS7_VPR' output port 'EMIOENET1MDIOO' has no timing specification (no clock specified to create a sequential output port, not combinationally connected to any inputs, not a clock output)
Warning 618: Model 'PS7_VPR' output port 'EMIOENET1MDIOMDC' has no timing specification (no clock specified to create a sequential output port, not combinationally connected to any inputs, not a clock output)
Warning 619: Model 'PS7_VPR' output port 'EMIOENET1GMIITXER' has no timing specification (no clock specified to create a sequential output port, not combinationally connected to any inputs, not a clock output)
Warning 620: Model 'PS7_VPR' output port 'EMIOENET1GMIITXEN' has no timing specification (no clock specified to create a sequential output port, not combinationally connected to any inputs, not a clock output)
Warning 621: Model 'PS7_VPR' output port 'EMIOENET1GMIITXD' has no timing specification (no clock specified to create a sequential output port, not combinationally connected to any inputs, not a clock output)
Warning 622: Model 'PS7_VPR' output port 'EMIOENET0SOFTX' has no timing specification (no clock specified to create a sequential output port, not combinationally connected to any inputs, not a clock output)
Warning 623: Model 'PS7_VPR' output port 'EMIOENET0SOFRX' has no timing specification (no clock specified to create a sequential output port, not combinationally connected to any inputs, not a clock output)
Warning 624: Model 'PS7_VPR' output port 'EMIOENET0PTPSYNCFRAMETX' has no timing specification (no clock specified to create a sequential output port, not combinationally connected to any inputs, not a clock output)
Warning 625: Model 'PS7_VPR' output port 'EMIOENET0PTPSYNCFRAMERX' has no timing specification (no clock specified to create a sequential output port, not combinationally connected to any inputs, not a clock output)
Warning 626: Model 'PS7_VPR' output port 'EMIOENET0PTPPDELAYRESPTX' has no timing specification (no clock specified to create a sequential output port, not combinationally connected to any inputs, not a clock output)
Warning 627: Model 'PS7_VPR' output port 'EMIOENET0PTPPDELAYRESPRX' has no timing specification (no clock specified to create a sequential output port, not combinationally connected to any inputs, not a clock output)
Warning 628: Model 'PS7_VPR' output port 'EMIOENET0PTPPDELAYREQTX' has no timing specification (no clock specified to create a sequential output port, not combinationally connected to any inputs, not a clock output)
Warning 629: Model 'PS7_VPR' output port 'EMIOENET0PTPPDELAYREQRX' has no timing specification (no clock specified to create a sequential output port, not combinationally connected to any inputs, not a clock output)
Warning 630: Model 'PS7_VPR' output port 'EMIOENET0PTPDELAYREQTX' has no timing specification (no clock specified to create a sequential output port, not combinationally connected to any inputs, not a clock output)
Warning 631: Model 'PS7_VPR' output port 'EMIOENET0PTPDELAYREQRX' has no timing specification (no clock specified to create a sequential output port, not combinationally connected to any inputs, not a clock output)
Warning 632: Model 'PS7_VPR' output port 'EMIOENET0MDIOTN' has no timing specification (no clock specified to create a sequential output port, not combinationally connected to any inputs, not a clock output)
Warning 633: Model 'PS7_VPR' output port 'EMIOENET0MDIOO' has no timing specification (no clock specified to create a sequential output port, not combinationally connected to any inputs, not a clock output)
Warning 634: Model 'PS7_VPR' output port 'EMIOENET0MDIOMDC' has no timing specification (no clock specified to create a sequential output port, not combinationally connected to any inputs, not a clock output)
Warning 635: Model 'PS7_VPR' output port 'EMIOENET0GMIITXER' has no timing specification (no clock specified to create a sequential output port, not combinationally connected to any inputs, not a clock output)
Warning 636: Model 'PS7_VPR' output port 'EMIOENET0GMIITXEN' has no timing specification (no clock specified to create a sequential output port, not combinationally connected to any inputs, not a clock output)
Warning 637: Model 'PS7_VPR' output port 'EMIOENET0GMIITXD' has no timing specification (no clock specified to create a sequential output port, not combinationally connected to any inputs, not a clock output)
Warning 638: Model 'PS7_VPR' output port 'EMIOCAN1PHYTX' has no timing specification (no clock specified to create a sequential output port, not combinationally connected to any inputs, not a clock output)
Warning 639: Model 'PS7_VPR' output port 'EMIOCAN0PHYTX' has no timing specification (no clock specified to create a sequential output port, not combinationally connected to any inputs, not a clock output)
Warning 640: Model 'PS7_VPR' output port 'DMA3RSTN' has no timing specification (no clock specified to create a sequential output port, not combinationally connected to any inputs, not a clock output)
Warning 641: Model 'PS7_VPR' output port 'DMA3DRREADY' has no timing specification (no clock specified to create a sequential output port, not combinationally connected to any inputs, not a clock output)
Warning 642: Model 'PS7_VPR' output port 'DMA3DAVALID' has no timing specification (no clock specified to create a sequential output port, not combinationally connected to any inputs, not a clock output)
Warning 643: Model 'PS7_VPR' output port 'DMA3DATYPE' has no timing specification (no clock specified to create a sequential output port, not combinationally connected to any inputs, not a clock output)
Warning 644: Model 'PS7_VPR' output port 'DMA2RSTN' has no timing specification (no clock specified to create a sequential output port, not combinationally connected to any inputs, not a clock output)
Warning 645: Model 'PS7_VPR' output port 'DMA2DRREADY' has no timing specification (no clock specified to create a sequential output port, not combinationally connected to any inputs, not a clock output)
Warning 646: Model 'PS7_VPR' output port 'DMA2DAVALID' has no timing specification (no clock specified to create a sequential output port, not combinationally connected to any inputs, not a clock output)
Warning 647: Model 'PS7_VPR' output port 'DMA2DATYPE' has no timing specification (no clock specified to create a sequential output port, not combinationally connected to any inputs, not a clock output)
Warning 648: Model 'PS7_VPR' output port 'DMA1RSTN' has no timing specification (no clock specified to create a sequential output port, not combinationally connected to any inputs, not a clock output)
Warning 649: Model 'PS7_VPR' output port 'DMA1DRREADY' has no timing specification (no clock specified to create a sequential output port, not combinationally connected to any inputs, not a clock output)
Warning 650: Model 'PS7_VPR' output port 'DMA1DAVALID' has no timing specification (no clock specified to create a sequential output port, not combinationally connected to any inputs, not a clock output)
Warning 651: Model 'PS7_VPR' output port 'DMA1DATYPE' has no timing specification (no clock specified to create a sequential output port, not combinationally connected to any inputs, not a clock output)
Warning 652: Model 'PS7_VPR' output port 'DMA0RSTN' has no timing specification (no clock specified to create a sequential output port, not combinationally connected to any inputs, not a clock output)
Warning 653: Model 'PS7_VPR' output port 'DMA0DRREADY' has no timing specification (no clock specified to create a sequential output port, not combinationally connected to any inputs, not a clock output)
Warning 654: Model 'PS7_VPR' output port 'DMA0DAVALID' has no timing specification (no clock specified to create a sequential output port, not combinationally connected to any inputs, not a clock output)
Warning 655: Model 'PS7_VPR' output port 'DMA0DATYPE' has no timing specification (no clock specified to create a sequential output port, not combinationally connected to any inputs, not a clock output)
Warning 656: Model 'VCC' output port 'VCC' has no timing specification (no clock specified to create a sequential output port, not combinationally connected to any inputs, not a clock output)
Warning 657: Model 'GND' output port 'GND' has no timing specification (no clock specified to create a sequential output port, not combinationally connected to any inputs, not a clock output)
Warning 658: <pb_type> 'empty' timing-annotation/<model> mismatch on port 'D' of model '.latch', port is a sequential input but has neither T_setup nor T_hold specified
Warning 659: <pb_type> 'empty' timing-annotation/<model> mismatch on port 'Q' of model '.latch', port is a sequential output but has neither min nor max T_clock_to_Q specified
# Loading Architecture Description took 1.99 seconds (max_rss 51.7 MiB, delta_rss +40.0 MiB)

Warning 660: Non-zero switch output capacitance (4e-15) has no effect when switch 'buffer' is used for connection block inputs
Timing analysis: ON
Circuit netlist file: zybo_top.net
Circuit placement file: zybo_top.place
Circuit routing file: zybo_top.route
Circuit SDC file: zybo_top.sdc
Vpr floorplanning constraints file: not specified

Packer: ENABLED
Placer: ENABLED
Router: ENABLED
Analysis: ENABLED

VPR was run with the following options:

NetlistOpts.abosrb_buffer_luts            : true
NetlistOpts.sweep_dangling_primary_ios    : true
NetlistOpts.sweep_dangling_nets           : true
NetlistOpts.sweep_dangling_blocks         : true
NetlistOpts.sweep_constant_primary_outputs: false
NetlistOpts.netlist_verbosity             : 1
NetlistOpts.const_gen_inference           : COMB_SEQ

PackerOpts.allow_unrelated_clustering: auto
PackerOpts.alpha_clustering: 0.750000
PackerOpts.beta_clustering: 0.900000
PackerOpts.cluster_seed_type: BLEND2
PackerOpts.connection_driven: true
PackerOpts.global_clocks: true
PackerOpts.hill_climbing_flag: false
PackerOpts.inter_cluster_net_delay: 1.000000
PackerOpts.timing_driven: true
PackerOpts.target_external_pin_util: auto

PlacerOpts.place_freq: PLACE_ONCE
PlacerOpts.place_algorithm: CRITICALITY_TIMING_PLACE
PlacerOpts.pad_loc_type: FREE
PlacerOpts.constraints_file: No constraints file given
PlacerOpts.place_cost_exp: 1.000000
PlacerOpts.place_chan_width: 500
PlacerOpts.inner_loop_recompute_divider: 0
PlacerOpts.recompute_crit_iter: 1
PlacerOpts.timing_tradeoff: 0.500000
PlacerOpts.td_place_exp_first: 1.000000
PlacerOpts.td_place_exp_last: 8.000000
PlacerOpts.delay_offset: 0.000000
PlacerOpts.delay_ramp_delta_threshold: -1
PlacerOpts.delay_ramp_slope: 0.000000
PlacerOpts.tsu_rel_margin: 1.000000
PlacerOpts.tsu_abs_margin: 0.000000
PlacerOpts.post_place_timing_report_file: 
PlacerOpts.allowed_tiles_for_delay_model: 
PlacerOpts.delay_model_reducer: MIN
PlacerOpts.delay_model_type: DELTA
PlacerOpts.rlim_escape_fraction: 0.000000
PlacerOpts.move_stats_file: 
PlacerOpts.placement_saves_per_temperature: 0
PlacerOpts.effort_scaling: CIRCUIT
PlacerOpts.place_delta_delay_matrix_calculation_method: DIJKSTRA_EXPANSION
PlaceOpts.seed: 0
AnnealSched.type: AUTO_SCHED
AnnealSched.inner_num: 0.500000

RouterOpts.route_type: DETAILED
RouterOpts.router_algorithm: TIMING_DRIVEN
RouterOpts.base_cost_type: DELAY_NORMALIZED_LENGTH_BOUNDED
RouterOpts.fixed_channel_width: 500
RouterOpts.check_route: QUICK
RouterOpts.acc_fac: 0.700000
RouterOpts.bb_factor: 10
RouterOpts.bend_cost: 0.000000
RouterOpts.first_iter_pres_fac: 0.000000
RouterOpts.initial_pres_fac: 2.828000
RouterOpts.pres_fac_mult: 1.200000
RouterOpts.max_router_iterations: 500
RouterOpts.min_incremental_reroute_fanout: 16
RouterOpts.do_check_rr_graph: false
RouterOpts.verify_binary_search: false
RouterOpts.min_channel_width_hint: 0
RouterOpts.read_rr_edge_metadata: false
RouterOpts.exit_after_first_routing_iteration: false
RouterOpts.astar_fac: 1.800000
RouterOpts.router_profiler_astar_fac: 1.200000
RouterOpts.criticality_exp: 1.000000
RouterOpts.max_criticality: 0.990000
RouterOpts.init_wirelength_abort_threshold: 0.850000
RouterOpts.save_routing_per_iteration: false
RouterOpts.congested_routing_iteration_threshold_frac: 0.800000
RouterOpts.high_fanout_threshold: -1
RouterOpts.router_debug_net: -2
RouterOpts.router_debug_sink_rr: -2
RouterOpts.router_debug_iteration: -2
RouterOpts.max_convergence_count: 1
RouterOpts.reconvergence_cpd_threshold: 0.990000
RouterOpts.update_lower_bound_delays: true
RouterOpts.first_iteration_timing_report_file: 
RouterOpts.incr_reroute_delay_ripup: OFF
RouterOpts.route_bb_update: DYNAMIC
RouterOpts.lookahead_type: EXTENDED_MAP
RouterOpts.initial_timing: LOOKAHEAD
RouterOpts.router_heap: BUCKET_HEAP_APPROXIMATION
RouterOpts.routing_failure_predictor = OFF
RouterOpts.routing_budgets_algorithm = DISABLE

AnalysisOpts.gen_post_synthesis_netlist: false
AnalysisOpts.timing_report_npaths: 100
AnalysisOpts.timing_report_skew: false
AnalysisOpts.echo_dot_timing_graph_node: -1
AnalysisOpts.timing_report_detail: NETLIST
AnalysisOpts.post_synth_netlist_unconn_input_handling: UNCONNECTED
AnalysisOpts.post_synth_netlist_unconn_output_handling: UNCONNECTED

# Building complex block graph
# Building complex block graph took 0.11 seconds (max_rss 51.7 MiB, delta_rss +0.0 MiB)
Circuit file: zybo_top.eblif
# Load circuit
Found constant-zero generator '$abc$33822$auto$blifparse.cc:525:parse_blif$33823.T0'
Found constant-zero generator '$abc$33822$auto$blifparse.cc:525:parse_blif$33824.T1'
Found constant-zero generator '$abc$33822$auto$blifparse.cc:525:parse_blif$33825.T0'
Found constant-zero generator '$abc$33822$auto$blifparse.cc:525:parse_blif$33834.T1'
Found constant-zero generator '$abc$33822$auto$blifparse.cc:525:parse_blif$33911.T0'
Found constant-zero generator '$abc$33822$auto$blifparse.cc:525:parse_blif$33914.T0'
Found constant-zero generator '$abc$33822$auto$blifparse.cc:525:parse_blif$34008.T0'
Found constant-zero generator '$abc$33822$auto$blifparse.cc:525:parse_blif$34010.T0'
Found constant-zero generator '$abc$33822$auto$blifparse.cc:525:parse_blif$34016.T0'
Found constant-zero generator '$abc$33822$auto$blifparse.cc:525:parse_blif$34032.T1'
Found constant-zero generator '$abc$33822$auto$blifparse.cc:525:parse_blif$34048.T1'
Found constant-zero generator '$abc$33822$auto$blifparse.cc:525:parse_blif$34050.T0'
Found constant-zero generator '$abc$33822$auto$blifparse.cc:525:parse_blif$34052.T0'
Found constant-zero generator '$abc$33822$auto$blifparse.cc:525:parse_blif$34075.T0'
Found constant-zero generator '$abc$33822$auto$blifparse.cc:525:parse_blif$34101.T1'
Found constant-zero generator '$abc$33822$auto$blifparse.cc:525:parse_blif$34108.T1'
Found constant-zero generator '$abc$33822$auto$blifparse.cc:525:parse_blif$34114.T0'
Found constant-zero generator '$abc$33822$auto$blifparse.cc:525:parse_blif$34145.T0'
Found constant-zero generator '$abc$33822$auto$blifparse.cc:525:parse_blif$34149.T0'
Found constant-zero generator '$abc$33822$auto$blifparse.cc:525:parse_blif$34151.T0'
Found constant-zero generator '$abc$33822$auto$blifparse.cc:525:parse_blif$34157.T0'
Found constant-zero generator '$abc$33822$auto$blifparse.cc:525:parse_blif$34159.T0'
Found constant-zero generator '$abc$33822$auto$blifparse.cc:525:parse_blif$34161.T0'
Found constant-zero generator '$abc$33822$auto$blifparse.cc:525:parse_blif$34163.T0'
Found constant-zero generator '$abc$33822$auto$blifparse.cc:525:parse_blif$34164.T0'
Found constant-zero generator '$abc$33822$auto$blifparse.cc:525:parse_blif$34166.T0'
Found constant-zero generator '$abc$33822$auto$blifparse.cc:525:parse_blif$34167.T0'
Found constant-zero generator '$abc$33822$auto$blifparse.cc:525:parse_blif$34172.T0'
Found constant-zero generator '$abc$33822$auto$blifparse.cc:525:parse_blif$34173.T0'
Found constant-zero generator '$abc$33822$auto$blifparse.cc:525:parse_blif$34174.T1'
Found constant-zero generator '$abc$33822$auto$blifparse.cc:525:parse_blif$34178.T0'
Found constant-zero generator '$abc$33822$auto$blifparse.cc:525:parse_blif$34180.T0'
Found constant-zero generator '$abc$33822$auto$blifparse.cc:525:parse_blif$34181.T0'
Found constant-zero generator '$abc$33822$auto$blifparse.cc:525:parse_blif$34182.T0'
Found constant-zero generator '$abc$33822$auto$blifparse.cc:525:parse_blif$34184.T0'
Found constant-zero generator '$abc$33822$auto$blifparse.cc:525:parse_blif$34185.T0'
Found constant-zero generator '$abc$33822$auto$blifparse.cc:525:parse_blif$34187.T0'
Found constant-zero generator '$abc$33822$auto$blifparse.cc:525:parse_blif$34188.T0'
Found constant-zero generator '$abc$33822$auto$blifparse.cc:525:parse_blif$34190.T0'
Found constant-zero generator '$abc$33822$auto$blifparse.cc:525:parse_blif$34192.T0'
Found constant-zero generator '$abc$33822$auto$blifparse.cc:525:parse_blif$34193.T0'
Found constant-zero generator '$abc$33822$auto$blifparse.cc:525:parse_blif$34194.T0'
Found constant-zero generator '$abc$33822$auto$blifparse.cc:525:parse_blif$34195.T1'
Found constant-zero generator '$abc$33822$auto$blifparse.cc:525:parse_blif$34198.T0'
Found constant-zero generator '$abc$33822$auto$blifparse.cc:525:parse_blif$34200.T0'
Found constant-zero generator '$abc$33822$auto$blifparse.cc:525:parse_blif$34201.T0'
Found constant-zero generator '$abc$33822$auto$blifparse.cc:525:parse_blif$34202.T1'
Found constant-zero generator '$abc$33822$auto$blifparse.cc:525:parse_blif$34205.T0'
Found constant-zero generator '$abc$33822$auto$blifparse.cc:525:parse_blif$34207.T0'
Found constant-zero generator '$abc$33822$auto$blifparse.cc:525:parse_blif$34208.T0'
Found constant-zero generator '$abc$33822$auto$blifparse.cc:525:parse_blif$34210.T0'
Found constant-zero generator '$abc$33822$auto$blifparse.cc:525:parse_blif$34212.T0'
Found constant-zero generator '$abc$33822$auto$blifparse.cc:525:parse_blif$34218.T0'
Found constant-zero generator '$abc$33822$auto$blifparse.cc:525:parse_blif$34221.T0'
Found constant-zero generator '$abc$33822$auto$blifparse.cc:525:parse_blif$34222.T0'
Found constant-zero generator '$abc$33822$auto$blifparse.cc:525:parse_blif$34224.T0'
Found constant-zero generator '$abc$33822$auto$blifparse.cc:525:parse_blif$34226.T0'
Found constant-zero generator '$abc$33822$auto$blifparse.cc:525:parse_blif$34227.T0'
Found constant-zero generator '$abc$33822$auto$blifparse.cc:525:parse_blif$34228.T0'
Found constant-zero generator '$abc$33822$auto$blifparse.cc:525:parse_blif$34229.T0'
Found constant-zero generator '$abc$33822$auto$blifparse.cc:525:parse_blif$34231.T0'
Found constant-zero generator '$abc$33822$auto$blifparse.cc:525:parse_blif$34232.T0'
Found constant-zero generator '$abc$33822$auto$blifparse.cc:525:parse_blif$34233.T0'
Found constant-zero generator '$abc$33822$auto$blifparse.cc:525:parse_blif$34235.T0'
Found constant-zero generator '$abc$33822$auto$blifparse.cc:525:parse_blif$34236.T0'
Found constant-zero generator '$abc$33822$auto$blifparse.cc:525:parse_blif$34237.T0'
Found constant-zero generator '$abc$33822$auto$blifparse.cc:525:parse_blif$34238.T0'
Found constant-zero generator '$abc$33822$auto$blifparse.cc:525:parse_blif$34239.T1'
Found constant-zero generator '$abc$33822$auto$blifparse.cc:525:parse_blif$34241.T0'
Found constant-zero generator '$abc$33822$auto$blifparse.cc:525:parse_blif$34243.T0'
Found constant-zero generator '$abc$33822$auto$blifparse.cc:525:parse_blif$34244.T0'
Found constant-zero generator '$abc$33822$auto$blifparse.cc:525:parse_blif$34245.T0'
Found constant-zero generator '$abc$33822$auto$blifparse.cc:525:parse_blif$34246.T1'
Found constant-zero generator '$abc$33822$auto$blifparse.cc:525:parse_blif$34248.T0'
Found constant-zero generator '$abc$33822$auto$blifparse.cc:525:parse_blif$34250.T0'
Found constant-zero generator '$abc$33822$auto$blifparse.cc:525:parse_blif$34251.T0'
Found constant-zero generator '$abc$33822$auto$blifparse.cc:525:parse_blif$34252.T0'
Found constant-zero generator '$abc$33822$auto$blifparse.cc:525:parse_blif$34253.T1'
Found constant-zero generator '$abc$33822$auto$blifparse.cc:525:parse_blif$34255.T0'
Found constant-zero generator '$abc$33822$auto$blifparse.cc:525:parse_blif$34257.T0'
Found constant-zero generator '$abc$33822$auto$blifparse.cc:525:parse_blif$34258.T0'
Found constant-zero generator '$abc$33822$auto$blifparse.cc:525:parse_blif$34259.T0'
Found constant-zero generator '$abc$33822$auto$blifparse.cc:525:parse_blif$34260.T1'
Found constant-zero generator '$abc$33822$auto$blifparse.cc:525:parse_blif$34262.T0'
Found constant-zero generator '$abc$33822$auto$blifparse.cc:525:parse_blif$34264.T0'
Found constant-zero generator '$abc$33822$auto$blifparse.cc:525:parse_blif$34265.T0'
Found constant-zero generator '$abc$33822$auto$blifparse.cc:525:parse_blif$34266.T0'
Found constant-zero generator '$abc$33822$auto$blifparse.cc:525:parse_blif$34268.T0'
Found constant-zero generator '$abc$33822$auto$blifparse.cc:525:parse_blif$34274.T1'
Found constant-zero generator '$abc$33822$auto$blifparse.cc:525:parse_blif$34277.T0'
Found constant-zero generator '$abc$33822$auto$blifparse.cc:525:parse_blif$34282.T1'
Found constant-zero generator '$abc$33822$auto$blifparse.cc:525:parse_blif$34285.T1'
Found constant-zero generator '$abc$33822$auto$blifparse.cc:525:parse_blif$34289.T1'
Found constant-zero generator '$abc$33822$auto$blifparse.cc:525:parse_blif$34292.T1'
Found constant-zero generator '$abc$33822$auto$blifparse.cc:525:parse_blif$34295.T0'
Found constant-zero generator '$abc$33822$auto$blifparse.cc:525:parse_blif$34298.T1'
Found constant-zero generator '$abc$33822$auto$blifparse.cc:525:parse_blif$34301.T1'
Found constant-zero generator '$abc$33822$auto$blifparse.cc:525:parse_blif$34310.T1'
Found constant-zero generator '$abc$33822$auto$blifparse.cc:525:parse_blif$34313.T1'
Found constant-zero generator '$abc$33822$auto$blifparse.cc:525:parse_blif$34316.T0'
Found constant-zero generator '$abc$33822$auto$blifparse.cc:525:parse_blif$34321.T1'
Found constant-zero generator '$abc$33822$auto$blifparse.cc:525:parse_blif$34324.T1'
Found constant-zero generator '$abc$33822$auto$blifparse.cc:525:parse_blif$34327.T0'
Found constant-zero generator '$abc$33822$auto$blifparse.cc:525:parse_blif$34333.T0'
Found constant-zero generator '$abc$33822$auto$blifparse.cc:525:parse_blif$34338.T0'
Found constant-zero generator '$abc$33822$auto$blifparse.cc:525:parse_blif$34341.T1'
Found constant-zero generator '$abc$33822$auto$blifparse.cc:525:parse_blif$34344.T1'
Found constant-zero generator '$abc$33822$auto$blifparse.cc:525:parse_blif$34347.T1'
Found constant-zero generator '$abc$33822$auto$blifparse.cc:525:parse_blif$34350.T1'
Found constant-zero generator '$abc$33822$auto$blifparse.cc:525:parse_blif$34355.T1'
Found constant-zero generator '$abc$33822$auto$blifparse.cc:525:parse_blif$34358.T1'
Found constant-zero generator '$abc$33822$auto$blifparse.cc:525:parse_blif$34361.T0'
Found constant-zero generator '$abc$33822$auto$blifparse.cc:525:parse_blif$34364.T0'
Found constant-zero generator '$abc$33822$auto$blifparse.cc:525:parse_blif$34369.T1'
Found constant-zero generator '$abc$33822$auto$blifparse.cc:525:parse_blif$34372.T1'
Found constant-zero generator '$abc$33822$auto$blifparse.cc:525:parse_blif$34376.T0'
Found constant-zero generator '$abc$33822$auto$blifparse.cc:525:parse_blif$34381.T0'
Found constant-zero generator '$abc$33822$auto$blifparse.cc:525:parse_blif$34384.T1'
Found constant-zero generator '$abc$33822$auto$blifparse.cc:525:parse_blif$34387.T1'
Found constant-zero generator '$abc$33822$auto$blifparse.cc:525:parse_blif$34390.T1'
Found constant-zero generator '$abc$33822$auto$blifparse.cc:525:parse_blif$34393.T1'
Found constant-zero generator '$abc$33822$auto$blifparse.cc:525:parse_blif$34397.T1'
Found constant-zero generator '$abc$33822$auto$blifparse.cc:525:parse_blif$34400.T1'
Found constant-zero generator '$abc$33822$auto$blifparse.cc:525:parse_blif$34403.T0'
Found constant-zero generator '$abc$33822$auto$blifparse.cc:525:parse_blif$34406.T0'
Found constant-zero generator '$abc$33822$auto$blifparse.cc:525:parse_blif$34411.T1'
Found constant-zero generator '$abc$33822$auto$blifparse.cc:525:parse_blif$34414.T1'
Found constant-zero generator '$abc$33822$auto$blifparse.cc:525:parse_blif$34418.T1'
Found constant-zero generator '$abc$33822$auto$blifparse.cc:525:parse_blif$34421.T1'
Found constant-zero generator '$abc$33822$auto$blifparse.cc:525:parse_blif$34424.T0'
Found constant-zero generator '$abc$33822$auto$blifparse.cc:525:parse_blif$34427.T1'
Found constant-zero generator '$abc$33822$auto$blifparse.cc:525:parse_blif$34430.T1'
Found constant-zero generator '$abc$33822$auto$blifparse.cc:525:parse_blif$34433.T0'
Found constant-zero generator '$abc$33822$auto$blifparse.cc:525:parse_blif$34439.T0'
Found constant-zero generator '$abc$33822$auto$blifparse.cc:525:parse_blif$34444.T0'
Found constant-zero generator '$abc$33822$auto$blifparse.cc:525:parse_blif$34447.T1'
Found constant-zero generator '$abc$33822$auto$blifparse.cc:525:parse_blif$34450.T1'
Found constant-zero generator '$abc$33822$auto$blifparse.cc:525:parse_blif$34453.T1'
Found constant-zero generator '$abc$33822$auto$blifparse.cc:525:parse_blif$34456.T1'
Found constant-zero generator '$abc$33822$auto$blifparse.cc:525:parse_blif$34460.T1'
Found constant-zero generator '$abc$33822$auto$blifparse.cc:525:parse_blif$34463.T1'
Found constant-zero generator '$abc$33822$auto$blifparse.cc:525:parse_blif$34466.T0'
Found constant-zero generator '$abc$33822$auto$blifparse.cc:525:parse_blif$34469.T1'
Found constant-zero generator '$abc$33822$auto$blifparse.cc:525:parse_blif$34472.T1'
Found constant-zero generator '$abc$33822$auto$blifparse.cc:525:parse_blif$34475.T0'
Found constant-zero generator '$abc$33822$auto$blifparse.cc:525:parse_blif$34482.T1'
Found constant-zero generator '$abc$33822$auto$blifparse.cc:525:parse_blif$34485.T1'
Found constant-zero generator '$abc$33822$auto$blifparse.cc:525:parse_blif$34488.T0'
Found constant-zero generator '$abc$33822$auto$blifparse.cc:525:parse_blif$34491.T0'
Found constant-zero generator '$abc$33822$auto$blifparse.cc:525:parse_blif$34496.T1'
Found constant-zero generator '$abc$33822$auto$blifparse.cc:525:parse_blif$34499.T1'
Found constant-zero generator '$abc$33822$auto$blifparse.cc:525:parse_blif$34503.T1'
Found constant-zero generator '$abc$33822$auto$blifparse.cc:525:parse_blif$34506.T1'
Found constant-zero generator '$abc$33822$auto$blifparse.cc:525:parse_blif$34509.T0'
Found constant-zero generator '$abc$33822$auto$blifparse.cc:525:parse_blif$34512.T0'
Found constant-zero generator '$abc$33822$auto$blifparse.cc:525:parse_blif$34517.T1'
Found constant-zero generator '$abc$33822$auto$blifparse.cc:525:parse_blif$34520.T1'
Found constant-zero generator '$abc$33822$auto$blifparse.cc:525:parse_blif$34524.T0'
Found constant-zero generator '$abc$33822$auto$blifparse.cc:525:parse_blif$34530.T1'
Found constant-zero generator '$abc$33822$auto$blifparse.cc:525:parse_blif$34533.T1'
Found constant-zero generator '$abc$33822$auto$blifparse.cc:525:parse_blif$34536.T1'
Found constant-zero generator '$abc$33822$auto$blifparse.cc:525:parse_blif$34539.T0'
Found constant-zero generator '$abc$33822$auto$blifparse.cc:525:parse_blif$34545.T1'
Found constant-zero generator '$abc$33822$auto$blifparse.cc:525:parse_blif$34548.T1'
Found constant-zero generator '$abc$33822$auto$blifparse.cc:525:parse_blif$34551.T0'
Found constant-zero generator '$abc$33822$auto$blifparse.cc:525:parse_blif$34554.T1'
Found constant-zero generator '$abc$33822$auto$blifparse.cc:525:parse_blif$34557.T1'
Found constant-zero generator '$abc$33822$auto$blifparse.cc:525:parse_blif$34560.T0'
Found constant-zero generator '$abc$33822$auto$blifparse.cc:525:parse_blif$34566.T0'
Found constant-zero generator '$abc$33822$auto$blifparse.cc:525:parse_blif$34572.T1'
Found constant-zero generator '$abc$33822$auto$blifparse.cc:525:parse_blif$34575.T1'
Found constant-zero generator '$abc$33822$auto$blifparse.cc:525:parse_blif$34578.T1'
Found constant-zero generator '$abc$33822$auto$blifparse.cc:525:parse_blif$34581.T0'
Found constant-zero generator '$abc$33822$auto$blifparse.cc:525:parse_blif$34587.T0'
Found constant-zero generator '$abc$33822$auto$blifparse.cc:525:parse_blif$34592.T0'
Found constant-zero generator '$abc$33822$auto$blifparse.cc:525:parse_blif$34595.T1'
Found constant-zero generator '$abc$33822$auto$blifparse.cc:525:parse_blif$34598.T1'
Found constant-zero generator '$abc$33822$auto$blifparse.cc:525:parse_blif$34601.T1'
Found constant-zero generator '$abc$33822$auto$blifparse.cc:525:parse_blif$34604.T1'
Found constant-zero generator '$abc$33822$auto$blifparse.cc:525:parse_blif$34610.T0'
Found constant-zero generator '$abc$33822$auto$blifparse.cc:525:parse_blif$34616.T1'
Found constant-zero generator '$abc$33822$auto$blifparse.cc:525:parse_blif$34619.T1'
Found constant-zero generator '$abc$33822$auto$blifparse.cc:525:parse_blif$34622.T1'
Found constant-zero generator '$abc$33822$auto$blifparse.cc:525:parse_blif$34625.T0'
Found constant-zero generator '$abc$33822$auto$blifparse.cc:525:parse_blif$34631.T1'
Found constant-zero generator '$abc$33822$auto$blifparse.cc:525:parse_blif$34634.T1'
Found constant-zero generator '$abc$33822$auto$blifparse.cc:525:parse_blif$34637.T0'
Found constant-zero generator '$abc$33822$auto$blifparse.cc:525:parse_blif$34640.T0'
Found constant-zero generator '$abc$33822$auto$blifparse.cc:525:parse_blif$34645.T1'
Found constant-zero generator '$abc$33822$auto$blifparse.cc:525:parse_blif$34648.T1'
Found constant-zero generator '$abc$33822$auto$blifparse.cc:525:parse_blif$34652.T1'
Found constant-zero generator '$abc$33822$auto$blifparse.cc:525:parse_blif$34655.T1'
Found constant-zero generator '$abc$33822$auto$blifparse.cc:525:parse_blif$34658.T0'
Found constant-zero generator '$abc$33822$auto$blifparse.cc:525:parse_blif$34661.T1'
Found constant-zero generator '$abc$33822$auto$blifparse.cc:525:parse_blif$34664.T1'
Found constant-zero generator '$abc$33822$auto$blifparse.cc:525:parse_blif$34667.T0'
Found constant-zero generator '$abc$33822$auto$blifparse.cc:525:parse_blif$34673.T1'
Found constant-zero generator '$abc$33822$auto$blifparse.cc:525:parse_blif$34676.T1'
Found constant-zero generator '$abc$33822$auto$blifparse.cc:525:parse_blif$34679.T0'
Found constant-zero generator '$abc$33822$auto$blifparse.cc:525:parse_blif$34682.T1'
Found constant-zero generator '$abc$33822$auto$blifparse.cc:525:parse_blif$34685.T1'
Found constant-zero generator '$abc$33822$auto$blifparse.cc:525:parse_blif$34688.T0'
Found constant-zero generator '$abc$33822$auto$blifparse.cc:525:parse_blif$34694.T1'
Found constant-zero generator '$abc$33822$auto$blifparse.cc:525:parse_blif$34697.T1'
Found constant-zero generator '$abc$33822$auto$blifparse.cc:525:parse_blif$34701.T1'
Found constant-zero generator '$abc$33822$auto$blifparse.cc:525:parse_blif$34704.T0'
Found constant-zero generator '$abc$33822$auto$blifparse.cc:525:parse_blif$34709.T0'
Found constant-zero generator '$abc$33822$auto$blifparse.cc:525:parse_blif$34715.T0'
Found constant-zero generator '$abc$33822$auto$blifparse.cc:525:parse_blif$34720.T0'
Found constant-zero generator '$abc$33822$auto$blifparse.cc:525:parse_blif$34723.T1'
Found constant-zero generator '$abc$33822$auto$blifparse.cc:525:parse_blif$34726.T1'
Found constant-zero generator '$abc$33822$auto$blifparse.cc:525:parse_blif$34729.T1'
Found constant-zero generator '$abc$33822$auto$blifparse.cc:525:parse_blif$34732.T1'
Found constant-zero generator '$abc$33822$auto$blifparse.cc:525:parse_blif$34737.T1'
Found constant-zero generator '$abc$33822$auto$blifparse.cc:525:parse_blif$34740.T1'
Found constant-zero generator '$abc$33822$auto$blifparse.cc:525:parse_blif$34743.T0'
Found constant-zero generator '$abc$33822$auto$blifparse.cc:525:parse_blif$34746.T0'
Found constant-zero generator '$abc$33822$auto$blifparse.cc:525:parse_blif$34751.T1'
Found constant-zero generator '$abc$33822$auto$blifparse.cc:525:parse_blif$34754.T1'
Found constant-zero generator '$abc$33822$auto$blifparse.cc:525:parse_blif$34758.T1'
Found constant-zero generator '$abc$33822$auto$blifparse.cc:525:parse_blif$34761.T1'
Found constant-zero generator '$abc$33822$auto$blifparse.cc:525:parse_blif$34764.T0'
Found constant-zero generator '$abc$33822$auto$blifparse.cc:525:parse_blif$34767.T1'
Found constant-zero generator '$abc$33822$auto$blifparse.cc:525:parse_blif$34770.T1'
Found constant-zero generator '$abc$33822$auto$blifparse.cc:525:parse_blif$34779.T0'
Found constant-zero generator '$abc$33822$auto$blifparse.cc:525:parse_blif$34784.T0'
Found constant-zero generator '$abc$33822$auto$blifparse.cc:525:parse_blif$34787.T1'
Found constant-zero generator '$abc$33822$auto$blifparse.cc:525:parse_blif$34790.T1'
Found constant-zero generator '$abc$33822$auto$blifparse.cc:525:parse_blif$34793.T1'
Found constant-zero generator '$abc$33822$auto$blifparse.cc:525:parse_blif$34796.T1'
Found constant-zero generator '$abc$33822$auto$blifparse.cc:525:parse_blif$34800.T1'
Found constant-zero generator '$abc$33822$auto$blifparse.cc:525:parse_blif$34803.T1'
Found constant-zero generator '$abc$33822$auto$blifparse.cc:525:parse_blif$34806.T0'
Found constant-zero generator '$abc$33822$auto$blifparse.cc:525:parse_blif$34809.T1'
Found constant-zero generator '$abc$33822$auto$blifparse.cc:525:parse_blif$34812.T1'
Found constant-zero generator '$abc$33822$auto$blifparse.cc:525:parse_blif$34821.T1'
Found constant-zero generator '$abc$33822$auto$blifparse.cc:525:parse_blif$34824.T1'
Found constant-zero generator '$abc$33822$auto$blifparse.cc:525:parse_blif$34827.T0'
Found constant-zero generator '$abc$33822$auto$blifparse.cc:525:parse_blif$34830.T0'
Found constant-zero generator '$abc$33822$auto$blifparse.cc:525:parse_blif$34835.T1'
Found constant-zero generator '$abc$33822$auto$blifparse.cc:525:parse_blif$34838.T1'
Found constant-zero generator '$abc$33822$auto$blifparse.cc:525:parse_blif$34842.T0'
Found constant-zero generator '$abc$33822$auto$blifparse.cc:525:parse_blif$34847.T0'
Found constant-zero generator '$abc$33822$auto$blifparse.cc:525:parse_blif$34850.T1'
Found constant-zero generator '$abc$33822$auto$blifparse.cc:525:parse_blif$34853.T1'
Found constant-zero generator '$abc$33822$auto$blifparse.cc:525:parse_blif$34856.T1'
Found constant-zero generator '$abc$33822$auto$blifparse.cc:525:parse_blif$34859.T1'
Found constant-zero generator '$abc$33822$auto$blifparse.cc:525:parse_blif$34864.T1'
Found constant-zero generator '$abc$33822$auto$blifparse.cc:525:parse_blif$34867.T1'
Found constant-zero generator '$abc$33822$auto$blifparse.cc:525:parse_blif$34870.T0'
Found constant-zero generator '$abc$33822$auto$blifparse.cc:525:parse_blif$34873.T0'
Found constant-zero generator '$abc$33822$auto$blifparse.cc:525:parse_blif$34878.T1'
Found constant-zero generator '$abc$33822$auto$blifparse.cc:525:parse_blif$34881.T1'
Found constant-zero generator '$abc$33822$auto$blifparse.cc:525:parse_blif$34885.T1'
Found constant-zero generator '$abc$33822$auto$blifparse.cc:525:parse_blif$34888.T1'
Found constant-zero generator '$abc$33822$auto$blifparse.cc:525:parse_blif$34891.T0'
Found constant-zero generator '$abc$33822$auto$blifparse.cc:525:parse_blif$34894.T1'
Found constant-zero generator '$abc$33822$auto$blifparse.cc:525:parse_blif$34897.T1'
Found constant-zero generator '$abc$33822$auto$blifparse.cc:525:parse_blif$34906.T1'
Found constant-zero generator '$abc$33822$auto$blifparse.cc:525:parse_blif$34909.T1'
Found constant-zero generator '$abc$33822$auto$blifparse.cc:525:parse_blif$34916.T0'
Found constant-zero generator '$abc$33822$auto$blifparse.cc:525:parse_blif$34921.T1'
Found constant-zero generator '$abc$33822$auto$blifparse.cc:525:parse_blif$34924.T1'
Found constant-zero generator '$abc$33822$auto$blifparse.cc:525:parse_blif$34933.T0'
Found constant-zero generator '$abc$33822$auto$blifparse.cc:525:parse_blif$34936.T1'
Found constant-zero generator '$abc$33822$auto$blifparse.cc:525:parse_blif$34939.T1'
Found constant-zero generator '$abc$33822$auto$blifparse.cc:525:parse_blif$34942.T1'
Found constant-zero generator '$abc$33822$auto$blifparse.cc:525:parse_blif$34945.T1'
Found constant-zero generator '$abc$33822$auto$blifparse.cc:525:parse_blif$34949.T1'
Found constant-zero generator '$abc$33822$auto$blifparse.cc:525:parse_blif$34952.T1'
Found constant-zero generator '$abc$33822$auto$blifparse.cc:525:parse_blif$34955.T1'
Found constant-zero generator '$abc$33822$auto$blifparse.cc:525:parse_blif$34958.T0'
Found constant-zero generator '$abc$33822$auto$blifparse.cc:525:parse_blif$34963.T0'
Found constant-zero generator '$abc$33822$auto$blifparse.cc:525:parse_blif$34970.T0'
Found constant-zero generator '$abc$33822$auto$blifparse.cc:525:parse_blif$34975.T0'
Found constant-zero generator '$abc$33822$auto$blifparse.cc:525:parse_blif$34978.T1'
Found constant-zero generator '$abc$33822$auto$blifparse.cc:525:parse_blif$34981.T1'
Found constant-zero generator '$abc$33822$auto$blifparse.cc:525:parse_blif$34984.T1'
Found constant-zero generator '$abc$33822$auto$blifparse.cc:525:parse_blif$34987.T1'
Found constant-zero generator '$abc$33822$auto$blifparse.cc:525:parse_blif$34992.T0'
Found constant-zero generator '$abc$33822$auto$blifparse.cc:525:parse_blif$34997.T0'
Found constant-zero generator '$abc$33822$auto$blifparse.cc:525:parse_blif$35000.T1'
Found constant-zero generator '$abc$33822$auto$blifparse.cc:525:parse_blif$35003.T1'
Found constant-zero generator '$abc$33822$auto$blifparse.cc:525:parse_blif$35006.T1'
Found constant-zero generator '$abc$33822$auto$blifparse.cc:525:parse_blif$35009.T1'
Found constant-zero generator '$abc$33822$auto$blifparse.cc:525:parse_blif$35013.T1'
Found constant-zero generator '$abc$33822$auto$blifparse.cc:525:parse_blif$35016.T1'
Found constant-zero generator '$abc$33822$auto$blifparse.cc:525:parse_blif$35019.T0'
Found constant-zero generator '$abc$33822$auto$blifparse.cc:525:parse_blif$35022.T0'
Found constant-zero generator '$abc$33822$auto$blifparse.cc:525:parse_blif$35027.T1'
Found constant-zero generator '$abc$33822$auto$blifparse.cc:525:parse_blif$35030.T1'
Found constant-zero generator '$abc$33822$auto$blifparse.cc:525:parse_blif$35034.T1'
Found constant-zero generator '$abc$33822$auto$blifparse.cc:525:parse_blif$35037.T1'
Found constant-zero generator '$abc$33822$auto$blifparse.cc:525:parse_blif$35040.T0'
Found constant-zero generator '$abc$33822$auto$blifparse.cc:525:parse_blif$35043.T1'
Found constant-zero generator '$abc$33822$auto$blifparse.cc:525:parse_blif$35046.T1'
Found constant-zero generator '$abc$33822$auto$blifparse.cc:525:parse_blif$35049.T0'
Found constant-zero generator '$abc$33822$auto$blifparse.cc:525:parse_blif$35055.T1'
Found constant-zero generator '$abc$33822$auto$blifparse.cc:525:parse_blif$35058.T1'
Found constant-zero generator '$abc$33822$auto$blifparse.cc:525:parse_blif$35061.T0'
Found constant-zero generator '$abc$33822$auto$blifparse.cc:525:parse_blif$35064.T1'
Found constant-zero generator '$abc$33822$auto$blifparse.cc:525:parse_blif$35067.T1'
Found constant-zero generator '$abc$33822$auto$blifparse.cc:525:parse_blif$35076.T1'
Found constant-zero generator '$abc$33822$auto$blifparse.cc:525:parse_blif$35079.T1'
Found constant-zero generator '$abc$33822$auto$blifparse.cc:525:parse_blif$35082.T0'
Found constant-zero generator '$abc$33822$auto$blifparse.cc:525:parse_blif$35085.T0'
Found constant-zero generator '$abc$33822$auto$blifparse.cc:525:parse_blif$35090.T1'
Found constant-zero generator '$abc$33822$auto$blifparse.cc:525:parse_blif$35093.T1'
Found constant-zero generator '$abc$33822$auto$blifparse.cc:525:parse_blif$35097.T1'
Found constant-zero generator '$abc$33822$auto$blifparse.cc:525:parse_blif$35100.T1'
Found constant-zero generator '$abc$33822$auto$blifparse.cc:525:parse_blif$35103.T0'
Found constant-zero generator '$abc$33822$auto$blifparse.cc:525:parse_blif$35106.T1'
Found constant-zero generator '$abc$33822$auto$blifparse.cc:525:parse_blif$35109.T1'
Found constant-zero generator '$abc$33822$auto$blifparse.cc:525:parse_blif$35120.T1'
Found constant-zero generator '$abc$33822$auto$blifparse.cc:525:parse_blif$35123.T1'
Found constant-zero generator '$abc$33822$auto$blifparse.cc:525:parse_blif$35126.T0'
Found constant-zero generator '$abc$33822$auto$blifparse.cc:525:parse_blif$35129.T1'
Found constant-zero generator '$abc$33822$auto$blifparse.cc:525:parse_blif$35132.T1'
Found constant-zero generator '$abc$33822$auto$blifparse.cc:525:parse_blif$35135.T0'
Found constant-zero generator '$abc$33822$auto$blifparse.cc:525:parse_blif$35141.T1'
Found constant-zero generator '$abc$33822$auto$blifparse.cc:525:parse_blif$35144.T1'
Found constant-zero generator '$abc$33822$auto$blifparse.cc:525:parse_blif$35147.T0'
Found constant-zero generator '$abc$33822$auto$blifparse.cc:525:parse_blif$35150.T0'
Found constant-zero generator '$abc$33822$auto$blifparse.cc:525:parse_blif$35155.T1'
Found constant-zero generator '$abc$33822$auto$blifparse.cc:525:parse_blif$35158.T1'
Found constant-zero generator '$abc$33822$auto$blifparse.cc:525:parse_blif$35162.T1'
Found constant-zero generator '$abc$33822$auto$blifparse.cc:525:parse_blif$35165.T1'
Found constant-zero generator '$abc$33822$auto$blifparse.cc:525:parse_blif$35169.T1'
Found constant-zero generator '$abc$33822$auto$blifparse.cc:525:parse_blif$35172.T0'
Found constant-zero generator '$abc$33822$auto$blifparse.cc:525:parse_blif$35177.T0'
Found constant-zero generator '$abc$33822$auto$blifparse.cc:525:parse_blif$35183.T1'
Found constant-zero generator '$abc$33822$auto$blifparse.cc:525:parse_blif$35186.T1'
Found constant-zero generator '$abc$33822$auto$blifparse.cc:525:parse_blif$35189.T0'
Found constant-zero generator '$abc$33822$auto$blifparse.cc:525:parse_blif$35192.T0'
Found constant-zero generator '$abc$33822$auto$blifparse.cc:525:parse_blif$35197.T1'
Found constant-zero generator '$abc$33822$auto$blifparse.cc:525:parse_blif$35200.T1'
Found constant-zero generator '$abc$33822$auto$blifparse.cc:525:parse_blif$35204.T0'
Found constant-zero generator '$abc$33822$auto$blifparse.cc:525:parse_blif$35209.T0'
Found constant-zero generator '$abc$33822$auto$blifparse.cc:525:parse_blif$35214.T1'
Found constant-zero generator '$abc$33822$auto$blifparse.cc:525:parse_blif$35217.T1'
Found constant-zero generator '$abc$33822$auto$blifparse.cc:525:parse_blif$35220.T1'
Found constant-zero generator '$abc$33822$auto$blifparse.cc:525:parse_blif$35223.T1'
Found constant-zero generator '$abc$33822$auto$blifparse.cc:525:parse_blif$35227.T1'
Found constant-zero generator '$abc$33822$auto$blifparse.cc:525:parse_blif$35230.T1'
Found constant-zero generator '$abc$33822$auto$blifparse.cc:525:parse_blif$35233.T0'
Found constant-zero generator '$abc$33822$auto$blifparse.cc:525:parse_blif$35236.T1'
Found constant-zero generator '$abc$33822$auto$blifparse.cc:525:parse_blif$35239.T1'
Found constant-zero generator '$abc$33822$auto$blifparse.cc:525:parse_blif$35249.T0'
Found constant-zero generator '$abc$33822$auto$blifparse.cc:525:parse_blif$35255.T1'
Found constant-zero generator '$abc$33822$auto$blifparse.cc:525:parse_blif$35258.T1'
Found constant-zero generator '$abc$33822$auto$blifparse.cc:525:parse_blif$35261.T1'
Found constant-zero generator '$abc$33822$auto$blifparse.cc:525:parse_blif$35264.T0'
Found constant-zero generator '$abc$33822$auto$blifparse.cc:525:parse_blif$35270.T1'
Found constant-zero generator '$abc$33822$auto$blifparse.cc:525:parse_blif$35273.T1'
Found constant-zero generator '$abc$33822$auto$blifparse.cc:525:parse_blif$35276.T0'
Found constant-zero generator '$abc$33822$auto$blifparse.cc:525:parse_blif$35279.T1'
Found constant-zero generator '$abc$33822$auto$blifparse.cc:525:parse_blif$35282.T1'
Found constant-zero generator '$abc$33822$auto$blifparse.cc:525:parse_blif$35285.T0'
Found constant-zero generator '$abc$33822$auto$blifparse.cc:525:parse_blif$35291.T1'
Found constant-zero generator '$abc$33822$auto$blifparse.cc:525:parse_blif$35294.T1'
Found constant-zero generator '$abc$33822$auto$blifparse.cc:525:parse_blif$35297.T1'
Found constant-zero generator '$abc$33822$auto$blifparse.cc:525:parse_blif$35300.T0'
Found constant-zero generator '$abc$33822$auto$blifparse.cc:525:parse_blif$35305.T0'
Found constant-zero generator '$abc$33822$auto$blifparse.cc:525:parse_blif$35312.T1'
Found constant-zero generator '$abc$33822$auto$blifparse.cc:525:parse_blif$35315.T1'
Found constant-zero generator '$abc$33822$auto$blifparse.cc:525:parse_blif$35318.T0'
Found constant-zero generator '$abc$33822$auto$blifparse.cc:525:parse_blif$35321.T0'
Found constant-zero generator '$abc$33822$auto$blifparse.cc:525:parse_blif$35326.T1'
Found constant-zero generator '$abc$33822$auto$blifparse.cc:525:parse_blif$35329.T1'
Found constant-zero generator '$abc$33822$auto$blifparse.cc:525:parse_blif$35334.T0'
Found constant-zero generator '$abc$33822$auto$blifparse.cc:525:parse_blif$35339.T0'
Found constant-zero generator '$abc$33822$auto$blifparse.cc:525:parse_blif$35344.T1'
Found constant-zero generator '$abc$33822$auto$blifparse.cc:525:parse_blif$35347.T1'
Found constant-zero generator '$abc$33822$auto$blifparse.cc:525:parse_blif$35350.T1'
Found constant-zero generator '$abc$33822$auto$blifparse.cc:525:parse_blif$35353.T1'
Found constant-zero generator '$abc$33822$auto$blifparse.cc:525:parse_blif$35357.T1'
Found constant-zero generator '$abc$33822$auto$blifparse.cc:525:parse_blif$35360.T1'
Found constant-zero generator '$abc$33822$auto$blifparse.cc:525:parse_blif$35363.T1'
Found constant-zero generator '$abc$33822$auto$blifparse.cc:525:parse_blif$35366.T0'
Found constant-zero generator '$abc$33822$auto$blifparse.cc:525:parse_blif$35371.T0'
Found constant-zero generator '$abc$33822$auto$blifparse.cc:525:parse_blif$35378.T1'
Found constant-zero generator '$abc$33822$auto$blifparse.cc:525:parse_blif$35381.T1'
Found constant-zero generator '$abc$33822$auto$blifparse.cc:525:parse_blif$35385.T1'
Found constant-zero generator '$abc$33822$auto$blifparse.cc:525:parse_blif$35388.T0'
Found constant-zero generator '$abc$33822$auto$blifparse.cc:525:parse_blif$35393.T0'
Found constant-zero generator '$abc$33822$auto$blifparse.cc:525:parse_blif$35399.T0'
Found constant-zero generator '$abc$33822$auto$blifparse.cc:525:parse_blif$35404.T0'
Found constant-zero generator '$abc$33822$auto$blifparse.cc:525:parse_blif$35407.T1'
Found constant-zero generator '$abc$33822$auto$blifparse.cc:525:parse_blif$35410.T1'
Found constant-zero generator '$abc$33822$auto$blifparse.cc:525:parse_blif$35413.T1'
Found constant-zero generator '$abc$33822$auto$blifparse.cc:525:parse_blif$35416.T1'
Found constant-zero generator '$abc$33822$auto$blifparse.cc:525:parse_blif$35420.T1'
Found constant-zero generator '$abc$33822$auto$blifparse.cc:525:parse_blif$35423.T1'
Found constant-zero generator '$abc$33822$auto$blifparse.cc:525:parse_blif$35426.T1'
Found constant-zero generator '$abc$33822$auto$blifparse.cc:525:parse_blif$35429.T0'
Found constant-zero generator '$abc$33822$auto$blifparse.cc:525:parse_blif$35434.T0'
Found constant-zero generator '$abc$33822$auto$blifparse.cc:525:parse_blif$35441.T1'
Found constant-zero generator '$abc$33822$auto$blifparse.cc:525:parse_blif$35444.T1'
Found constant-zero generator '$abc$33822$auto$blifparse.cc:525:parse_blif$35447.T0'
Found constant-zero generator '$abc$33822$auto$blifparse.cc:525:parse_blif$35450.T0'
Found constant-zero generator '$abc$33822$auto$blifparse.cc:525:parse_blif$35455.T1'
Found constant-zero generator '$abc$33822$auto$blifparse.cc:525:parse_blif$35458.T1'
Found constant-zero generator '$abc$33822$auto$blifparse.cc:525:parse_blif$35463.T1'
Found constant-zero generator '$abc$33822$auto$blifparse.cc:525:parse_blif$35466.T1'
Found constant-zero generator '$abc$33822$auto$blifparse.cc:525:parse_blif$35469.T0'
Found constant-zero generator '$abc$33822$auto$blifparse.cc:525:parse_blif$35472.T0'
Found constant-zero generator '$abc$33822$auto$blifparse.cc:525:parse_blif$35477.T1'
Found constant-zero generator '$abc$33822$auto$blifparse.cc:525:parse_blif$35480.T1'
Found constant-zero generator '$abc$33822$auto$blifparse.cc:525:parse_blif$35484.T1'
Found constant-zero generator '$abc$33822$auto$blifparse.cc:525:parse_blif$35487.T1'
Found constant-zero generator '$abc$33822$auto$blifparse.cc:525:parse_blif$35490.T0'
Found constant-zero generator '$abc$33822$auto$blifparse.cc:525:parse_blif$35493.T1'
Found constant-zero generator '$abc$33822$auto$blifparse.cc:525:parse_blif$35496.T1'
Found constant-zero generator '$abc$33822$auto$blifparse.cc:525:parse_blif$35505.T0'
Found constant-zero generator '$abc$33822$auto$blifparse.cc:525:parse_blif$35510.T0'
Found constant-zero generator '$abc$33822$auto$blifparse.cc:525:parse_blif$35513.T1'
Found constant-zero generator '$abc$33822$auto$blifparse.cc:525:parse_blif$35516.T1'
Found constant-zero generator '$abc$33822$auto$blifparse.cc:525:parse_blif$35519.T1'
Found constant-zero generator '$abc$33822$auto$blifparse.cc:525:parse_blif$35522.T1'
Found constant-zero generator '$abc$33822$auto$blifparse.cc:525:parse_blif$35526.T0'
Found constant-zero generator '$abc$33822$auto$blifparse.cc:525:parse_blif$35531.T0'
Found constant-zero generator '$abc$33822$auto$blifparse.cc:525:parse_blif$35534.T1'
Found constant-zero generator '$abc$33822$auto$blifparse.cc:525:parse_blif$35537.T1'
Found constant-zero generator '$abc$33822$auto$blifparse.cc:525:parse_blif$35540.T1'
Found constant-zero generator '$abc$33822$auto$blifparse.cc:525:parse_blif$35543.T1'
Found constant-zero generator '$abc$33822$auto$blifparse.cc:525:parse_blif$35547.T0'
Found constant-zero generator '$abc$33822$auto$blifparse.cc:525:parse_blif$35552.T0'
Found constant-zero generator '$abc$33822$auto$blifparse.cc:525:parse_blif$35555.T1'
Found constant-zero generator '$abc$33822$auto$blifparse.cc:525:parse_blif$35558.T1'
Found constant-zero generator '$abc$33822$auto$blifparse.cc:525:parse_blif$35561.T1'
Found constant-zero generator '$abc$33822$auto$blifparse.cc:525:parse_blif$35564.T1'
Found constant-zero generator '$abc$33822$auto$blifparse.cc:525:parse_blif$35568.T0'
Found constant-zero generator '$abc$33822$auto$blifparse.cc:525:parse_blif$35573.T0'
Found constant-zero generator '$abc$33822$auto$blifparse.cc:525:parse_blif$35576.T1'
Found constant-zero generator '$abc$33822$auto$blifparse.cc:525:parse_blif$35579.T1'
Found constant-zero generator '$abc$33822$auto$blifparse.cc:525:parse_blif$35582.T1'
Found constant-zero generator '$abc$33822$auto$blifparse.cc:525:parse_blif$35585.T1'
Found constant-zero generator '$abc$33822$auto$blifparse.cc:525:parse_blif$35588.T1'
Found constant-zero generator '$abc$33822$auto$blifparse.cc:525:parse_blif$35612.T0'
Found constant-zero generator '$abc$33822$auto$blifparse.cc:525:parse_blif$35619.T0'
Found constant-zero generator '$abc$33822$auto$blifparse.cc:525:parse_blif$35754.T0'
Found constant-zero generator '$abc$33822$auto$blifparse.cc:525:parse_blif$35763.T0'
Found constant-zero generator '$abc$33822$auto$blifparse.cc:525:parse_blif$35765.T1'
Found constant-zero generator '$abc$33822$auto$blifparse.cc:525:parse_blif$35781.T1'
Found constant-zero generator '$abc$33822$auto$blifparse.cc:525:parse_blif$35791.T1'
Found constant-zero generator '$abc$33822$auto$blifparse.cc:525:parse_blif$35801.T1'
Found constant-zero generator '$abc$33822$auto$blifparse.cc:525:parse_blif$35814.T1'
Found constant-zero generator '$abc$33822$auto$blifparse.cc:525:parse_blif$35822.T1'
Found constant-zero generator '$abc$33822$auto$blifparse.cc:525:parse_blif$35823.T1'
Found constant-zero generator '$abc$33822$auto$blifparse.cc:525:parse_blif$35849.T0'
Found constant-zero generator '$abc$33822$auto$blifparse.cc:525:parse_blif$35879.T1'
Found constant-zero generator '$abc$33822$auto$blifparse.cc:525:parse_blif$35885.T0'
Found constant-zero generator '$abc$33822$auto$blifparse.cc:525:parse_blif$35959.T0'
Found constant-zero generator '$abc$33822$auto$blifparse.cc:525:parse_blif$35968.T1'
Found constant-zero generator '$abc$33822$auto$blifparse.cc:525:parse_blif$35970.T0'
Found constant-zero generator '$abc$33822$auto$blifparse.cc:525:parse_blif$35986.T0'
Found constant-zero generator '$abc$33822$auto$blifparse.cc:525:parse_blif$35987.T1'
Found constant-zero generator '$abc$33822$auto$blifparse.cc:525:parse_blif$35988.T0'
Found constant-zero generator '$abc$33822$auto$blifparse.cc:525:parse_blif$36161.T0'
Found constant-zero generator '$abc$33822$auto$blifparse.cc:525:parse_blif$36237.T0'
Found constant-zero generator '$abc$33822$auto$blifparse.cc:525:parse_blif$36304.T0'
Found constant-zero generator '$abc$33822$auto$blifparse.cc:525:parse_blif$36313.T1'
Found constant-zero generator '$abc$33822$auto$blifparse.cc:525:parse_blif$36327.T0'
Found constant-zero generator '$abc$33822$auto$blifparse.cc:525:parse_blif$36336.T0'
Found constant-zero generator '$abc$33822$auto$blifparse.cc:525:parse_blif$36345.T1'
Found constant-zero generator '$abc$33822$auto$blifparse.cc:525:parse_blif$36357.T1'
Found constant-zero generator '$abc$33822$auto$blifparse.cc:525:parse_blif$36363.T1'
Found constant-zero generator '$abc$33822$auto$blifparse.cc:525:parse_blif$36364.T1'
Found constant-zero generator '$abc$33822$auto$blifparse.cc:525:parse_blif$36367.T0'
Found constant-zero generator '$abc$33822$auto$blifparse.cc:525:parse_blif$36378.T1'
Found constant-zero generator '$abc$33822$auto$blifparse.cc:525:parse_blif$36380.T0'
Found constant-zero generator '$abc$33822$auto$blifparse.cc:525:parse_blif$36382.T0'
Found constant-zero generator '$abc$33822$auto$blifparse.cc:525:parse_blif$36393.T0'
Found constant-zero generator '$abc$33822$auto$blifparse.cc:525:parse_blif$36406.T0'
Found constant-zero generator '$abc$33822$auto$blifparse.cc:525:parse_blif$36411.T0'
Found constant-zero generator '$abc$33822$auto$blifparse.cc:525:parse_blif$36419.T1'
Found constant-zero generator '$abc$33822$auto$blifparse.cc:525:parse_blif$36423.T0'
Found constant-zero generator '$abc$33822$auto$blifparse.cc:525:parse_blif$36436.T0'
Found constant-zero generator '$abc$33822$auto$blifparse.cc:525:parse_blif$36441.T0'
Found constant-zero generator '$abc$33822$auto$blifparse.cc:525:parse_blif$36450.T1'
Found constant-zero generator '$abc$33822$auto$blifparse.cc:525:parse_blif$36456.T0'
Found constant-zero generator '$abc$33822$auto$blifparse.cc:525:parse_blif$36464.T1'
Found constant-zero generator '$abc$33822$auto$blifparse.cc:525:parse_blif$36478.T1'
Found constant-zero generator '$abc$33822$auto$blifparse.cc:525:parse_blif$36494.T0'
Found constant-zero generator '$abc$33822$auto$blifparse.cc:525:parse_blif$36505.T1'
Found constant-zero generator '$abc$33822$auto$blifparse.cc:525:parse_blif$36526.T0'
Found constant-zero generator '$abc$33822$auto$blifparse.cc:525:parse_blif$36539.T0'
Found constant-zero generator '$abc$33822$auto$blifparse.cc:525:parse_blif$36545.T0'
Found constant-zero generator '$abc$33822$auto$blifparse.cc:525:parse_blif$36550.T0'
Found constant-zero generator '$abc$33822$auto$blifparse.cc:525:parse_blif$36566.T0'
Found constant-zero generator '$abc$33822$auto$blifparse.cc:525:parse_blif$36577.T0'
Found constant-zero generator '$abc$33822$auto$blifparse.cc:525:parse_blif$36582.T1'
Found constant-zero generator '$abc$33822$auto$blifparse.cc:525:parse_blif$36591.T0'
Found constant-zero generator '$abc$33822$auto$blifparse.cc:525:parse_blif$36596.T1'
Found constant-zero generator '$abc$33822$auto$blifparse.cc:525:parse_blif$36605.T0'
Found constant-zero generator '$abc$33822$auto$blifparse.cc:525:parse_blif$36610.T1'
Found constant-zero generator '$abc$33822$auto$blifparse.cc:525:parse_blif$36618.T0'
Found constant-zero generator '$abc$33822$auto$blifparse.cc:525:parse_blif$36620.T0'
Found constant-zero generator '$abc$33822$auto$blifparse.cc:525:parse_blif$36625.T1'
Found constant-zero generator '$abc$33822$auto$blifparse.cc:525:parse_blif$36633.T0'
Found constant-zero generator '$abc$33822$auto$blifparse.cc:525:parse_blif$36637.T1'
Found constant-zero generator '$abc$33822$auto$blifparse.cc:525:parse_blif$36640.T0'
Found constant-zero generator '$abc$33822$auto$blifparse.cc:525:parse_blif$36645.T0'
Found constant-zero generator '$abc$33822$auto$blifparse.cc:525:parse_blif$36649.T0'
Found constant-zero generator '$abc$33822$auto$blifparse.cc:525:parse_blif$36660.T0'
Found constant-zero generator '$abc$33822$auto$blifparse.cc:525:parse_blif$36661.T0'
Found constant-zero generator '$abc$33822$auto$blifparse.cc:525:parse_blif$36673.T0'
Found constant-zero generator '$abc$33822$auto$blifparse.cc:525:parse_blif$36674.T0'
Found constant-zero generator '$abc$33822$auto$blifparse.cc:525:parse_blif$36687.T0'
Found constant-zero generator '$abc$33822$auto$blifparse.cc:525:parse_blif$36688.T0'
Found constant-zero generator '$abc$33822$auto$blifparse.cc:525:parse_blif$36699.T0'
Found constant-zero generator '$abc$33822$auto$blifparse.cc:525:parse_blif$36702.T1'
Found constant-zero generator '$abc$33822$auto$blifparse.cc:525:parse_blif$36708.T0'
Found constant-zero generator '$abc$33822$auto$blifparse.cc:525:parse_blif$36716.T0'
Found constant-zero generator '$abc$33822$auto$blifparse.cc:525:parse_blif$36725.T0'
Found constant-zero generator '$abc$33822$auto$blifparse.cc:525:parse_blif$36726.T0'
Found constant-zero generator '$abc$33822$auto$blifparse.cc:525:parse_blif$36732.T0'
Found constant-zero generator '$abc$33822$auto$blifparse.cc:525:parse_blif$36740.T0'
Found constant-zero generator '$abc$33822$auto$blifparse.cc:525:parse_blif$36745.T1'
Found constant-zero generator '$abc$33822$auto$blifparse.cc:525:parse_blif$36753.T0'
Found constant-zero generator '$abc$33822$auto$blifparse.cc:525:parse_blif$36852.T0'
Found constant-zero generator '$abc$33822$auto$blifparse.cc:525:parse_blif$36859.T0'
Found constant-zero generator '$abc$33822$auto$blifparse.cc:525:parse_blif$36867.T0'
Found constant-zero generator '$abc$33822$auto$blifparse.cc:525:parse_blif$36871.T1'
Found constant-zero generator '$abc$33822$auto$blifparse.cc:525:parse_blif$36877.T1'
Found constant-zero generator '$abc$33822$auto$blifparse.cc:525:parse_blif$36887.T1'
Found constant-zero generator '$abc$33822$auto$blifparse.cc:525:parse_blif$36892.T0'
Found constant-zero generator '$abc$33822$auto$blifparse.cc:525:parse_blif$36896.T0'
Found constant-zero generator '$abc$33822$auto$blifparse.cc:525:parse_blif$36897.T0'
Found constant-zero generator '$abc$33822$auto$blifparse.cc:525:parse_blif$36902.T0'
Found constant-zero generator '$abc$33822$auto$blifparse.cc:525:parse_blif$36920.T1'
Found constant-zero generator '$abc$33822$auto$blifparse.cc:525:parse_blif$36927.T0'
Found constant-zero generator '$abc$33822$auto$blifparse.cc:525:parse_blif$36938.T0'
Found constant-zero generator '$abc$33822$auto$blifparse.cc:525:parse_blif$36940.T0'
Found constant-zero generator '$abc$33822$auto$blifparse.cc:525:parse_blif$36947.T0'
Found constant-zero generator '$abc$33822$auto$blifparse.cc:525:parse_blif$36953.T0'
Found constant-zero generator '$abc$33822$auto$blifparse.cc:525:parse_blif$36960.T0'
Found constant-zero generator '$abc$33822$auto$blifparse.cc:525:parse_blif$36962.T1'
Found constant-zero generator '$abc$33822$auto$blifparse.cc:525:parse_blif$36968.T0'
Found constant-zero generator '$abc$33822$auto$blifparse.cc:525:parse_blif$36974.T1'
Found constant-zero generator '$abc$33822$auto$blifparse.cc:525:parse_blif$36986.T1'
Found constant-zero generator '$abc$33822$auto$blifparse.cc:525:parse_blif$36987.T0'
Found constant-zero generator '$abc$33822$auto$blifparse.cc:525:parse_blif$36995.T1'
Found constant-zero generator '$abc$33822$auto$blifparse.cc:525:parse_blif$36996.T0'
Found constant-zero generator '$abc$33822$auto$blifparse.cc:525:parse_blif$37014.T0'
Found constant-zero generator '$abc$33822$auto$blifparse.cc:525:parse_blif$37019.T0'
Found constant-zero generator '$abc$33822$auto$blifparse.cc:525:parse_blif$37037.T0'
Found constant-zero generator '$abc$33822$auto$blifparse.cc:525:parse_blif$37042.T0'
Found constant-zero generator '$abc$33822$auto$blifparse.cc:525:parse_blif$37050.T0'
Found constant-zero generator '$abc$33822$auto$blifparse.cc:525:parse_blif$37055.T1'
Found constant-zero generator '$abc$33822$auto$blifparse.cc:525:parse_blif$37068.T0'
Found constant-zero generator '$abc$33822$auto$blifparse.cc:525:parse_blif$37076.T0'
Found constant-zero generator '$abc$33822$auto$blifparse.cc:525:parse_blif$37080.T0'
Found constant-zero generator '$abc$33822$auto$blifparse.cc:525:parse_blif$37083.T0'
Found constant-zero generator '$abc$33822$auto$blifparse.cc:525:parse_blif$37093.T0'
Found constant-zero generator '$abc$33822$auto$blifparse.cc:525:parse_blif$37168.T1'
Found constant-zero generator '$abc$33822$auto$blifparse.cc:525:parse_blif$37177.T1'
Found constant-zero generator '$abc$33822$auto$blifparse.cc:525:parse_blif$37179.T1'
Found constant-zero generator '$abc$33822$auto$blifparse.cc:525:parse_blif$37183.T1'
Found constant-zero generator '$abc$33822$auto$blifparse.cc:525:parse_blif$37205.T1'
Found constant-zero generator '$abc$33822$auto$blifparse.cc:525:parse_blif$37274.T1'
Found constant-zero generator '$abc$33822$auto$blifparse.cc:525:parse_blif$37278.T0'
Found constant-zero generator '$abc$33822$auto$blifparse.cc:525:parse_blif$37312.T0'
Found constant-zero generator '$abc$33822$auto$blifparse.cc:525:parse_blif$37351.T0'
Found constant-zero generator '$abc$33822$auto$blifparse.cc:525:parse_blif$37353.T0'
Found constant-zero generator '$abc$33822$auto$blifparse.cc:525:parse_blif$37378.T0'
# Load circuit took 0.35 seconds (max_rss 84.9 MiB, delta_rss +33.2 MiB)
# Clean circuit
Absorbed 7634 LUT buffers
Inferred  221 additional primitive pins as constant generators since they have no combinationally connected inputs
Inferred   13 additional primitive pins as constant generators due to constant inputs
Inferred    0 additional primitive pins as constant generators since they have no combinationally connected inputs
Inferred    0 additional primitive pins as constant generators due to constant inputs
Inferred    0 additional primitive pins as constant generators since they have no combinationally connected inputs
Inferred    0 additional primitive pins as constant generators due to constant inputs
Swept input(s)      : 0
Swept output(s)     : 0 (0 dangling, 0 constant)
Swept net(s)        : 1485
Swept block(s)      : 41
Constant Pins Marked: 234
# Clean circuit took 0.06 seconds (max_rss 90.4 MiB, delta_rss +5.5 MiB)
# Compress circuit
# Compress circuit took 0.03 seconds (max_rss 95.0 MiB, delta_rss +4.6 MiB)
# Verify circuit
# Verify circuit took 0.01 seconds (max_rss 95.3 MiB, delta_rss +0.2 MiB)
Circuit Statistics:
  Blocks: 8282
    .input            :       9
    .output           :       9
    5-LUT             :    4891
    CARRY4_VPR        :     126
    CARRY_COUT_PLUG   :      82
    CE_VCC            :     143
    DPRAM64           :      48
    DRAM_4_OUTPUT_STUB:      12
    FDCE_ZINI         :     574
    FDPE_ZINI         :      18
    FDRE_ZINI         :    1083
    GND               :       1
    IBUF_VPR          :       9
    MUXF6             :    1204
    OBUFT_VPR         :       9
    RAMB36E1_PRIM     :      19
    SR_GND            :      35
    T_INV             :       9
    VCC               :       1
  Nets  : 9110
    Avg Fanout:     3.8
    Max Fanout:  2240.0
    Min Fanout:     1.0
  Netlist Clocks: 2
# Build Timing Graph
Warning 661: Inferred implicit clock source $auto$ff.cc:266:slice$17055.Q[0] for netlist clock u_soc_top.u_vga_registers.clk (possibly data used as clock)
Warning 662: Inferred implicit clock source $iopadmap$zybo_top.clk.O[0] for netlist clock $iopadmap$clk (possibly data used as clock)
Warning 663: Timing edge from $iopadmap$zybo_top.clk.I[0] to $iopadmap$zybo_top.clk.O[0] will not be created since $iopadmap$zybo_top.clk.O[0] has been identified as a clock generator
  Timing Graph Nodes: 43862
  Timing Graph Edges: 70933
  Timing Graph Levels: 76
# Build Timing Graph took 0.05 seconds (max_rss 106.3 MiB, delta_rss +5.2 MiB)
Netlist contains 2 clocks
  Netlist Clock 'u_soc_top.u_vga_registers.clk' Fanout: 1757 pins (4.0%), 1738 blocks (21.0%)
  Netlist Clock '$iopadmap$clk' Fanout: 4 pins (0.0%), 4 blocks (0.0%)
# Load Timing Constraints

Applied 1 SDC commands from 'zybo_top.sdc'
Timing constraints created 1 clocks
  Constrained Clock '$iopadmap$clk' Source: '$iopadmap$zybo_top.clk.O[0]'

# Load Timing Constraints took 0.00 seconds (max_rss 106.4 MiB, delta_rss +0.1 MiB)
# Load packing
Begin loading packed FPGA netlist file.
Netlist generated from file 'zybo_top.net'.
Detected 180 constant generators (to see names run with higher pack verbosity)
Finished loading packed FPGA netlist file (took 0.889729 seconds).
# Load packing took 0.91 seconds (max_rss 185.2 MiB, delta_rss +78.8 MiB)
Warning 664: Netlist contains 0 global net to non-global architecture pin connections
Warning 665: Logic block #929 ($false) has only 1 output pin '$false.GND[0]'. It may be a constant generator.
Warning 666: Logic block #930 ($true) has only 1 output pin '$true.VCC[0]'. It may be a constant generator.

Pb types usage...
  BLK-TL-SLICEL              : 880
   SLICEL0                   : 880
    COMMON_LUT_AND_F78MUX    : 785
     ALUT                    : 720
      A5LUT                  : 1339
       lut                   : 1339
      F6MUX                  : 598
     BLUT                    : 727
      B5LUT                  : 1163
       lut                   : 1163
      F6MUX                  : 178
     CLUT                    : 721
      C5LUT                  : 1137
       lut                   : 1137
      F6MUX                  : 182
     DLUT                    : 729
      D5LUT                  : 1252
       lut                   : 1252
      F6MUX                  : 246
    COMMON_SLICE             : 712
     CARRY4_VPR              : 126
     CARRY_COUT_PLUG         : 82
     CEUSEDMUX               : 76
      CE_VCC                 : 143
     SLICE_FF                : 656
      FF_FDSE_or_FDRE        : 224
       FDRE                  : 224
      REG_FDSE_or_FDRE       : 859
       FDRE                  : 859
      FF_FDPE_or_FDCE        : 147
       FDPE                  : 4
       FDCE                  : 143
      REG_FDPE_or_FDCE       : 429
       FDPE                  : 14
       FDCE                  : 415
     SRUSEDMUX               : 29
      SR_GND                 : 35
  BLK-TL-SLICEM              : 12
   SLICEM                    : 12
    COMMON_SLICE             : 4
     SLICE_FF                : 4
      FF_FDPE_or_FDCE        : 16
       FDCE                  : 16
    SLICEM_MODES             : 12
     D_DRAM                  : 12
      DPRAM64                : 12
     C_DRAM                  : 12
      DPRAM64                : 12
     B_DRAM                  : 12
      DPRAM64                : 12
     A_DRAM                  : 12
      DPRAM64                : 12
     DRAM_4_OUTPUT_STUB      : 12
  BLK-TL-BRAM_L              : 19
   BRAM_X0                   : 19
    BRAM                     : 19
     RAMBFIFO36E1            : 19
      RAMB36E1               : 19
  BLK-TL-IOPAD               : 18
   IOB33                     : 18
    IOB33_MODES              : 18
     IBUF_VPR                : 9
     inpad                   : 9
     OBUFT_VPR               : 9
     outpad                  : 9
   OLOGICE3                  : 9
    OLOGIC_TFF               : 9
     T_INV                   : 9
  SYN-VCC                    : 1
   VCC                       : 1
  SYN-GND                    : 1
   GND                       : 1

# Create Device
## Build Device Grid
FPGA sized to 130 x 109: 14170 grid tiles (xc7z010-test)

Resource usage...
	Netlist
		880	blocks of type: BLK-TL-SLICEL
	Architecture
		800	blocks of type: BLK-TL-CLBLL_L
		600	blocks of type: BLK-TL-CLBLL_R
		1200	blocks of type: BLK-TL-CLBLM_L
		1800	blocks of type: BLK-TL-CLBLM_R
	Netlist
		12	blocks of type: BLK-TL-SLICEM
	Architecture
		1200	blocks of type: BLK-TL-CLBLM_L
		1800	blocks of type: BLK-TL-CLBLM_R
	Netlist
		19	blocks of type: BLK-TL-BRAM_L
	Architecture
		40	blocks of type: BLK-TL-BRAM_L
	Netlist
		18	blocks of type: BLK-TL-IOPAD
	Architecture
		4	blocks of type: BLK-TL-RIOPAD_SING
		48	blocks of type: BLK-TL-RIOPAD_M
		48	blocks of type: BLK-TL-RIOPAD_S
	Netlist
		0	blocks of type: BLK-TL-IOPAD_M
	Architecture
		48	blocks of type: BLK-TL-RIOPAD_M
	Netlist
		0	blocks of type: BLK-TL-IOPAD_S
	Architecture
		48	blocks of type: BLK-TL-RIOPAD_S
	Netlist
		0	blocks of type: BLK-TL-BUFGCTRL
	Architecture
		16	blocks of type: BLK-TL-CLK_BUFG_TOP_R
		16	blocks of type: BLK-TL-CLK_BUFG_BOT_R
	Netlist
		0	blocks of type: BLK-TL-PLLE2_ADV
	Architecture
		2	blocks of type: BLK-TL-CMT_TOP_L_UPPER_T
	Netlist
		0	blocks of type: BLK-TL-HCLK_IOI3
	Architecture
		2	blocks of type: BLK-TL-HCLK_IOI3
	Netlist
		0	blocks of type: BLK-TL-PSS2
	Architecture
		1	blocks of type: BLK-TL-PSS2
	Netlist
		1	blocks of type: SYN-VCC
	Architecture
		1	blocks of type: SYN-VCC
	Netlist
		1	blocks of type: SYN-GND
	Architecture
		1	blocks of type: SYN-GND

Device Utilization: 0.03 (target 1.00)
	Physical Tile BLK-TL-CLBLL_L:
	Block Utilization: 1.10 Logical Block: BLK-TL-SLICEL
	Physical Tile BLK-TL-CLBLL_R:
	Block Utilization: 1.47 Logical Block: BLK-TL-SLICEL
	Physical Tile BLK-TL-CLBLM_L:
	Block Utilization: 0.01 Logical Block: BLK-TL-SLICEM
	Block Utilization: 0.73 Logical Block: BLK-TL-SLICEL
	Physical Tile BLK-TL-CLBLM_R:
	Block Utilization: 0.01 Logical Block: BLK-TL-SLICEM
	Block Utilization: 0.49 Logical Block: BLK-TL-SLICEL
	Physical Tile BLK-TL-BRAM_L:
	Block Utilization: 0.47 Logical Block: BLK-TL-BRAM_L
	Physical Tile BLK-TL-RIOPAD_M:
	Block Utilization: 0.38 Logical Block: BLK-TL-IOPAD
	Block Utilization: 0.00 Logical Block: BLK-TL-IOPAD_M
	Physical Tile BLK-TL-RIOPAD_S:
	Block Utilization: 0.38 Logical Block: BLK-TL-IOPAD
	Block Utilization: 0.00 Logical Block: BLK-TL-IOPAD_S
	Physical Tile BLK-TL-RIOPAD_SING:
	Block Utilization: 4.50 Logical Block: BLK-TL-IOPAD
	Physical Tile BLK-TL-CLK_BUFG_TOP_R:
	Block Utilization: 0.00 Logical Block: BLK-TL-BUFGCTRL
	Physical Tile BLK-TL-CLK_BUFG_BOT_R:
	Block Utilization: 0.00 Logical Block: BLK-TL-BUFGCTRL
	Physical Tile BLK-TL-CMT_TOP_L_UPPER_T:
	Block Utilization: 0.00 Logical Block: BLK-TL-PLLE2_ADV
	Physical Tile BLK-TL-HCLK_IOI3:
	Block Utilization: 0.00 Logical Block: BLK-TL-HCLK_IOI3
	Physical Tile BLK-TL-PSS2:
	Block Utilization: 0.00 Logical Block: BLK-TL-PSS2
	Physical Tile SYN-VCC:
	Block Utilization: 1.00 Logical Block: SYN-VCC
	Physical Tile SYN-GND:
	Block Utilization: 1.00 Logical Block: SYN-GND

## Build Device Grid took 0.01 seconds (max_rss 185.2 MiB, delta_rss +0.0 MiB)
## Loading routing resource graph



Warning 667: This architecture version is for VPR 8.1.0-dev+c012f19d3 while your current VPR version is 8.1.0-dev+25e723a24-dirty, compatibility issues may arise

## Loading routing resource graph took 4.91 seconds (max_rss 1955.8 MiB, delta_rss +1770.6 MiB)
  RR Graph Nodes: 1672762
  RR Graph Edges: 12698458
# Create Device took 5.30 seconds (max_rss 1955.8 MiB, delta_rss +1770.6 MiB)

# Load Placement
Reading zybo_top.place.

Successfully read zybo_top.place.

# Load Placement took 0.01 seconds (max_rss 1955.8 MiB, delta_rss +0.0 MiB)

# Computing src/opin lookahead
Warning 668: Found no more sample locations for SOURCE in BLK-TL-BRAM_L
Warning 669: Found no more sample locations for OPIN in BLK-TL-BRAM_L
Warning 670: Found no more sample locations for SOURCE in BLK-TL-RIOPAD_M
Warning 671: Found no more sample locations for OPIN in BLK-TL-RIOPAD_M
Warning 672: Found no more sample locations for SOURCE in BLK-TL-RIOPAD_S
Warning 673: Found no more sample locations for OPIN in BLK-TL-RIOPAD_S
Warning 674: Found no more sample locations for SOURCE in BLK-TL-RIOPAD_SING
Warning 675: Found no more sample locations for OPIN in BLK-TL-RIOPAD_SING
Warning 676: Found no more sample locations for SOURCE in BLK-TL-CMT_TOP_L_UPPER_T
Warning 677: Found no more sample locations for OPIN in BLK-TL-CMT_TOP_L_UPPER_T
Warning 678: Found no more sample locations for SOURCE in BLK-TL-PSS2
Warning 679: Found no more sample locations for OPIN in BLK-TL-PSS2
# Computing src/opin lookahead took 0.00 seconds (max_rss 1955.8 MiB, delta_rss +0.0 MiB)
# Computing chan/ipin lookahead
Warning 680: Found no sample locations for EMPTY
Warning 681: Found no sample locations for BLK-TL-CLBLL_L
Warning 682: Found no sample locations for BLK-TL-CLBLL_R
Warning 683: Found no sample locations for BLK-TL-CLBLM_L
Warning 684: Found no sample locations for BLK-TL-CLBLM_R
Warning 685: Found no sample locations for BLK-TL-BRAM_L
Warning 686: Found no sample locations for BLK-TL-RIOPAD_M
Warning 687: Found no sample locations for BLK-TL-RIOPAD_S
Warning 688: Found no sample locations for BLK-TL-RIOPAD_SING
Warning 689: Found no sample locations for BLK-TL-CLK_BUFG_TOP_R
Warning 690: Found no sample locations for BLK-TL-CLK_BUFG_BOT_R
Warning 691: Found no sample locations for BLK-TL-CMT_TOP_L_UPPER_T
Warning 692: Found no sample locations for BLK-TL-HCLK_IOI3
Warning 693: Found no sample locations for BLK-TL-PSS2
Warning 694: Found no sample locations for SYN-VCC
Warning 695: Found no sample locations for SYN-GND
# Computing chan/ipin lookahead took 0.02 seconds (max_rss 1955.8 MiB, delta_rss +0.0 MiB)
# Routing
  RR Graph Nodes: 1672762
  RR Graph Edges: 12698458
Confirming router algorithm: TIMING_DRIVEN.
## Initializing router criticalities
Warning 696: 10 timing startpoints were not constrained during timing analysis
Warning 697: 8792 timing endpoints were not constrained during timing analysis
Initial Net Connection Criticality Histogram:
[        0:      0.1) 22003 ( 99.9%) |*********************************************
[      0.1:      0.2)     0 (  0.0%) |
[      0.2:      0.3)     0 (  0.0%) |
[      0.3:      0.4)     2 (  0.0%) |
[      0.4:      0.5)    11 (  0.0%) |
[      0.5:      0.6)     7 (  0.0%) |
[      0.6:      0.7)     0 (  0.0%) |
[      0.7:      0.8)     0 (  0.0%) |
[      0.8:      0.9)     0 (  0.0%) |
[      0.9:        1)     0 (  0.0%) |
## Initializing router criticalities took 0.04 seconds (max_rss 1955.8 MiB, delta_rss +0.0 MiB)
---- ------ ------- ---- ------- ------- ------- ----------------- --------------- -------- ---------- ---------- ---------- ---------- --------
Iter   Time    pres  BBs    Heap  Re-Rtd  Re-Rtd Overused RR Nodes      Wirelength      CPD       sTNS       sWNS       hTNS       hWNS Est Succ
      (sec)     fac Updt    push    Nets   Conns                                       (ns)       (ns)       (ns)       (ns)       (ns)     Iter
---- ------ ------- ---- ------- ------- ------- ----------------- --------------- -------- ---------- ---------- ---------- ---------- --------
Warning 698: 10 timing startpoints were not constrained during timing analysis
Warning 699: 8792 timing endpoints were not constrained during timing analysis
   1   17.4     0.0    0 1.5e+08    6255   22023   12168 ( 0.727%)  300741 ( 7.3%)    4.805      0.000      0.000      0.000      0.000      N/A
   2   15.4     2.8   10 8.9e+07    4861   18142    5643 ( 0.337%)  335786 ( 8.2%)    4.920      0.000      0.000      0.000      0.000      N/A
   3   16.0     3.4   40 7.4e+07    3506   13237    4063 ( 0.243%)  356103 ( 8.7%)    4.920      0.000      0.000      0.000      0.000      N/A
   4   13.7     4.1   50 7.3e+07    2568   10729    3052 ( 0.182%)  372390 ( 9.1%)    5.138      0.000      0.000      0.000      0.000      N/A
   5   15.3     4.9   53 6.7e+07    1856    8691    2103 ( 0.126%)  391857 ( 9.5%)    5.138      0.000      0.000      0.000      0.000      N/A
   6   11.8     5.9   33 5.7e+07    1384    6662    1499 ( 0.090%)  408575 (10.0%)    5.138      0.000      0.000      0.000      0.000      N/A
   7   10.4     7.0   28 5.4e+07    1002    5484     951 ( 0.057%)  425285 (10.4%)    5.138      0.000      0.000      0.000      0.000      N/A
   8    8.6     8.4   21 5.2e+07     652    3506     581 ( 0.035%)  439642 (10.7%)    5.138      0.000      0.000      0.000      0.000      N/A
   9    9.3    10.1   22 5.4e+07     430    2437     361 ( 0.022%)  449874 (11.0%)    5.138      0.000      0.000      0.000      0.000      N/A
  10    8.6    12.2   10 4.7e+07     291    1495     180 ( 0.011%)  458188 (11.2%)    5.138      0.000      0.000      0.000      0.000       22
  11    8.5    14.6    6 4.2e+07     178     670      92 ( 0.005%)  463248 (11.3%)    5.138      0.000      0.000      0.000      0.000       20
  12   10.0    17.5   12 4.6e+07     110     458      52 ( 0.003%)  467238 (11.4%)    5.138      0.000      0.000      0.000      0.000       19
  13    8.4    21.0    9 3.4e+07      65     240      30 ( 0.002%)  469463 (11.4%)    5.138      0.000      0.000      0.000      0.000       19
  14    6.5    25.2    4 2.3e+07      39     113      13 ( 0.001%)  470811 (11.5%)    5.138      0.000      0.000      0.000      0.000       19
  15    7.7    30.3    4 2.3e+07      19      48      11 ( 0.001%)  472018 (11.5%)    5.138      0.000      0.000      0.000      0.000       18
  16    5.7    36.3    1 1.9e+07      16      36       7 ( 0.000%)  472308 (11.5%)    5.138      0.000      0.000      0.000      0.000       19
  17    6.3    43.6    0 2.1e+07      12      69       9 ( 0.001%)  472991 (11.5%)    5.138      0.000      0.000      0.000      0.000       19
  18    6.1    52.3    3 2.1e+07      16      46       6 ( 0.000%)  473877 (11.5%)    5.138      0.000      0.000      0.000      0.000       20
  19    1.5    62.7    0 5421136       6       9       2 ( 0.000%)  474155 (11.5%)    5.138      0.000      0.000      0.000      0.000       21
  20    3.6    75.3    0 9591965       5       8       1 ( 0.000%)  474283 (11.6%)    5.138      0.000      0.000      0.000      0.000       21
  21    0.8    90.3    0 1750024       2       3       1 ( 0.000%)  474589 (11.6%)    5.138      0.000      0.000      0.000      0.000       21
  22    0.4   108.4    1 1932073       1      32       0 ( 0.000%)  474806 (11.6%)    5.138      0.000      0.000      0.000      0.000       21
Restoring best routing
Critical path: 5.13808 ns
Successfully routed after 22 routing iterations.
Final Net Connection Criticality Histogram:
[        0:      0.1) 22003 ( 99.9%) |*********************************************
[      0.1:      0.2)     0 (  0.0%) |
[      0.2:      0.3)     0 (  0.0%) |
[      0.3:      0.4)     0 (  0.0%) |
[      0.4:      0.5)     5 (  0.0%) |
[      0.5:      0.6)     8 (  0.0%) |
[      0.6:      0.7)     3 (  0.0%) |
[      0.7:      0.8)     4 (  0.0%) |
[      0.8:      0.9)     0 (  0.0%) |
[      0.9:        1)     0 (  0.0%) |
Router Stats: total_nets_routed: 23274 total_connections_routed: 94138 total_heap_pushes: 962547007 total_heap_pops: 466586556
# Routing took 192.64 seconds (max_rss 1955.8 MiB, delta_rss +0.0 MiB)

Checking to ensure routing is legal...
Completed routing consistency check successfully.

Serial number (magic cookie) for the routing is: 1600764754
Circuit successfully routed with a channel width factor of 500.
Incr Slack updates 23 in 0.0144852 sec
Full Max Req/Worst Slack updates 3 in 0.000297543 sec
Incr Max Req/Worst Slack updates 20 in 0.0021637 sec
Incr Criticality updates 19 in 0.0122581 sec
Full Criticality updates 4 in 0.00291033 sec
# Synchronize the packed netlist to routing optimization
## Annotating rr_node with routed nets
## Annotating rr_node with routed nets took 0.01 seconds (max_rss 1955.8 MiB, delta_rss +0.0 MiB)
Found 0 mismatches between routing and packing results.
Fixed 0 routing traces due to mismatch between routing and packing results.
# Synchronize the packed netlist to routing optimization took 0.01 seconds (max_rss 1955.8 MiB, delta_rss +0.0 MiB)
Warning 700: All 3 clocks will be treated as global.
Final Clustering Statistics: 
----------   --------   ------------------------------------   --------------------------
Block Type   # Blocks   Avg. # of input clocks and pins used   Avg. # of output pins used
----------   --------   ------------------------------------   --------------------------
     EMPTY          0                                      0                            0   
BLK-TL-SLICEL        880                                20.6398                         6.35   
BLK-TL-SLICEM         12                                     32                            4   
BLK-TL-BRAM_L         19                                    182                           32   
BLK-TL-IOPAD         18                                      1                          0.5   
BLK-TL-IOPAD_M          0                                      0                            0   
BLK-TL-IOPAD_S          0                                      0                            0   
BLK-TL-BUFGCTRL          0                                      0                            0   
BLK-TL-PLLE2_ADV          0                                      0                            0   
BLK-TL-HCLK_IOI3          0                                      0                            0   
BLK-TL-PSS2          0                                      0                            0   
   SYN-VCC          1                                      0                            1   
   SYN-GND          1                                      0                            1   
Absorbed logical nets 2855 out of 9110 nets, 6255 nets not absorbed.


Average number of bends per net: 8.20735  Maximum # of bends: 3290

Number of global nets: 0
Number of routed nets (nonglobal): 6255
Wire length results (in units of 1 clb segments)...
	Total wirelength: 482568, average net length: 77.1492
	Maximum net length: 27336

Wire length results in terms of physical segments...
	Total wiring segments used: 141735, average wire segments per net: 22.6595
	Maximum segments used by a net: 7372
	Total local nets with reserved CLB opins: 0

Routing channel utilization histogram:
[        1:      inf)     0 (  0.0%) |
[      0.9:        1)  1852 (  6.6%) |****
[      0.8:      0.9)    42 (  0.2%) |
[      0.7:      0.8)   952 (  3.4%) |**
[      0.5:      0.6)   518 (  1.9%) |*
[      0.4:      0.5)   924 (  3.3%) |**
[      0.3:      0.4)   880 (  3.2%) |**
[      0.2:      0.3)   840 (  3.0%) |**
[      0.1:      0.2)  1238 (  4.4%) |***
[        0:      0.1) 20618 ( 74.0%) |*********************************************
Maximum routing channel utilization:         1 at (1,1)

X - Directed channels:   j max occ ave occ capacity
                      ---- ------- ------- --------
                         0       0   0.000        0
                         1       4   3.938       13
                         2      26   2.954      228
                         3      52   8.331      252
                         4      50   4.292      200
                         5      85   8.092      358
                         6      46   5.969      344
                         7      31   8.662      233
                         8      71  13.523      876
                         9      69  14.392      232
                        10     114  15.585      338
                        11      78  18.208      388
                        12      69  16.531      232
                        13      75  17.746      227
                        14      59  12.469      200
                        15     113  23.285      347
                        16      90  27.208      342
                        17     121  35.315      234
                        18     120  35.762      226
                        19     132  40.200      256
                        20     165  46.885      456
                        21     154  55.600      351
                        22     161  56.300      514
                        23     189  61.831      227
                        24     168  49.562      209
                        25     215  59.708      342
                        26     152  48.738      314
                        27     147  24.623      319
                        28     190  62.815      227
                        29     218  74.838      227
                        30     184  63.808      209
                        31     250  73.646      342
                        32     217  68.915      344
                        33     227  77.238      409
                        34     220  69.638      276
                        35     205  75.138      503
                        36     231  63.185      339
                        37     210  62.392      335
                        38     200  54.908      232
                        39     197  50.892      229
                        40     165  38.323      199
                        41     231  42.192      342
                        42     182  36.015      344
                        43     172  35.554      235
                        44     180  31.692      828
                        45     113  21.046      201
                        46     151  19.600      339
                        47      93  14.338      335
                        48      46   5.700      231
                        49      54   5.715      227
                        50      71   3.969      226
                        51      51   3.485      189
                        52       0   0.000        0
                        53      45   3.592      430
                        54       1   0.031       52
                        55       2   1.969      233
                        56       4   0.123      232
                        57       6   2.277      256
                        58       2   0.123      356
                        59       5   2.477      328
                        60       2   0.123      231
                        61       5   2.415      876
                        62       3   0.300      230
                        63       4   2.108      342
                        64       1   0.054      344
                        65       2   1.969      233
                        66       0   0.000      225
                        67       2   1.969      211
                        68       6   0.538      344
                        69       2   1.969      332
                        70       4   0.123      231
                        71       6   2.092      227
                        72       2   0.085      254
                        73       3   2.062      456
                        74       4   0.215      373
                        75       6   2.092      515
                        76       0   0.000      225
                        77       2   1.969      211
                        78       0   0.000      338
                        79       2   1.969      310
                        80       0   0.000      315
                        81       2   1.969      229
                        82       0   0.000      225
                        83       2   1.969      211
                        84       0   0.000      338
                        85       2   1.969      342
                        86       0   0.000      406
                        87       2   1.969      278
                        88       0   0.000      501
                        89       2   1.969      340
                        90       0   0.000      332
                        91       2   1.969      233
                        92       0   0.000      225
                        93       2   1.969      201
                        94       0   0.000      340
                        95       2   1.969      396
                        96       0   0.000      231
                        97       2   1.969      828
                        98       0   0.000      209
                        99       2   1.969      340
                       100       0   0.000      330
                       101       2   1.969      233
                       102       0   0.000      225
                       103       4   2.015      279
                       104       2   0.046      165
                       105       2   1.969        2
                       106       2   1.969      370
                       107       0   0.000        0
Y - Directed channels:   i max occ ave occ capacity
                      ---- ------- ------- --------
                         0       0   0.000        0
                         1       0   0.000        0
                         2       0   0.000        0
                         3       0   0.000        0
                         4       0   0.000        0
                         5       0   0.000        0
                         6       0   0.000        0
                         7       0   0.000        0
                         8       0   0.000        0
                         9       0   0.000        0
                        10       0   0.000        0
                        11       0   0.000        0
                        12       0   0.000        0
                        13       0   0.000        0
                        14       0   0.000     6802
                        15       0   0.000        0
                        16       0   0.000        0
                        17       0   0.000        0
                        18       0   0.000        0
                        19       0   0.000        0
                        20       0   0.000        0
                        21       0   0.000        0
                        22       0   0.000        0
                        23       0   0.000        0
                        24       0   0.000        0
                        25       0   0.000        0
                        26       0   0.000        0
                        27       0   0.000        0
                        28       0   0.000        0
                        29       0   0.000        0
                        30       0   0.000        0
                        31       0   0.000        0
                        32       0   0.000      284
                        33      28   1.734      387
                        34     173  11.807      415
                        35       0   0.000        0
                        36     112   4.330      198
                        37     108  17.202      436
                        38     218  37.532      439
                        39       0   0.000        0
                        40       0   0.000        0
                        41     524 107.697     1595
                        42      16   3.211       50
                        43     185  54.165      459
                        44     242  58.908      415
                        45       0   0.000        0
                        46     131  22.202      208
                        47     211  46.697      437
                        48      98  21.220      281
                        49       0   0.000      758
                        50     161  29.661      616
                        51       0   0.000        0
                        52     149  27.835      208
                        53     294  68.138      649
                        54     273  75.807      470
                        55       0   0.000        0
                        56       0   0.000        0
                        57       0   0.000        0
                        58       0   0.000        0
                        59       0   0.000        0
                        60       0   0.000        0
                        61       0   0.000        0
                        62       0   0.000        0
                        63       0   0.000        0
                        64       0   0.000        0
                        65       0   0.000        0
                        66       0   0.000        0
                        67       0   0.000        0
                        68     443  72.725     3271
                        69       0   0.000        0
                        70      10   0.523       44
                        71     207  45.440      665
                        72     273  62.000      405
                        73       0   0.000        0
                        74     133  25.183      212
                        75     315  71.266      431
                        76     274  58.908      405
                        77       0   0.000        0
                        78       0   0.000        0
                        79     122  19.083      212
                        80     309  68.963      435
                        81     128  28.376      250
                        82       0   0.000      316
                        83     363  16.413      731
                        84       0   0.000        0
                        85     165  25.872      201
                        86     352  84.789      463
                        87     314  88.110      439
                        88       0   0.000        0
                        89       0   0.000        0
                        90     707 160.550     1581
                        91      29   5.248       54
                        92     386 105.477      463
                        93     304  73.771      405
                        94       0   0.000        0
                        95     151  26.257      211
                        96     336  82.798      439
                        97     331  71.780      439
                        98       0   0.000        0
                        99       0   0.000        0
                       100     261  44.972     1224
                       101      21   1.780       53
                       102     330  68.936      462
                       103     278  56.541      415
                       104       0   0.000        0
                       105     140  19.798      211
                       106     293  55.422      439
                       107     135  25.881      281
                       108       0   0.000      781
                       109     212  25.119      816
                       110       0   0.000        0
                       111     138  15.110      202
                       112     252  36.505      463
                       113     257  27.771      415
                       114       0   0.000        0
                       115      55   1.853      202
                       116     168  16.651      566
                       117      58   7.009      479
                       118       0   0.000        0
                       119       0   0.000        0
                       120     103   7.083     2273
                       121      32   1.330      646
                       122       2   0.110      256
                       123      10   0.798      602
                       124       8   2.807      244
                       125       1   0.028       27
                       126       1   0.073       15
                       127      47  46.138      179
                       128       0   0.000        0

Total tracks in x-direction: 32145, in y-direction: 38430

Logic area (in minimum width transistor areas, excludes I/Os and empty grid tiles)...
	Total logic block area (Warning, need to add pitch of routing to blocks with height > 3): 3.33158e+07
	Total used logic block area: 1.35245e+07

Routing area (in minimum width transistor areas)...
	Assuming no buffer sharing (pessimistic). Total: 7.52447e+13, per logic tile: 5.31014e+09
	Assuming buffer sharing (slightly optimistic). Total: 2.06364e+13, per logic tile: 1.45635e+09


Segment usage by type (index):               name type utilization
                               ------------------ ---- -----------
                                          unknown    1    0.000224
                                          VCC_NET    2           1
                                          GND_NET    3           1
                                        INPINFEED    4       0.107
                                          CLKFEED    5           0
                                       OUTPINFEED    6      0.0777
                                     BRAM_CASCADE    7       0.148
                                     BUFG_CASCADE    8           0
                                             GCLK    9           0
                                  GCLK_OUTPINFEED   10           0
                                   GCLK_INPINFEED   11           0
                                       HCLK_CK_IN   12           0
                                        BRAM_IMUX   13       0.183
                                     HCLK_COLUMNS   14           0
                                        HCLK_ROWS   15           0
                               HCLK_ROW_TO_COLUMN   16           0
                                  CCIO_OUTPINFEED   17       0.125
                                      CCIO_CLK_IN   18           0
                                   PLL_OUTPINFEED   19           0
                                    PLL_INPINFEED   20           0
                                         EL1BEG_N   21       0.172
                                           SE2BEG   22       0.185
                                         ER1BEG_S   23       0.136
                                           NW6BEG   24       0.102
                                           NL1BEG   25       0.224
                                               LH   26       0.037
                                           SE6BEG   27      0.0805
                                           NE2BEG   28       0.157
                                           SR1BEG   29        0.24
                                            BYP_L   30      0.0821
                                           ER1BEG   31       0.162
                                           SW2BEG   32       0.177
                                           WW4BEG   33       0.117
                                           SS2BEG   34       0.237
                                       BYP_BOUNCE   35      0.0811
                                          BYP_ALT   36       0.142
                                           SS6BEG   37       0.152
                                           EE4BEG   38       0.085
                                           NN6BEG   39       0.149
                                               LV   40      0.0944
                                           SW6BEG   41      0.0904
                                           NR1BEG   42       0.221
                                             GFAN   43       0.118
                                       FAN_BOUNCE   44       0.109
                                           EL1BEG   45        0.19
                                            FAN_L   46      0.0591
                                              LVB   47      0.0756
                                           WL1BEG   48       0.211
                                           WW2BEG   49       0.149
                                             LV_L   50        0.08
                                           NE6BEG   51      0.0718
                                           WR1BEG   52       0.186
                                          FAN_ALT   53       0.135
                                           NW2BEG   54       0.175
                                           SL1BEG   55       0.221
                                           NN2BEG   56       0.225
                                            LVB_L   57        0.08
                                           EE2BEG   58        0.13
                                         SR1BEG_S   59       0.199
                                         NL1BEG_N   60       0.211
                                         WR1BEG_S   61       0.136
                                         WL1BEG_N   62       0.181

Segment usage by length: length utilization
                         ------ -----------
                              1       0.107
                              2       0.211
                              3       0.174
                              4       0.185
                              5       0.148
                              6       0.156
                              7       0.149
                             10      0.0784
                             11       0.102
                             12       0.117
                             13      0.0778
                             14      0.0904
                             19       0.199
                             21       0.136
                             23           0
                             24           0
                             25           0
                             27           0
                             37           0
                             49       0.037
                             50      0.0872
                            224           1

Warning 701: 10 timing startpoints were not constrained during timing analysis
Warning 702: 8792 timing endpoints were not constrained during timing analysis

Final hold Worst Negative Slack (hWNS): 0 ns
Final hold Total Negative Slack (hTNS): 0 ns

Final hold slack histogram:
[  1.6e-09:  1.6e-09) 2 ( 40.0%) |*************************************************
[  1.6e-09:  1.7e-09) 1 ( 20.0%) |*************************
[  1.7e-09:  1.8e-09) 0 (  0.0%) |
[  1.8e-09:  1.9e-09) 1 ( 20.0%) |*************************
[  1.9e-09:  1.9e-09) 0 (  0.0%) |
[  1.9e-09:    2e-09) 0 (  0.0%) |
[    2e-09:  2.1e-09) 0 (  0.0%) |
[  2.1e-09:  2.2e-09) 0 (  0.0%) |
[  2.2e-09:  2.3e-09) 0 (  0.0%) |
[  2.3e-09:  2.3e-09) 1 ( 20.0%) |*************************

Final critical path delay (least slack): 5.13808 ns, Fmax: 194.625 MHz
Final setup Worst Negative Slack (sWNS): 0 ns
Final setup Total Negative Slack (sTNS): 0 ns

Final setup slack histogram:
[  2.9e-09:  3.1e-09) 1 ( 20.0%) |*************************
[  3.1e-09:  3.4e-09) 1 ( 20.0%) |*************************
[  3.4e-09:  3.6e-09) 1 ( 20.0%) |*************************
[  3.6e-09:  3.9e-09) 0 (  0.0%) |
[  3.9e-09:  4.2e-09) 0 (  0.0%) |
[  4.2e-09:  4.4e-09) 0 (  0.0%) |
[  4.4e-09:  4.7e-09) 0 (  0.0%) |
[  4.7e-09:  4.9e-09) 0 (  0.0%) |
[  4.9e-09:  5.2e-09) 0 (  0.0%) |
[  5.2e-09:  5.4e-09) 2 ( 40.0%) |*************************************************

Final geomean non-virtual intra-domain period: 5.13808 ns (194.625 MHz)
Final fanout-weighted geomean non-virtual intra-domain period: 5.13808 ns (194.625 MHz)

Incr Slack updates 1 in 0.000875279 sec
Full Max Req/Worst Slack updates 1 in 0.000102176 sec
Incr Max Req/Worst Slack updates 0 in 0 sec
Incr Criticality updates 0 in 0 sec
Full Criticality updates 1 in 0.000950525 sec
Flow timing analysis took 0.36255 seconds (0.298393 STA, 0.064157 slack) (24 full updates: 0 setup, 0 hold, 24 combined).
VPR succeeded
The entire flow of VPR took 203.00 seconds (max_rss 1955.8 MiB)
